{"schemaVersion":"1.0","appDefinitionTemplate":{"id":"/providers/Microsoft.PowerApps/apps/","type":"Microsoft.PowerApps/apps","tags":{"primaryDeviceWidth":"1366","primaryDeviceHeight":"768","supportsPortrait":"true","supportsLandscape":"true","primaryFormFactor":"Tablet","showStatusBar":"false","publisherVersion":"3.24074.14","minimumRequiredApiVersion":"2.2.0","hasComponent":"false","hasUnlockedComponent":"false","isUnifiedRootApp":"false","sienaVersion":"20240814T083452Z-3.24074.14.0"},"properties":{"appVersion":"2024-08-14T08:34:52Z","lifeCycleId":"Published","createdByClientVersion":{"major":3,"minor":24074,"build":14,"revision":0,"majorRevision":0,"minorRevision":0},"minClientVersion":{"major":3,"minor":24074,"build":14,"revision":0,"majorRevision":0,"minorRevision":0},"backgroundColor":"RGBA(0,176,240,1)","backgroundImageUri":"/13517646601152759307/N889d1eb2-2e6a-460b-b1d2-f199a8d2b94c-logoSmallFile","displayName":"Accessbot_test","description":"","commitMessage":"","appUris":{"documentUri":{"value":"/13517646601152759307/N124805a6-15ff-4799-ab75-f073a9aa8d3b-document.msapp"},"imageUris":[],"additionalUris":[{"isSolutionAware":false,"value":"/13517646601152759307/Nf737b143-b924-48fc-93eb-0922ae045d09-identity.json"}]},"createdTime":"0001-01-01T00:00:00Z","lastModifiedTime":"0001-01-01T00:00:00Z","sharedGroupsCount":0,"sharedUsersCount":0,"connectionReferences":{"69fafc95-4bde-48c9-a356-987f675673c0":{"id":"3877bccf-ad65-469b-9afd-16d81670a6fa","displayName":"Excel Online (Business)","iconUri":"https://connectoricons-prod.azureedge.net/u/jayawan/releases/v1.0.1694/1.0.1694.3753/excelonlinebusiness/icon.png","dataSources":["Report"],"dependencies":[],"dependents":[],"parameterHints":{},"parameterHintsV2":{},"isOnPremiseConnection":false,"bypassConsent":false,"dataSets":{"me,b%2521Hkb55U55YkWghh9LP56HjNG_MeejWPVCrzl7LHzofG0hz1GLaxrZQ5lgoC0b7GjP,014GGCKUDLMKNCOMKY6BAZ627ANSI5OTCU":{"dataSources":{"Report":{"tableName":"{4A64CF13-DABE-4783-942D-20649E55B2F0}"}}}},"apiTier":"Standard","isCustomApiConnection":false,"actions":["providers/PowerPlatform.Governance/Operations/Read"]}},"databaseReferences":{"default.cds":{"databaseDetails":{"referenceType":"Environmental","environmentName":"default.cds","overrideValues":{"status":"NotSpecified","environmentVariableName":""}},"dataSources":{"Access_AssignToOfferings":{"entitySetName":"cr536_access_assigntoofferings","logicalName":"cr536_access_assigntooffering","isHidden":false},"Access_Technicians":{"entitySetName":"cr536_access_technicianses","logicalName":"cr536_access_technicians","isHidden":false},"Access_Offerings":{"entitySetName":"cr536_access_offeringses","logicalName":"cr536_access_offerings","isHidden":false},"Access_Customers":{"entitySetName":"cr536_access_customers","logicalName":"cr536_access_customer","isHidden":false},"Access_Generals":{"entitySetName":"cr536_access_generals","logicalName":"cr536_access_general","isHidden":false},"Access_configurations":{"entitySetName":"cr536_access_configurations","logicalName":"cr536_access_configuration","isHidden":false}},"actions":["providers/PowerPlatform.Governance/Operations/Read","providers/PowerPlatform.Governance/Operations/Write","providers/PowerPlatform.Governance/Operations/Delete"]}},"almMode":"Environment","performanceOptimizationEnabled":false,"canConsumeAppPass":false,"enableModernRuntimeMode":false,"executionRestrictions":{"isTeamsOnly":false,"dataLossPreventionEvaluationResult":{"status":"Compliant","lastEvaluationDate":"2024-05-21T07:53:59.1920635Z","violations":[],"violationsByPolicy":[],"violationErrorMessage":"The app uses the following connectors: ."}}},"appType":"ClassicCanvasApp","appComponents":[]}}