{"name":"db725b3c-63b5-4197-b73a-902990ba402d","id":"/providers/Microsoft.Flow/flows/db725b3c-63b5-4197-b73a-902990ba402d","type":"Microsoft.Flow/flows","properties":{"apiId":"/providers/Microsoft.PowerApps/apis/shared_logicflows","displayName":"INC - mail notification","definition":{"metadata":{"workflowEntityId":null,"processAdvisorMetadata":null,"flowChargedByPaygo":null,"flowclientsuspensionreason":"None","flowclientsuspensiontime":null,"flowclientsuspensionreasondetails":null,"creator":{"id":"e4a4d628-d3bc-4a24-b1e7-5e275bf2ccf4","type":"User","tenantId":"f260df36-bc43-424c-8f44-c85226657b01"},"provisioningMethod":"FromDefinition","failureAlertSubscription":true,"clientLastModifiedTime":"2025-09-18T10:55:07.9589445Z","connectionKeySavedTimeKey":"2025-09-18T10:55:07.9589445Z","creationSource":null},"$schema":"https://schema.management.azure.com/providers/Microsoft.Logic/schemas/2016-06-01/workflowdefinition.json#","contentVersion":"1.0.0.0","parameters":{"$connections":{"defaultValue":{},"type":"Object"},"$authentication":{"defaultValue":{},"type":"SecureObject"}},"triggers":{"manual":{"metadata":{"operationMetadataId":"73aedf2f-b9d2-4d36-b24d-db9039ed7626"},"type":"Request","kind":"Button","inputs":{"schema":{"type":"object","properties":{},"required":[]}}}},"actions":{"LIST_AllTicketsTable":{"runAfter":{"Initialize_CurrentDate_variable":["Succeeded"]},"metadata":{"014GGCKUE6KCGO54AV6ZH2RJIWOGUQV53C":"/INC/Book.xlsx","operationMetadataId":"9a670cf2-7652-4bb8-bde1-139a43e208d3","tableId":"{61EB1E10-8100-46F4-829E-C5379F588382}","01GZZYBNMD4ZB4J5X5KRHLA4KBREYLPAGV":"/BOT Report (INC_SR 30_60_90 + weekly)/Book.xlsx","01GZZYBNO43WAQF5AQOJCY5CK6PSHAYYQA":"/BOT Report (INC_SR 30_60_90 + weekly)/[30][60][90] Incident list.xlsx"},"type":"OpenApiConnection","inputs":{"host":{"apiId":"/providers/Microsoft.PowerApps/apis/shared_excelonlinebusiness","connectionName":"shared_excelonlinebusiness","operationId":"GetItems"},"parameters":{"source":"me","drive":"b!VKMpyc6ypk24pMGTeB86PKNVwGFDxoFGn-HIO2WbEZ2Yt1X_ZBmwR4kgn_GM2-4Y","file":"01GZZYBNO43WAQF5AQOJCY5CK6PSHAYYQA","table":"{61EB1E10-8100-46F4-829E-C5379F588382}"},"authentication":{"value":"@json(decodeBase64(triggerOutputs().headers['X-MS-APIM-Tokens']))['$ConnectionKey']","type":"Raw"}}},"LIST_BOTCONFIG_TABLE":{"runAfter":{"LIST_AllTicketsTable":["Succeeded"]},"metadata":{"014GGCKUE6KCGO54AV6ZH2RJIWOGUQV53C":"/INC/Book.xlsx","operationMetadataId":"a561a6ad-efaa-4940-8d33-dcf2f184855a","tableId":"{AD668359-0715-46FA-9F7A-033D28DD5482}","01GZZYBNMD4ZB4J5X5KRHLA4KBREYLPAGV":"/BOT Report (INC_SR 30_60_90 + weekly)/Book.xlsx","01GZZYBNO43WAQF5AQOJCY5CK6PSHAYYQA":"/BOT Report (INC_SR 30_60_90 + weekly)/[30][60][90] Incident list.xlsx"},"type":"OpenApiConnection","inputs":{"host":{"apiId":"/providers/Microsoft.PowerApps/apis/shared_excelonlinebusiness","connectionName":"shared_excelonlinebusiness","operationId":"GetItems"},"parameters":{"source":"me","drive":"b!VKMpyc6ypk24pMGTeB86PKNVwGFDxoFGn-HIO2WbEZ2Yt1X_ZBmwR4kgn_GM2-4Y","file":"01GZZYBNO43WAQF5AQOJCY5CK6PSHAYYQA","table":"{AD668359-0715-46FA-9F7A-033D28DD5482}"},"authentication":{"value":"@json(decodeBase64(triggerOutputs().headers['X-MS-APIM-Tokens']))['$ConnectionKey']","type":"Raw"}}},"Initialize_TechnicianNameFromINC":{"runAfter":{"LIST_SDMsTABLE":["Succeeded"]},"metadata":{"operationMetadataId":"d15ce022-07fb-4f39-92e2-e8aa90ab8671"},"type":"InitializeVariable","inputs":{"variables":[{"name":"TechnicianNameFromINC","type":"string"}]}},"Initialize_TechnicianEmail_variable":{"runAfter":{"Initialize_TechnicianNameCONF_variable":["Succeeded"]},"metadata":{"operationMetadataId":"563d7f10-c3c3-49af-98ce-d56570047735"},"type":"InitializeVariable","inputs":{"variables":[{"name":"TechnicianEmail","type":"string"}]}},"Initialize_TechnicianNameCONF_variable":{"runAfter":{"Initialize_TechnicianNameFromSR_variable":["Succeeded"]},"metadata":{"operationMetadataId":"c1164950-855f-45d6-b5c5-0215f5ca8ade"},"type":"InitializeVariable","inputs":{"variables":[{"name":"TechnicianNameCONF","type":"string"}]}},"Initialize_IncitentNumber_variable":{"runAfter":{"Initialize_TechnicianEmail_variable":["Succeeded"]},"metadata":{"operationMetadataId":"28f90de0-2423-479c-a97a-26e7a5c0113f"},"type":"InitializeVariable","inputs":{"variables":[{"name":"IncitentNumber","type":"string"}]}},"Initialize_Summary_variable":{"runAfter":{"Initialize_IncitentNumber_variable":["Succeeded"]},"metadata":{"operationMetadataId":"6a499d10-145c-4759-9353-eb0a80b203fe"},"type":"InitializeVariable","inputs":{"variables":[{"name":"Summary","type":"string"}]}},"Initialize_Status_variable":{"runAfter":{"Initialize_Summary_variable":["Succeeded"]},"metadata":{"operationMetadataId":"2118acbf-356f-4cf0-b456-bd20d7d1731c"},"type":"InitializeVariable","inputs":{"variables":[{"name":"Status","type":"string"}]}},"Initialize_Created_variable":{"runAfter":{"Initialize_Status_variable":["Succeeded"]},"metadata":{"operationMetadataId":"9231c6cc-dff1-45aa-8755-763d7692fc61"},"type":"InitializeVariable","inputs":{"variables":[{"name":"Created","type":"string"}]}},"Initialize_DaysSinceCreation_variable":{"runAfter":{"Initialize_Created_variable":["Succeeded"]},"metadata":{"operationMetadataId":"60967fce-46e6-4254-bbe2-724d9552d456"},"type":"InitializeVariable","inputs":{"variables":[{"name":"DaysSinceCreation","type":"string"}]}},"Initialize_LastUpdate_variable":{"runAfter":{"Initialize_DaysSinceCreation_variable":["Succeeded"]},"metadata":{"operationMetadataId":"18effc35-a0a9-436c-b364-ae1f3faba0d3"},"type":"InitializeVariable","inputs":{"variables":[{"name":"LastUpdate","type":"string"}]}},"Initialize_DaysSinceLastUpdate_variable":{"runAfter":{"Initialize_LastUpdate_variable":["Succeeded"]},"metadata":{"operationMetadataId":"c9ea1861-0e49-4c6c-9eb7-024cb44d50e3"},"type":"InitializeVariable","inputs":{"variables":[{"name":"DaysSinceLastUpdate","type":"string"}]}},"Initialize_LastUpdateContent_variable":{"runAfter":{"Initialize_DaysSinceLastUpdate_variable":["Succeeded"]},"metadata":{"operationMetadataId":"8c77f59d-7ff8-49ec-893e-ba164d88c83a"},"type":"InitializeVariable","inputs":{"variables":[{"name":"LastUpdateContent","type":"string"}]}},"Apply_to_each":{"foreach":"@outputs('LIST_BOTCONFIG_TABLE')?['body/value']","actions":{"Set_variable":{"runAfter":{},"metadata":{"operationMetadataId":"1a15a3e3-49d3-43df-bf0d-b97c49bf50ec"},"type":"SetVariable","inputs":{"name":"TechnicianNameCONF","value":"@items('Apply_to_each')?['Name']"}},"INCTable_filtered":{"runAfter":{"Set_variable_12":["Succeeded"]},"metadata":{"014GGCKUE6KCGO54AV6ZH2RJIWOGUQV53C":"/INC/Book.xlsx","operationMetadataId":"0ac41c1c-5665-44df-9a4b-5a0644964515","tableId":"{61EB1E10-8100-46F4-829E-C5379F588382}","01GZZYBNMD4ZB4J5X5KRHLA4KBREYLPAGV":"/BOT Report (INC_SR 30_60_90 + weekly)/Book.xlsx","01GZZYBNO43WAQF5AQOJCY5CK6PSHAYYQA":"/BOT Report (INC_SR 30_60_90 + weekly)/[30][60][90] Incident list.xlsx"},"type":"OpenApiConnection","inputs":{"host":{"apiId":"/providers/Microsoft.PowerApps/apis/shared_excelonlinebusiness","connectionName":"shared_excelonlinebusiness","operationId":"GetItems"},"parameters":{"source":"me","drive":"b!VKMpyc6ypk24pMGTeB86PKNVwGFDxoFGn-HIO2WbEZ2Yt1X_ZBmwR4kgn_GM2-4Y","file":"01GZZYBNO43WAQF5AQOJCY5CK6PSHAYYQA","table":"{61EB1E10-8100-46F4-829E-C5379F588382}","$filter":"TicketOwner eq '@{variables('TechnicianNameCONFFROMSNOW')}'"},"authentication":{"value":"@json(decodeBase64(triggerOutputs().headers['X-MS-APIM-Tokens']))['$ConnectionKey']","type":"Raw"}}},"Set_variable_3":{"runAfter":{"Set_variable_8":["Succeeded"]},"metadata":{"operationMetadataId":"f8bbb69c-7c94-45f9-9f10-edd0cd42cb8c"},"type":"SetVariable","inputs":{"name":"INCNumberArray","value":"@{null}"}},"Set_variable_6":{"runAfter":{"Set_variable_3":["Succeeded"]},"metadata":{"operationMetadataId":"a8347ad3-ab20-4e95-a0ba-d30d241a7a88"},"type":"SetVariable","inputs":{"name":"SRNumberArray","value":"@{null}"}},"Apply_to_each_per_INC":{"foreach":"@outputs('INCTable_filtered')?['body/value']","actions":{"Condition_2":{"actions":{"Set_variable_4":{"runAfter":{},"metadata":{"operationMetadataId":"4321cc92-7aaa-4c11-ada6-e48e58cd94d4"},"type":"SetVariable","inputs":{"name":"IncitentNumber","value":"@items('Apply_to_each_per_INC')?['Incident Number']"}},"Set_variable_27":{"runAfter":{"Set_variable_14":["Succeeded"]},"metadata":{"operationMetadataId":"562ea2f6-0215-4609-8733-d3cd18c78fbc"},"type":"SetVariable","inputs":{"name":"IncidentType","value":"@items('Apply_to_each_per_INC')?['IncidentType']"}},"Switch_3":{"runAfter":{"Set_variable_16":["Succeeded"]},"cases":{"INC":{"case":"INC","actions":{"Append_to_string_variable_3":{"runAfter":{"Append_to_string_variable":["Succeeded"]},"metadata":{"operationMetadataId":"0c7481a2-7468-427a-9ca8-cbed76e06982"},"type":"AppendToStringVariable","inputs":{"name":"INCNumberArrayEmail","value":"@{variables('IncitentNumber')} @{variables('Summary')} - Elapsed time: @{items('Apply_to_each_per_INC')?['Days since creation']}, Days since last update: @{items('Apply_to_each_per_INC')?['Days since last update']}, <br>\n<br>"}},"Append_to_array_variable":{"runAfter":{"Append_to_string_variable_3":["Succeeded"]},"metadata":{"operationMetadataId":"409998ba-fdac-4161-9c59-1e371c172c3c"},"type":"AppendToArrayVariable","inputs":{"name":"AllDaysSinceCreation","value":"@int(items('Apply_to_each_per_INC')?['Days since creation'])"}},"List_rows_present_in_a_table_2":{"runAfter":{"Append_to_array_variable":["Succeeded"]},"metadata":{"01GZZYBNO43WAQF5AQOJCY5CK6PSHAYYQA":"/BOT Report (INC_SR 30_60_90 + weekly)/[30][60][90] Incident list.xlsx","operationMetadataId":"5532de80-cb98-4426-82fe-1024e1165934","tableId":"{83173EB1-085E-4C0F-A341-EB5968ED3F62}"},"type":"OpenApiConnection","inputs":{"host":{"apiId":"/providers/Microsoft.PowerApps/apis/shared_excelonlinebusiness","connectionName":"shared_excelonlinebusiness_2","operationId":"GetItems"},"parameters":{"source":"me","drive":"b!VKMpyc6ypk24pMGTeB86PKNVwGFDxoFGn-HIO2WbEZ2Yt1X_ZBmwR4kgn_GM2-4Y","file":"01GZZYBNO43WAQF5AQOJCY5CK6PSHAYYQA","table":"{83173EB1-085E-4C0F-A341-EB5968ED3F62}","$filter":"Customer eq '@{variables('CustomerFromMainTable')}'"},"authentication":{"value":"@json(decodeBase64(triggerOutputs().headers['X-MS-APIM-Tokens']))['$ConnectionKey']","type":"Raw"}}},"Apply_to_each_2":{"foreach":"@outputs('List_rows_present_in_a_table_2')?['body/value']","actions":{"Append_to_string_variable_5":{"runAfter":{},"metadata":{"operationMetadataId":"d233e29d-ef67-4e54-96a1-d29c7f074679"},"type":"AppendToStringVariable","inputs":{"name":"SDM","value":"@{items('Apply_to_each_2')?['SDM']};"}}},"runAfter":{"List_rows_present_in_a_table_2":["Succeeded"]},"metadata":{"operationMetadataId":"060b3faa-bdfa-41e7-87dc-3f4ab33b76b7"},"type":"Foreach"},"Append_to_string_variable":{"runAfter":{},"metadata":{"operationMetadataId":"e474d184-598b-475f-b3dd-c7512f048430"},"type":"AppendToStringVariable","inputs":{"name":"INCNumberArray","value":"@{variables('IncitentNumber')} @{variables('Summary')} - Elapsed time: @{items('Apply_to_each_per_INC')?['Days since creation']}, Days since last update: @{items('Apply_to_each_per_INC')?['Days since last update']},\n\n"}}}},"SR":{"case":"SR","actions":{"Append_to_string_variable_2":{"runAfter":{},"metadata":{"operationMetadataId":"e474d184-598b-475f-b3dd-c7512f048430"},"type":"AppendToStringVariable","inputs":{"name":"SRNumberArray","value":"@{variables('IncitentNumber')} @{variables('Summary')} - Elapsed time:@{items('Apply_to_each_per_INC')?['Days since creation']}, Days since last update: @{items('Apply_to_each_per_INC')?['Days since last update']},\n\n"}},"Append_to_string_variable_4":{"runAfter":{"Append_to_string_variable_2":["Succeeded"]},"metadata":{"operationMetadataId":"67d2946e-1857-415a-b1c2-ca836c1dfb55"},"type":"AppendToStringVariable","inputs":{"name":"SRNumberArrayEmail","value":"@{variables('IncitentNumber')} @{variables('Summary')} - Elapsed time: @{items('Apply_to_each_per_INC')?['Days since creation']}, Days since last update: @{items('Apply_to_each_per_INC')?['Days since last update']},<br>\n<br>"}},"Append_to_array_variable_2":{"runAfter":{"Append_to_string_variable_4":["Succeeded"]},"metadata":{"operationMetadataId":"4bbd9438-7e12-4206-8527-3046c3ae70e0"},"type":"AppendToArrayVariable","inputs":{"name":"AllDaysSinceCreation","value":"@int(items('Apply_to_each_per_INC')?['Days since creation'])"}},"List_rows_present_in_a_table_3":{"runAfter":{"Append_to_array_variable_2":["Succeeded"]},"metadata":{"01GZZYBNO43WAQF5AQOJCY5CK6PSHAYYQA":"/BOT Report (INC_SR 30_60_90 + weekly)/[30][60][90] Incident list.xlsx","operationMetadataId":"f6ab1add-42a8-461b-ab5a-020ed10e388c","tableId":"{83173EB1-085E-4C0F-A341-EB5968ED3F62}"},"type":"OpenApiConnection","inputs":{"host":{"apiId":"/providers/Microsoft.PowerApps/apis/shared_excelonlinebusiness","connectionName":"shared_excelonlinebusiness_2","operationId":"GetItems"},"parameters":{"source":"me","drive":"b!VKMpyc6ypk24pMGTeB86PKNVwGFDxoFGn-HIO2WbEZ2Yt1X_ZBmwR4kgn_GM2-4Y","file":"01GZZYBNO43WAQF5AQOJCY5CK6PSHAYYQA","table":"{83173EB1-085E-4C0F-A341-EB5968ED3F62}","$filter":"Customer eq '@{variables('CustomerFromMainTable')}'"},"authentication":{"value":"@json(decodeBase64(triggerOutputs().headers['X-MS-APIM-Tokens']))['$ConnectionKey']","type":"Raw"}}},"Apply_to_each_3":{"foreach":"@outputs('List_rows_present_in_a_table_3')?['body/value']","actions":{"Append_to_string_variable_6":{"runAfter":{},"metadata":{"operationMetadataId":"e684752c-ffbf-4e59-baf0-507b383522f7"},"type":"AppendToStringVariable","inputs":{"name":"SDM","value":"@{items('Apply_to_each_3')?['SDM']};"}}},"runAfter":{"List_rows_present_in_a_table_3":["Succeeded"]},"metadata":{"operationMetadataId":"8aabfadb-e3ca-4e8c-a903-16a9a7cdb180"},"type":"Foreach"}}}},"default":{"actions":{}},"expression":"@variables('IncidentType')","metadata":{"operationMetadataId":"88ae538a-66d2-4c87-8e03-7cc97fcc1898"},"type":"Switch"},"Set_variable_14":{"runAfter":{"Set_variable_4":["Succeeded"]},"metadata":{"operationMetadataId":"bc38ff11-3306-4db2-9f01-b1cd9fd370f3"},"type":"SetVariable","inputs":{"name":"Summary","value":"@items('Apply_to_each_per_INC')?['Summary']"}},"Set_variable_16":{"runAfter":{"Set_variable_27":["Succeeded"]},"metadata":{"operationMetadataId":"6798aea6-07f5-439e-9426-69d5ec783676"},"type":"SetVariable","inputs":{"name":"CustomerFromMainTable","value":"@items('Apply_to_each_per_INC')?['Customer']"}}},"runAfter":{"Set_variable_11":["Succeeded"]},"expression":{"equals":["@variables('TechnicianNameCONFFROMSNOW')","@variables('TechnicianNameFromINC')"]},"metadata":{"operationMetadataId":"eff8e16e-3882-4c36-bb01-d0181d6d6a0c"},"type":"If"},"Set_variable_11":{"runAfter":{"Set_variable_2":["Succeeded"]},"metadata":{"operationMetadataId":"03b307f9-72c4-4302-bc42-2a69d3290e72"},"type":"SetVariable","inputs":{"name":"IncidentType","value":"@items('Apply_to_each_per_INC')?['IncidentType']"}},"Set_variable_24":{"runAfter":{},"metadata":{"operationMetadataId":"16c44ffb-4ba6-47e6-b05d-e5922536c9df"},"type":"SetVariable","inputs":{"name":"IncidentType","value":"@{null}"}},"Set_variable_2":{"runAfter":{"Set_variable_24":["Succeeded"]},"metadata":{"operationMetadataId":"a889e46f-be9c-4751-8d7c-82381c1c2774"},"type":"SetVariable","inputs":{"name":"TechnicianNameFromINC","value":"@items('Apply_to_each_per_INC')?['TicketOwner']"}}},"runAfter":{"INCTable_filtered":["Succeeded"]},"metadata":{"operationMetadataId":"c4bc46e5-c6ef-4a67-b805-1af4cdc8b4b4"},"type":"Foreach"},"Set_variable_8":{"runAfter":{"BotConfig_filtered":["Succeeded"]},"metadata":{"operationMetadataId":"12806d5a-299e-44a8-9e9a-9bf7032c4f6d"},"type":"SetVariable","inputs":{"name":"TechnicianEmail","value":"@items('Apply_to_each')?['Email']"}},"Set_variable_9":{"runAfter":{"Set_variable_6":["Succeeded"]},"metadata":{"operationMetadataId":"d5a2bb80-a510-4edf-9cb8-5b8e93e83cb3"},"type":"SetVariable","inputs":{"name":"INCNumberArrayEmail","value":"@{null}"}},"BotConfig_filtered":{"runAfter":{"Set_variable_13":["Succeeded"]},"metadata":{"01GZZYBNMD4ZB4J5X5KRHLA4KBREYLPAGV":"/BOT Report (INC_SR 30_60_90 + weekly)/Book.xlsx","operationMetadataId":"8861022c-3097-42ed-af02-c585b29bc885","tableId":"{AD668359-0715-46FA-9F7A-033D28DD5482}","01GZZYBNO43WAQF5AQOJCY5CK6PSHAYYQA":"/BOT Report (INC_SR 30_60_90 + weekly)/[30][60][90] Incident list.xlsx"},"type":"OpenApiConnection","inputs":{"host":{"apiId":"/providers/Microsoft.PowerApps/apis/shared_excelonlinebusiness","connectionName":"shared_excelonlinebusiness","operationId":"GetItems"},"parameters":{"source":"me","drive":"b!VKMpyc6ypk24pMGTeB86PKNVwGFDxoFGn-HIO2WbEZ2Yt1X_ZBmwR4kgn_GM2-4Y","file":"01GZZYBNO43WAQF5AQOJCY5CK6PSHAYYQA","table":"{AD668359-0715-46FA-9F7A-033D28DD5482}","$filter":"Name eq '@{variables('TechnicianNameCONF')}'"},"authentication":{"value":"@json(decodeBase64(triggerOutputs().headers['X-MS-APIM-Tokens']))['$ConnectionKey']","type":"Raw"}}},"Condition_3":{"actions":{"CheckMaxDaysSinceCreation":{"runAfter":{},"metadata":{"operationMetadataId":"dbacfaa6-3310-4a06-b491-aa05cd9484c9"},"type":"Compose","inputs":"@max(variables('AllDaysSinceCreation'))"},"Per_manager":{"foreach":"@outputs('BotConfig_filtered')?['body/value']","actions":{"Set_Manager_variable":{"runAfter":{},"metadata":{"operationMetadataId":"0a8f1f4e-90b2-4ae0-9bee-23996eec563c"},"type":"SetVariable","inputs":{"name":"Manager","value":"@items('Per_manager')?['Manager']"}},"IF_DaysSinceCreation_-lt_30":{"actions":{"Switch":{"runAfter":{},"cases":{"Natalia_Stawiarska":{"case":"Natalia Stawiarska","actions":{"Add_a_row_into_a_table":{"runAfter":{},"metadata":{"014GGCKUE6KCGO54AV6ZH2RJIWOGUQV53C":"/INC/Book.xlsx","operationMetadataId":"03ab9eee-8c8c-4dd5-b069-e72323a950e2","tableId":"{474298BF-5453-4387-B3A1-EC0103254707}","01GZZYBNMD4ZB4J5X5KRHLA4KBREYLPAGV":"/BOT Report (INC_SR 30_60_90 + weekly)/Book.xlsx","01GZZYBNO43WAQF5AQOJCY5CK6PSHAYYQA":"/BOT Report (INC_SR 30_60_90 + weekly)/[30][60][90] Incident list.xlsx"},"type":"OpenApiConnection","inputs":{"host":{"apiId":"/providers/Microsoft.PowerApps/apis/shared_excelonlinebusiness","connectionName":"shared_excelonlinebusiness","operationId":"AddRowV2"},"parameters":{"source":"me","drive":"b!VKMpyc6ypk24pMGTeB86PKNVwGFDxoFGn-HIO2WbEZ2Yt1X_ZBmwR4kgn_GM2-4Y","file":"01GZZYBNO43WAQF5AQOJCY5CK6PSHAYYQA","table":"{474298BF-5453-4387-B3A1-EC0103254707}","item/Email":"@variables('TechnicianEmail')","item/Content":"Hi @{variables('TechnicianNameCONF')},\nList of all tickets assigned to you in ServiceNOW (https://kyndrylus.service-now.com/):\n\nIncidents:\n@{variables('INCNumberArray')}\nEMAIL:\n@{variables('INCNumberArrayEmail')}\nService Requests:\n@{variables('SRNumberArray')}\nEMAIL:\n@{variables('SRNumberArrayEmail')}\nKindly update the ticket as soon as possible.\nBest regards Incident/Problem Managers","item/CC":"krzysztof.jarzabek@kyndryl.com;","item/Send date":"@variables('CurrentDate')"},"authentication":{"value":"@json(decodeBase64(triggerOutputs().headers['X-MS-APIM-Tokens']))['$ConnectionKey']","type":"Raw"}}},"Send_an_email_(V2)":{"runAfter":{"Add_a_row_into_a_table":["Succeeded"]},"metadata":{"operationMetadataId":"d172caf5-b789-4e2d-93b6-04c169f5c19a"},"type":"OpenApiConnection","inputs":{"host":{"apiId":"/providers/Microsoft.PowerApps/apis/shared_office365","connectionName":"shared_office365","operationId":"SendEmailV2"},"parameters":{"emailMessage/To":"@variables('TechnicianEmail')","emailMessage/Subject":"[Reminder] ServiceNOW ticket status","emailMessage/Body":"<p>Hi @{variables('TechnicianNameCONF')},<br>\nList of all tickets assigned to you in ServiceNOW (https://kyndrylus.service-now.com/):<br>\n<br>\nIncidents:<br>\n@{variables('INCNumberArrayEmail')}<br>\nService Requests:<br>\n@{variables('SRNumberArrayEmail')}<br>\nKindly update the ticket as soon as possible.<br>\n<br>\nBest regards Problem/Incident Managers.</p>","emailMessage/From":"irs-incident-management@kyndryl.com","emailMessage/Cc":"oliwia.mis@kyndryl.com;Patrycja.Bejgier@kyndryl.com;Adam.Wolf@kyndryl.com;Krzysztof.Jarzabek@kyndryl.com;Natalia.Stawiarska@kyndryl.com","emailMessage/Importance":"Normal"},"authentication":{"value":"@json(decodeBase64(triggerOutputs().headers['X-MS-APIM-Tokens']))['$ConnectionKey']","type":"Raw"}}}}},"Ewa_Hałat":{"case":"Ewa Hałat","actions":{"Add_a_row_into_a_table_2":{"runAfter":{},"metadata":{"01GZZYBNMD4ZB4J5X5KRHLA4KBREYLPAGV":"/BOT Report (INC_SR 30_60_90 + weekly)/Book.xlsx","operationMetadataId":"fec799ed-9daf-4f9d-a932-a6cf66309ca5","tableId":"{474298BF-5453-4387-B3A1-EC0103254707}","01GZZYBNO43WAQF5AQOJCY5CK6PSHAYYQA":"/BOT Report (INC_SR 30_60_90 + weekly)/[30][60][90] Incident list.xlsx"},"type":"OpenApiConnection","inputs":{"host":{"apiId":"/providers/Microsoft.PowerApps/apis/shared_excelonlinebusiness","connectionName":"shared_excelonlinebusiness","operationId":"AddRowV2"},"parameters":{"source":"me","drive":"b!VKMpyc6ypk24pMGTeB86PKNVwGFDxoFGn-HIO2WbEZ2Yt1X_ZBmwR4kgn_GM2-4Y","file":"01GZZYBNO43WAQF5AQOJCY5CK6PSHAYYQA","table":"{474298BF-5453-4387-B3A1-EC0103254707}","item/Email":"@variables('TechnicianEmail')","item/Content":"Hi @{variables('TechnicianNameCONF')},\nList of all tickets assigned to you in ServiceNOW (https://kyndrylus.service-now.com/):\n\nIncidents:\n@{variables('INCNumberArray')}\nEMAIL:\n@{variables('INCNumberArrayEmail')}\nService Requests:\n@{variables('SRNumberArray')}\nEMAIL:\n@{variables('SRNumberArrayEmail')}\nKindly update the ticket as soon as possible.\nBest regards Incident/Problem Managers","item/CC":"ewa.halat@kyndryl.com; ","item/Send date":"@variables('CurrentDate')"},"authentication":{"value":"@json(decodeBase64(triggerOutputs().headers['X-MS-APIM-Tokens']))['$ConnectionKey']","type":"Raw"}}},"Send_an_email_(V2)_2":{"runAfter":{"Add_a_row_into_a_table_2":["Succeeded"]},"metadata":{"operationMetadataId":"c2729abd-7894-4a6e-a1e3-bcaac34964f2"},"type":"OpenApiConnection","inputs":{"host":{"apiId":"/providers/Microsoft.PowerApps/apis/shared_office365","connectionName":"shared_office365","operationId":"SendEmailV2"},"parameters":{"emailMessage/To":"@variables('TechnicianEmail')","emailMessage/Subject":"[Reminder] ServiceNOW ticket status","emailMessage/Body":"<p>Hi @{variables('TechnicianNameCONF')},<br>\nList of all tickets assigned to you in ServiceNOW (https://kyndrylus.service-now.com/):<br>\n<br>\nIncidents:<br>\n@{variables('INCNumberArrayEmail')}<br>\nService Requests:<br>\n@{variables('SRNumberArrayEmail')}<br>\nKindly update the ticket as soon as possible.<br>\n<br>\nBest regards Problem/Incident Managers.</p>","emailMessage/From":"irs-incident-management@kyndryl.com","emailMessage/Cc":"oliwia.mis@kyndryl.com;Patrycja.Bejgier@kyndryl.com;Adam.Wolf@kyndryl.com;Ewa.Halat@kyndryl.com;Krzysztof.Jarzabek@kyndryl.com","emailMessage/Importance":"Normal"},"authentication":{"value":"@json(decodeBase64(triggerOutputs().headers['X-MS-APIM-Tokens']))['$ConnectionKey']","type":"Raw"}}}}},"Katarzyna_Kempa":{"case":"Katarzyna Kempa","actions":{"Add_a_row_into_a_table_3":{"runAfter":{},"metadata":{"01GZZYBNMD4ZB4J5X5KRHLA4KBREYLPAGV":"/BOT Report (INC_SR 30_60_90 + weekly)/Book.xlsx","operationMetadataId":"b52c1cc1-03bc-43db-8a58-0b5e3853604f","tableId":"{474298BF-5453-4387-B3A1-EC0103254707}","01GZZYBNO43WAQF5AQOJCY5CK6PSHAYYQA":"/BOT Report (INC_SR 30_60_90 + weekly)/[30][60][90] Incident list.xlsx"},"type":"OpenApiConnection","inputs":{"host":{"apiId":"/providers/Microsoft.PowerApps/apis/shared_excelonlinebusiness","connectionName":"shared_excelonlinebusiness","operationId":"AddRowV2"},"parameters":{"source":"me","drive":"b!VKMpyc6ypk24pMGTeB86PKNVwGFDxoFGn-HIO2WbEZ2Yt1X_ZBmwR4kgn_GM2-4Y","file":"01GZZYBNO43WAQF5AQOJCY5CK6PSHAYYQA","table":"{474298BF-5453-4387-B3A1-EC0103254707}","item/Email":"@variables('TechnicianEmail')","item/Content":"Hi @{variables('TechnicianNameCONF')},\nList of all tickets assigned to you in ServiceNOW (https://kyndrylus.service-now.com/):\n\nIncidents:\n@{variables('INCNumberArray')}\nEMAIL:\n@{variables('INCNumberArrayEmail')}\nService Requests:\n@{variables('SRNumberArray')}\nEMAIL:\n@{variables('SRNumberArrayEmail')}\nKindly update the ticket as soon as possible.\nBest regards Incident/Problem Managers","item/Send date":"@variables('CurrentDate')"},"authentication":{"value":"@json(decodeBase64(triggerOutputs().headers['X-MS-APIM-Tokens']))['$ConnectionKey']","type":"Raw"}}},"Send_an_email_(V2)_3":{"runAfter":{"Add_a_row_into_a_table_3":["Succeeded"]},"metadata":{"operationMetadataId":"0b57d3c8-27f0-44ac-b1e4-2a8fbf49babe"},"type":"OpenApiConnection","inputs":{"host":{"apiId":"/providers/Microsoft.PowerApps/apis/shared_office365","connectionName":"shared_office365","operationId":"SendEmailV2"},"parameters":{"emailMessage/To":"@variables('TechnicianEmail')","emailMessage/Subject":"[Reminder] ServiceNOW ticket status","emailMessage/Body":"<p>Hi @{variables('TechnicianNameCONF')},<br>\nList of all tickets assigned to you in ServiceNOW (https://kyndrylus.service-now.com/):<br>\n<br>\nIncidents:<br>\n@{variables('INCNumberArrayEmail')}<br>\nService Requests:<br>\n@{variables('SRNumberArrayEmail')}<br>\nKindly update the ticket as soon as possible.<br>\n<br>\nBest regards Problem/Incident Managers.</p>","emailMessage/From":"irs-incident-management@kyndryl.com","emailMessage/Cc":"oliwia.mis@kyndryl.com;Patrycja.Bejgier@kyndryl.com;Adam.Wolf@kyndryl.com;Katarzyna.Kempa@kyndryl.com","emailMessage/Importance":"Normal"},"authentication":{"value":"@json(decodeBase64(triggerOutputs().headers['X-MS-APIM-Tokens']))['$ConnectionKey']","type":"Raw"}}}}},"Olga_Góralewska":{"case":"Olga Góralewska","actions":{"Add_a_row_into_a_table_4":{"runAfter":{},"metadata":{"01GZZYBNMD4ZB4J5X5KRHLA4KBREYLPAGV":"/BOT Report (INC_SR 30_60_90 + weekly)/Book.xlsx","operationMetadataId":"736f5816-fde9-4bb7-8343-7e9336cb35af","tableId":"{474298BF-5453-4387-B3A1-EC0103254707}","01GZZYBNO43WAQF5AQOJCY5CK6PSHAYYQA":"/BOT Report (INC_SR 30_60_90 + weekly)/[30][60][90] Incident list.xlsx"},"type":"OpenApiConnection","inputs":{"host":{"apiId":"/providers/Microsoft.PowerApps/apis/shared_excelonlinebusiness","connectionName":"shared_excelonlinebusiness","operationId":"AddRowV2"},"parameters":{"source":"me","drive":"b!VKMpyc6ypk24pMGTeB86PKNVwGFDxoFGn-HIO2WbEZ2Yt1X_ZBmwR4kgn_GM2-4Y","file":"01GZZYBNO43WAQF5AQOJCY5CK6PSHAYYQA","table":"{474298BF-5453-4387-B3A1-EC0103254707}","item/Email":"@variables('TechnicianEmail')","item/Content":"Hi @{variables('TechnicianNameCONF')},\nList of all tickets assigned to you in ServiceNOW (https://kyndrylus.service-now.com/):\n\nIncidents:\n@{variables('INCNumberArray')}\nEMAIL:\n@{variables('INCNumberArrayEmail')}\nService Requests:\n@{variables('SRNumberArray')}\nEMAIL:\n@{variables('SRNumberArrayEmail')}\nKindly update the ticket as soon as possible.\nBest regards Incident/Problem Managers","item/Send date":"@variables('CurrentDate')"},"authentication":{"value":"@json(decodeBase64(triggerOutputs().headers['X-MS-APIM-Tokens']))['$ConnectionKey']","type":"Raw"}}},"Send_an_email_(V2)_4":{"runAfter":{"Add_a_row_into_a_table_4":["Succeeded"]},"metadata":{"operationMetadataId":"290f0a34-254d-47da-8f47-9492c574427d"},"type":"OpenApiConnection","inputs":{"host":{"apiId":"/providers/Microsoft.PowerApps/apis/shared_office365","connectionName":"shared_office365","operationId":"SendEmailV2"},"parameters":{"emailMessage/To":"@variables('TechnicianEmail')","emailMessage/Subject":"[Reminder] ServiceNOW ticket status","emailMessage/Body":"<p>Hi @{variables('TechnicianNameCONF')},<br>\nList of all tickets assigned to you in ServiceNOW (https://kyndrylus.service-now.com/):<br>\n<br>\nIncidents:<br>\n@{variables('INCNumberArrayEmail')}<br>\nService Requests:<br>\n@{variables('SRNumberArrayEmail')}<br>\nKindly update the ticket as soon as possible.<br>\n<br>\nBest regards Problem/Incident Managers.</p>","emailMessage/From":"irs-incident-management@kyndryl.com","emailMessage/Cc":"oliwia.mis@kyndryl.com;Patrycja.Bejgier@kyndryl.com;Adam.Wolf@kyndryl.com;Olga.Goralewska@kyndryl.com","emailMessage/Importance":"Normal"},"authentication":{"value":"@json(decodeBase64(triggerOutputs().headers['X-MS-APIM-Tokens']))['$ConnectionKey']","type":"Raw"}}}}}},"default":{"actions":{}},"expression":"@variables('Manager')","metadata":{"operationMetadataId":"fe4b85d0-7b2e-46c7-82e1-74fe7061d859"},"type":"Switch"}},"runAfter":{"Set_Manager_variable":["Succeeded"]},"expression":{"lessOrEquals":["@outputs('CheckMaxDaysSinceCreation')",29]},"metadata":{"operationMetadataId":"df61ef3d-4a72-4972-ac77-d5352c12e726"},"type":"If"},"IF_DaysSinceCreation_-gt_30":{"actions":{"Switch_2":{"runAfter":{},"cases":{"Natalia_Stawiarska":{"case":"Natalia Stawiarska","actions":{"Add_a_row_into_a_table_5":{"runAfter":{},"metadata":{"01GZZYBNMD4ZB4J5X5KRHLA4KBREYLPAGV":"/BOT Report (INC_SR 30_60_90 + weekly)/Book.xlsx","operationMetadataId":"9bfb22ef-556d-40df-a351-0dcd985299f7","tableId":"{474298BF-5453-4387-B3A1-EC0103254707}","01GZZYBNO43WAQF5AQOJCY5CK6PSHAYYQA":"/BOT Report (INC_SR 30_60_90 + weekly)/[30][60][90] Incident list.xlsx"},"type":"OpenApiConnection","inputs":{"host":{"apiId":"/providers/Microsoft.PowerApps/apis/shared_excelonlinebusiness","connectionName":"shared_excelonlinebusiness","operationId":"AddRowV2"},"parameters":{"source":"me","drive":"b!VKMpyc6ypk24pMGTeB86PKNVwGFDxoFGn-HIO2WbEZ2Yt1X_ZBmwR4kgn_GM2-4Y","file":"01GZZYBNO43WAQF5AQOJCY5CK6PSHAYYQA","table":"{474298BF-5453-4387-B3A1-EC0103254707}","item/Email":"@variables('TechnicianEmail')","item/Content":"Hi @{variables('TechnicianNameCONF')},\nYou have one or more tickets assigned to you that have exceeded 30, 60, or 90 days. Please ensure each ticket has a current update and includes the following information:\nAction on: (Team name)\nTo be done: (list everything that needs to be done - reason why the ticket is on hold)\nReminder sent: (N/A or date)\n\nIncidents:\n@{variables('INCNumberArray')}\nEMAIL:\n@{variables('INCNumberArrayEmail')}\n\nService Requests:\n@{variables('SRNumberArray')}\nEMAIL:\n@{variables('SRNumberArrayEmail')}\nKindly update the ticket as soon as possible.\nBest regards Incident/Problem Managers","item/CC":"krzysztof.jarzabek@kyndryl.com;@{outputs('JoinFinalEmails')}","item/Send date":"@variables('CurrentDate')"},"authentication":{"value":"@json(decodeBase64(triggerOutputs().headers['X-MS-APIM-Tokens']))['$ConnectionKey']","type":"Raw"}}},"Send_an_email_(V2)_5":{"runAfter":{"Add_a_row_into_a_table_5":["Succeeded"]},"metadata":{"operationMetadataId":"60e1eb78-aa2f-4f68-b044-1ab7a7207486"},"type":"OpenApiConnection","inputs":{"host":{"apiId":"/providers/Microsoft.PowerApps/apis/shared_office365","connectionName":"shared_office365","operationId":"SendEmailV2"},"parameters":{"emailMessage/To":"@variables('TechnicianEmail')","emailMessage/Subject":"[Reminder] ServiceNOW ticket status","emailMessage/Body":"<p>Hi @{variables('TechnicianNameCONF')},<br>\nYou have one or more tickets assigned to you that have exceeded 30, 60, or 90 days. Please ensure each ticket has a current update and includes the following information:<br>\nAction on: (Team name)<br>\nTo be done: (list everything that needs to be done - reason why the ticket is on hold)<br>\nReminder sent: (N/A or date)<br>\n<br>\nIncidents:<br>\n@{variables('INCNumberArrayEmail')}<br>\nService Requests:<br>\n@{variables('SRNumberArrayEmail')}<br>\nKindly update the ticket as soon as possible.<br>\nBest regards Incident/Problem Managers</p>","emailMessage/From":"irs-incident-management@kyndryl.com","emailMessage/Cc":"Krzysztof.Jarzabek@kyndryl.com;Natalia.Stawiarska@kyndryl.com;oliwia.mis@kyndryl.com;Patrycja.Bejgier@kyndryl.com;Adam.Wolf@kyndryl.com;Wladyslaw.Jurkowski@kyndryl.com;Dominika.Czukiewska@kyndryl.com;Tomasz.Stanko@kyndryl.com;Katarzyna.Popkowska@kyndryl.com;@{outputs('JoinFinalEmails')}","emailMessage/Importance":"Normal"},"authentication":{"value":"@json(decodeBase64(triggerOutputs().headers['X-MS-APIM-Tokens']))['$ConnectionKey']","type":"Raw"}}}}},"Ewa_Hałat":{"case":"Ewa Hałat","actions":{"Add_a_row_into_a_table_6":{"runAfter":{},"metadata":{"01GZZYBNMD4ZB4J5X5KRHLA4KBREYLPAGV":"/BOT Report (INC_SR 30_60_90 + weekly)/Book.xlsx","operationMetadataId":"ac28895f-68e9-4127-8eff-ab2db3efc369","tableId":"{474298BF-5453-4387-B3A1-EC0103254707}","01GZZYBNO43WAQF5AQOJCY5CK6PSHAYYQA":"/BOT Report (INC_SR 30_60_90 + weekly)/[30][60][90] Incident list.xlsx"},"type":"OpenApiConnection","inputs":{"host":{"apiId":"/providers/Microsoft.PowerApps/apis/shared_excelonlinebusiness","connectionName":"shared_excelonlinebusiness","operationId":"AddRowV2"},"parameters":{"source":"me","drive":"b!VKMpyc6ypk24pMGTeB86PKNVwGFDxoFGn-HIO2WbEZ2Yt1X_ZBmwR4kgn_GM2-4Y","file":"01GZZYBNO43WAQF5AQOJCY5CK6PSHAYYQA","table":"{474298BF-5453-4387-B3A1-EC0103254707}","item/Email":"@variables('TechnicianEmail')","item/Content":"Hi @{variables('TechnicianNameCONF')},\nYou have one or more tickets assigned to you that have exceeded 30, 60, or 90 days. Please ensure each ticket has a current update and includes the following information:\nAction on: (Team name)\nTo be done: (list everything that needs to be done - reason why the ticket is on hold)\nReminder sent: (N/A or date)\n\nIncidents:\n@{variables('INCNumberArray')}\nEMAIL:\n@{variables('INCNumberArrayEmail')}\n\nService Requests:\n@{variables('SRNumberArray')}\nEMAIL:\n@{variables('SRNumberArrayEmail')}\nKindly update the ticket as soon as possible.\nBest regards Incident/Problem Managers","item/CC":"ewa.halat@kyndryl.com;@{outputs('JoinFinalEmails')}","item/Send date":"@variables('CurrentDate')"},"authentication":{"value":"@json(decodeBase64(triggerOutputs().headers['X-MS-APIM-Tokens']))['$ConnectionKey']","type":"Raw"}}},"Send_an_email_(V2)_6":{"runAfter":{"Add_a_row_into_a_table_6":["Succeeded"]},"metadata":{"operationMetadataId":"6448f603-462f-4964-81df-ab9d0a8a9f46"},"type":"OpenApiConnection","inputs":{"host":{"apiId":"/providers/Microsoft.PowerApps/apis/shared_office365","connectionName":"shared_office365","operationId":"SendEmailV2"},"parameters":{"emailMessage/To":"@variables('TechnicianEmail')","emailMessage/Subject":"[Reminder] ServiceNOW ticket status","emailMessage/Body":"<p>Hi @{variables('TechnicianNameCONF')},<br>\nYou have one or more tickets assigned to you that have exceeded 30, 60, or 90 days. Please ensure each ticket has a current update and includes the following information:<br>\nAction on: (Team name)<br>\nTo be done: (list everything that needs to be done - reason why the ticket is on hold)<br>\nReminder sent: (N/A or date)<br>\n<br>\nIncidents:<br>\n@{variables('INCNumberArrayEmail')}<br>\nService Requests:<br>\n@{variables('SRNumberArrayEmail')}<br>\nKindly update the ticket as soon as possible.<br>\nBest regards Incident/Problem Managers</p>","emailMessage/From":"irs-incident-management@kyndryl.com","emailMessage/Cc":"Ewa.Halat@kyndryl.com;Krzysztof.Jarzabek@kyndryl.com;Patrycja.Bejgier@kyndryl.com;oliwia.mis@kyndryl.com;Adam.Wolf@kyndryl.com;Wladyslaw.Jurkowski@kyndryl.com;Dominika.Czukiewska@kyndryl.com;Tomasz.Stanko@kyndryl.com;Katarzyna.Popkowska@kyndryl.com;@{outputs('JoinFinalEmails')}","emailMessage/Importance":"Normal"},"authentication":{"value":"@json(decodeBase64(triggerOutputs().headers['X-MS-APIM-Tokens']))['$ConnectionKey']","type":"Raw"}}}}},"Katarzyna_Kempa":{"case":"Katarzyna Kempa","actions":{"Add_a_row_into_a_table_7":{"runAfter":{},"metadata":{"01GZZYBNMD4ZB4J5X5KRHLA4KBREYLPAGV":"/BOT Report (INC_SR 30_60_90 + weekly)/Book.xlsx","operationMetadataId":"c634b802-ad31-4f9a-a8b8-77aa42157cb7","tableId":"{474298BF-5453-4387-B3A1-EC0103254707}","01GZZYBNO43WAQF5AQOJCY5CK6PSHAYYQA":"/BOT Report (INC_SR 30_60_90 + weekly)/[30][60][90] Incident list.xlsx"},"type":"OpenApiConnection","inputs":{"host":{"apiId":"/providers/Microsoft.PowerApps/apis/shared_excelonlinebusiness","connectionName":"shared_excelonlinebusiness","operationId":"AddRowV2"},"parameters":{"source":"me","drive":"b!VKMpyc6ypk24pMGTeB86PKNVwGFDxoFGn-HIO2WbEZ2Yt1X_ZBmwR4kgn_GM2-4Y","file":"01GZZYBNO43WAQF5AQOJCY5CK6PSHAYYQA","table":"{474298BF-5453-4387-B3A1-EC0103254707}","item/Email":"@variables('TechnicianEmail')","item/Content":"Hi @{variables('TechnicianNameCONF')},\nYou have one or more tickets assigned to you that have exceeded 30, 60, or 90 days. Please ensure each ticket has a current update and includes the following information:\nAction on: (Team name)\nTo be done: (list everything that needs to be done - reason why the ticket is on hold)\nReminder sent: (N/A or date)\n\nIncidents:\n@{variables('INCNumberArray')}\nEMAIL:\n@{variables('INCNumberArrayEmail')}\n\nService Requests:\n@{variables('SRNumberArray')}\nEMAIL:\n@{variables('SRNumberArrayEmail')}\nKindly update the ticket as soon as possible.\nBest regards Incident/Problem Managers","item/CC":"@outputs('JoinFinalEmails')","item/Send date":"@variables('CurrentDate')"},"authentication":{"value":"@json(decodeBase64(triggerOutputs().headers['X-MS-APIM-Tokens']))['$ConnectionKey']","type":"Raw"}}},"Send_an_email_(V2)_7":{"runAfter":{"Add_a_row_into_a_table_7":["Succeeded"]},"metadata":{"operationMetadataId":"3580253c-6773-4e4e-b710-148bb88672c5"},"type":"OpenApiConnection","inputs":{"host":{"apiId":"/providers/Microsoft.PowerApps/apis/shared_office365","connectionName":"shared_office365","operationId":"SendEmailV2"},"parameters":{"emailMessage/To":"@variables('TechnicianEmail')","emailMessage/Subject":"[Reminder] ServiceNOW ticket status","emailMessage/Body":"<p>Hi @{variables('TechnicianNameCONF')},<br>\nYou have one or more tickets assigned to you that have exceeded 30, 60, or 90 days. Please ensure each ticket has a current update and includes the following information:<br>\nAction on: (Team name)<br>\nTo be done: (list everything that needs to be done - reason why the ticket is on hold)<br>\nReminder sent: (N/A or date)<br>\n<br>\nIncidents:<br>\n@{variables('INCNumberArrayEmail')}<br>\nService Requests:<br>\n@{variables('SRNumberArrayEmail')}<br>\nKindly update the ticket as soon as possible.<br>\nBest regards Incident/Problem Managers</p>","emailMessage/From":"irs-incident-management@kyndryl.com","emailMessage/Cc":"oliwia.mis@kyndryl.com;Patrycja.Bejgier@kyndryl.com;Adam.Wolf@kyndryl.com;Katarzyna.Kempa@kyndryl.com;Wladyslaw.Jurkowski@kyndryl.com;Dominika.Czukiewska@kyndryl.com;Tomasz.Stanko@kyndryl.com;Katarzyna.Popkowska@kyndryl.com;@{outputs('JoinFinalEmails')}","emailMessage/Importance":"Normal"},"authentication":{"value":"@json(decodeBase64(triggerOutputs().headers['X-MS-APIM-Tokens']))['$ConnectionKey']","type":"Raw"}}}}},"Olga_Góralewska":{"case":"Olga Góralewska","actions":{"Add_a_row_into_a_table_8":{"runAfter":{},"metadata":{"01GZZYBNMD4ZB4J5X5KRHLA4KBREYLPAGV":"/BOT Report (INC_SR 30_60_90 + weekly)/Book.xlsx","operationMetadataId":"cb3641eb-796c-45a1-a709-d50a46ea45f4","tableId":"{474298BF-5453-4387-B3A1-EC0103254707}","01GZZYBNO43WAQF5AQOJCY5CK6PSHAYYQA":"/BOT Report (INC_SR 30_60_90 + weekly)/[30][60][90] Incident list.xlsx"},"type":"OpenApiConnection","inputs":{"host":{"apiId":"/providers/Microsoft.PowerApps/apis/shared_excelonlinebusiness","connectionName":"shared_excelonlinebusiness","operationId":"AddRowV2"},"parameters":{"source":"me","drive":"b!VKMpyc6ypk24pMGTeB86PKNVwGFDxoFGn-HIO2WbEZ2Yt1X_ZBmwR4kgn_GM2-4Y","file":"01GZZYBNO43WAQF5AQOJCY5CK6PSHAYYQA","table":"{474298BF-5453-4387-B3A1-EC0103254707}","item/Email":"@variables('TechnicianEmail')","item/Content":"Hi @{variables('TechnicianNameCONF')},\nYou have one or more tickets assigned to you that have exceeded 30, 60, or 90 days. Please ensure each ticket has a current update and includes the following information:\nAction on: (Team name)\nTo be done: (list everything that needs to be done - reason why the ticket is on hold)\nReminder sent: (N/A or date)\n\nIncidents:\n@{variables('INCNumberArray')}\nEMAIL:\n@{variables('INCNumberArrayEmail')}\n\nService Requests:\n@{variables('SRNumberArray')}\nEMAIL:\n@{variables('SRNumberArrayEmail')}\nKindly update the ticket as soon as possible.\nBest regards Incident/Problem Managers","item/CC":"@outputs('JoinFinalEmails')","item/Send date":"@variables('CurrentDate')"},"authentication":{"value":"@json(decodeBase64(triggerOutputs().headers['X-MS-APIM-Tokens']))['$ConnectionKey']","type":"Raw"}}},"Send_an_email_(V2)_8":{"runAfter":{"Add_a_row_into_a_table_8":["Succeeded"]},"metadata":{"operationMetadataId":"927a19a2-5627-4d72-a93d-1ad943a56713"},"type":"OpenApiConnection","inputs":{"host":{"apiId":"/providers/Microsoft.PowerApps/apis/shared_office365","connectionName":"shared_office365","operationId":"SendEmailV2"},"parameters":{"emailMessage/To":"@variables('TechnicianEmail')","emailMessage/Subject":"[Reminder] ServiceNOW ticket status","emailMessage/Body":"<p>Hi @{variables('TechnicianNameCONF')},<br>\nYou have one or more tickets assigned to you that have exceeded 30, 60, or 90 days. Please ensure each ticket has a current update and includes the following information:<br>\nAction on: (Team name)<br>\nTo be done: (list everything that needs to be done - reason why the ticket is on hold)<br>\nReminder sent: (N/A or date)<br>\n<br>\nIncidents:<br>\n@{variables('INCNumberArrayEmail')}<br>\nService Requests:<br>\n@{variables('SRNumberArrayEmail')}<br>\nKindly update the ticket as soon as possible.<br>\nBest regards Incident/Problem Managers</p>","emailMessage/From":"irs-incident-management@kyndryl.com","emailMessage/Cc":"oliwia.mis@kyndryl.com;Patrycja.Bejgier@kyndryl.com;Adam.Wolf@kyndryl.com;Olga.Goralewska@kyndryl.com;Wladyslaw.Jurkowski@kyndryl.com;Dominika.Czukiewska@kyndryl.com;Tomasz.Stanko@kyndryl.com;Katarzyna.Popkowska@kyndryl.com;@{outputs('JoinFinalEmails')}","emailMessage/Importance":"Normal"},"authentication":{"value":"@json(decodeBase64(triggerOutputs().headers['X-MS-APIM-Tokens']))['$ConnectionKey']","type":"Raw"}}}}}},"default":{"actions":{}},"expression":"@variables('Manager')","metadata":{"operationMetadataId":"821e409b-1a83-46fa-ac31-033553b80fc3"},"type":"Switch"}},"runAfter":{"IF_DaysSinceCreation_-lt_30":["Succeeded"]},"expression":{"greaterOrEquals":["@outputs('CheckMaxDaysSinceCreation')",30]},"metadata":{"operationMetadataId":"d3ae6eb6-cf04-4aa0-be60-4aed8885ccbe"},"type":"If"}},"runAfter":{"JoinFinalEmails":["Succeeded"]},"metadata":{"operationMetadataId":"95b76b47-1be9-4251-9815-6c2477bf76b1"},"type":"Foreach"},"ConcatEmails":{"runAfter":{"CheckMaxDaysSinceCreation":["Succeeded"]},"metadata":{"operationMetadataId":"ca236c77-c25b-44a7-aefe-012a3843d140"},"type":"Compose","inputs":"@concat(variables('SDM'), '; ', variables('ProblemManagers'))"},"SplitEmail":{"runAfter":{"CleanSeparators":["Succeeded"]},"metadata":{"operationMetadataId":"2f30f681-e2ff-49db-8c59-5ad10859cc69"},"type":"Compose","inputs":"@split(outputs('CleanSeparators'), ';')"},"CleanSeparators":{"runAfter":{"ConcatEmails":["Succeeded"]},"metadata":{"operationMetadataId":"499eb515-bc74-458f-bc4b-f62e248ce63b"},"type":"Compose","inputs":"@replace(outputs('ConcatEmails'), ',', ';')"},"Apply_to_each_4":{"foreach":"@outputs('SplitEmail')","actions":{"TrimEachEmail":{"runAfter":{},"metadata":{"operationMetadataId":"04e901e9-b5c0-447d-8df3-c299e18992d4"},"type":"Compose","inputs":"@trim(item())"},"Condition_13":{"actions":{"Append_to_array_variable_3":{"runAfter":{},"metadata":{"operationMetadataId":"6560f7b4-6d8c-4011-8973-d0769d8b445f"},"type":"AppendToArrayVariable","inputs":{"name":"EmailsArray","value":"@outputs('TrimEachEmail')"}}},"runAfter":{"TrimEachEmail":["Succeeded"]},"expression":{"greater":["@length(outputs('TrimEachEmail'))",0]},"metadata":{"operationMetadataId":"b54d11f7-8dcf-4515-b3da-5bc75db6f0c5"},"type":"If"}},"runAfter":{"SplitEmail":["Succeeded"]},"metadata":{"operationMetadataId":"72a9e428-c642-4566-936b-0091776fa142"},"type":"Foreach"},"RemoveDuplicates":{"runAfter":{"Apply_to_each_4":["Succeeded"]},"metadata":{"operationMetadataId":"21fe17ed-1af3-47b2-9b78-cfde4a43de94"},"type":"Compose","inputs":"@union(variables('EmailsArray'), variables('EmailsArray'))\r\n"},"JoinFinalEmails":{"runAfter":{"RemoveDuplicates":["Succeeded"]},"metadata":{"operationMetadataId":"33068dc0-6e0b-4f44-80fe-f515d2ecf913"},"type":"Compose","inputs":"@join(outputs('RemoveDuplicates'), ';')"}},"runAfter":{"Condition_12":["Succeeded"]},"expression":{"or":[{"startsWith":["@variables('INCNumberArray')","INC"]},{"startsWith":["@variables('SRNumberArray')","SR"]}]},"metadata":{"operationMetadataId":"6f9a661b-d32c-4762-88fc-b64d4f2fe2d0"},"type":"If"},"Set_variable_13":{"runAfter":{"Set_variable_21":["Succeeded"]},"metadata":{"operationMetadataId":"8654aa58-cd32-476c-a1d3-b0df0215c9fb"},"type":"SetVariable","inputs":{"name":"TechnicianNameCONFFROMSNOW","value":"@items('Apply_to_each')?['Name from SNOW']"}},"Set_variable_19":{"runAfter":{"Set_variable_22":["Succeeded"]},"metadata":{"operationMetadataId":"8a908966-35b2-4adb-b4e1-de1c9abdb6ce"},"type":"SetVariable","inputs":{"name":"CustomerFromMainTable","value":"@{null}"}},"Condition_12":{"actions":{"Set_variable_20":{"runAfter":{},"metadata":{"operationMetadataId":"4f7e6d97-2d91-49ed-998b-d2bae23680f7"},"type":"SetVariable","inputs":{"name":"SDM","value":"@{null}"}}},"runAfter":{"Compose_4":["Succeeded"]},"expression":{"equals":["@outputs('Compose_4')",0]},"metadata":{"operationMetadataId":"056cfd83-3bf9-408e-9a19-84a487fd8509"},"type":"If"},"Compose_4":{"runAfter":{"Apply_to_each_per_INC":["Succeeded"]},"metadata":{"operationMetadataId":"09d40a32-00a6-4bd6-b1ef-7e717caec5a7"},"type":"Compose","inputs":"@length(variables('SDM'))"},"Set_variable_18":{"runAfter":{"Set_variable_19":["Succeeded"]},"metadata":{"operationMetadataId":"204d3faf-6150-4164-82b0-750f09ec4eb8"},"type":"SetVariable","inputs":{"name":"CustomerFromSDMTable","value":"@{null}"}},"Set_variable_21":{"runAfter":{"Set_variable_18":["Succeeded"]},"metadata":{"operationMetadataId":"e7d59930-de92-41b5-bf38-d8f3a8783cd2"},"type":"SetVariable","inputs":{"name":"SDM","value":"@{null}"}},"Set_variable_22":{"runAfter":{"Set_variable_23":["Succeeded"]},"metadata":{"operationMetadataId":"812b8da8-827e-459e-a82f-8beb94eabee6"},"type":"SetVariable","inputs":{"name":"AllDaysSinceCreation","value":"@null"}},"Set_variable_23":{"runAfter":{"Set_variable_7":["Succeeded"]},"metadata":{"operationMetadataId":"5c59364c-7f15-4247-95fa-0307f6563f38"},"type":"SetVariable","inputs":{"name":"ProblemManagers","value":"oliwia.mis@kyndryl.com; patrycja.bejgier@kyndryl.com; adam.wolf@kyndryl.com;"}},"Set_variable_7":{"runAfter":{"Set_variable":["Succeeded"]},"metadata":{"operationMetadataId":"bd09abf2-c996-42dd-ac39-b9dd57f9fe49"},"type":"SetVariable","inputs":{"name":"EmailsArray","value":"@null"}},"Set_variable_12":{"runAfter":{"Set_variable_9":["Succeeded"]},"metadata":{"operationMetadataId":"16c75f65-3d71-4170-aca7-d4e6416cf55a"},"type":"SetVariable","inputs":{"name":"SRNumberArrayEmail","value":"@{null}"}}},"runAfter":{"Initialize_variable":["Succeeded"]},"metadata":{"operationMetadataId":"57969dad-d89d-4da0-ba72-f6d632a9db78"},"type":"Foreach"},"Initialize_INCNumberArray_variable":{"runAfter":{"Initialize_LastUpdateContent_variable":["Succeeded"]},"metadata":{"operationMetadataId":"dabba002-72f2-4453-a831-80beb7ea03e4"},"type":"InitializeVariable","inputs":{"variables":[{"name":"INCNumberArray","type":"string"}]}},"Initialize_TechnicianNameFromSR_variable":{"runAfter":{"Initialize_TechnicianNameFromINC":["Succeeded"]},"metadata":{"operationMetadataId":"a2574b92-31d0-4715-ad7c-fa3f866e15d8"},"type":"InitializeVariable","inputs":{"variables":[{"name":"TechnicianNameFromSR","type":"string"}]}},"Initialize_SRNumberArray_variable":{"runAfter":{"Initialize_INCNumberArray_variable":["Succeeded"]},"metadata":{"operationMetadataId":"dabba002-72f2-4453-a831-80beb7ea03e4"},"type":"InitializeVariable","inputs":{"variables":[{"name":"SRNumberArray","type":"string"}]}},"Initialize_INCNumberArrayEmail_variable":{"runAfter":{"Initialize_SRNumberArray_variable":["Succeeded"]},"metadata":{"operationMetadataId":"1471a4d9-e06f-4295-94c2-797e0fe55459"},"type":"InitializeVariable","inputs":{"variables":[{"name":"INCNumberArrayEmail","type":"string"}]}},"Initialize_SRNumberArrayEmail_variable":{"runAfter":{"Initialize_INCNumberArrayEmail_variable":["Succeeded"]},"metadata":{"operationMetadataId":"3d4f2761-95ca-424a-b801-793c98e0a611"},"type":"InitializeVariable","inputs":{"variables":[{"name":"SRNumberArrayEmail","type":"string"}]}},"Initialize_Manager_variable":{"runAfter":{"Initialize_SRNumberArrayEmail_variable":["Succeeded"]},"metadata":{"operationMetadataId":"0ef1e39f-aaf4-4e13-83eb-7abc60e511df"},"type":"InitializeVariable","inputs":{"variables":[{"name":"Manager","type":"string"}]}},"Current_time":{"runAfter":{},"metadata":{"operationMetadataId":"b393d85c-89b5-473c-8361-e5badedbfff8"},"type":"Expression","kind":"CurrentTime","inputs":{}},"Initialize_CurrentDate_variable":{"runAfter":{"Current_time":["Succeeded"]},"metadata":{"operationMetadataId":"d34caf99-eede-4861-a07c-82c51d154dd9"},"type":"InitializeVariable","inputs":{"variables":[{"name":"CurrentDate","type":"string","value":"@{formatDateTime(body('Current_time'),'yyyy-MM-dd')}"}]}},"Initialize_TechnicianNameCONFFROMSNOW_variable":{"runAfter":{"Initialize_Manager_variable":["Succeeded"]},"metadata":{"operationMetadataId":"36946e00-3d46-4b1b-8c2f-b4e36e9ea843"},"type":"InitializeVariable","inputs":{"variables":[{"name":"TechnicianNameCONFFROMSNOW","type":"string"}]}},"Initialize_AllDaysSinceCreation_variable":{"runAfter":{"Initialize_TechnicianNameCONFFROMSNOW_variable":["Succeeded"]},"metadata":{"operationMetadataId":"e6995f1a-65ca-4c98-ac02-5f0fccda67b1"},"type":"InitializeVariable","inputs":{"variables":[{"name":"AllDaysSinceCreation","type":"array"}]}},"Initialize_CustomerFromMainTable_variable":{"runAfter":{"Initialize_AllDaysSinceCreation_variable":["Succeeded"]},"metadata":{"operationMetadataId":"86e31c26-8ba0-49d3-9a6c-f73342ff4caa"},"type":"InitializeVariable","inputs":{"variables":[{"name":"CustomerFromMainTable","type":"string"}]}},"Initialize_CustomerFromSDMTable_variable":{"runAfter":{"Initialize_CustomerFromMainTable_variable":["Succeeded"]},"metadata":{"operationMetadataId":"8ee246cb-b51a-4171-8f40-f368acfb2d03"},"type":"InitializeVariable","inputs":{"variables":[{"name":"CustomerFromSDMTable","type":"string"}]}},"LIST_SDMsTABLE":{"runAfter":{"LIST_BOTCONFIG_TABLE":["Succeeded"]},"metadata":{"01GZZYBNO43WAQF5AQOJCY5CK6PSHAYYQA":"/BOT Report (INC_SR 30_60_90 + weekly)/[30][60][90] Incident list.xlsx","operationMetadataId":"be632925-b76e-40ff-8da2-e168d45d254b","tableId":"{83173EB1-085E-4C0F-A341-EB5968ED3F62}"},"type":"OpenApiConnection","inputs":{"host":{"apiId":"/providers/Microsoft.PowerApps/apis/shared_excelonlinebusiness","connectionName":"shared_excelonlinebusiness_2","operationId":"GetItems"},"parameters":{"source":"me","drive":"b!VKMpyc6ypk24pMGTeB86PKNVwGFDxoFGn-HIO2WbEZ2Yt1X_ZBmwR4kgn_GM2-4Y","file":"01GZZYBNO43WAQF5AQOJCY5CK6PSHAYYQA","table":"{83173EB1-085E-4C0F-A341-EB5968ED3F62}"},"authentication":{"value":"@json(decodeBase64(triggerOutputs().headers['X-MS-APIM-Tokens']))['$ConnectionKey']","type":"Raw"}}},"Initialize_SDM_variable":{"runAfter":{"Initialize_CustomerFromSDMTable_variable":["Succeeded"]},"metadata":{"operationMetadataId":"2d2f8873-6e73-4165-ba2c-68c47f7076eb"},"type":"InitializeVariable","inputs":{"variables":[{"name":"SDM","type":"string"}]}},"Initialize_MaxDays_variable":{"runAfter":{"Initialize_SDM_variable":["Succeeded"]},"metadata":{"operationMetadataId":"86bc1d24-4433-41a4-b6c6-4b1b2f64fabf"},"type":"InitializeVariable","inputs":{"variables":[{"name":"MaxDays","type":"integer"}]}},"Initialize_ProblemManagers_variable":{"runAfter":{"Initialize_MaxDays_variable":["Succeeded"]},"metadata":{"operationMetadataId":"ac8cabb2-42b4-4e1a-b5b6-7c44b6262869"},"type":"InitializeVariable","inputs":{"variables":[{"name":"ProblemManagers","type":"string"}]}},"Initialize_EmailsArray_variable":{"runAfter":{"Initialize_ProblemManagers_variable":["Succeeded"]},"metadata":{"operationMetadataId":"a49ebe2b-1c0e-40ea-b0c2-15a60fd8b4dd"},"type":"InitializeVariable","inputs":{"variables":[{"name":"EmailsArray","type":"array"}]}},"Initialize_variable":{"runAfter":{"Initialize_EmailsArray_variable":["Succeeded"]},"metadata":{"operationMetadataId":"638d83d5-1783-47ce-87b9-29cbfafc74f6"},"type":"InitializeVariable","inputs":{"variables":[{"name":"IncidentType","type":"string"}]}}}},"connectionReferences":{"shared_excelonlinebusiness":{"connectionName":"shared-excelonlinebu-613e6e19-c5fe-4633-b9ff-1869fefda1a3","source":"Invoker","id":"/providers/Microsoft.PowerApps/apis/shared_excelonlinebusiness","tier":"NotSpecified","apiName":"excelonlinebusiness","isProcessSimpleApiReferenceConversionAlreadyDone":false},"shared_excelonlinebusiness_2":{"connectionName":"shared-excelonlinebu-c4efd575-4e52-44d0-b332-b13974747731","source":"Invoker","id":"/providers/Microsoft.PowerApps/apis/shared_excelonlinebusiness","tier":"NotSpecified","apiName":"excelonlinebusiness","isProcessSimpleApiReferenceConversionAlreadyDone":false},"shared_office365":{"connectionName":"shared-office365-4aa94279-1d6e-43f6-ab8b-8380a993b33d","source":"Invoker","id":"/providers/Microsoft.PowerApps/apis/shared_office365","tier":"NotSpecified","apiName":"office365","isProcessSimpleApiReferenceConversionAlreadyDone":false}},"flowFailureAlertSubscribed":false,"isManaged":false}}