{"name":"5dda7494-af17-485c-9844-de7c57034650","id":"/providers/Microsoft.Flow/flows/5dda7494-af17-485c-9844-de7c57034650","type":"Microsoft.Flow/flows","properties":{"apiId":"/providers/Microsoft.PowerApps/apis/shared_logicflows","displayName":"BOT Serwer L1/L2","definition":{"metadata":{"workflowEntityId":null,"processAdvisorMetadata":null,"flowclientsuspensionreason":"AllActionsFailingDetected","flowclientsuspensionreasondetails":null,"flowclientsuspensiontime":"2023-03-14T14:09:09.2493685Z","creator":{"id":"e4a4d628-d3bc-4a24-b1e7-5e275bf2ccf4","type":"User","tenantId":"f260df36-bc43-424c-8f44-c85226657b01"},"provisioningMethod":"FromDefinition","failureAlertSubscription":false,"clientLastModifiedTime":"2023-03-14T14:09:09.2493685Z"},"$schema":"https://schema.management.azure.com/providers/Microsoft.Logic/schemas/2016-06-01/workflowdefinition.json#","contentVersion":"1.0.0.0","parameters":{"$connections":{"defaultValue":{},"type":"Object"},"$authentication":{"defaultValue":{},"type":"SecureObject"}},"triggers":{"Recurrence":{"recurrence":{"frequency":"Day","interval":1,"timeZone":"Central European Standard Time","startTime":"2022-10-17T09:00:00Z","schedule":{"hours":["9"]}},"metadata":{"operationMetadataId":"4cf3e482-623e-4b3c-ab82-6e314ad1a6ed"},"type":"Recurrence"}},"actions":{"var_personL2":{"runAfter":{},"metadata":{"operationMetadataId":"a720d81a-b7b7-4c7c-afe0-268caa56abe0"},"type":"InitializeVariable","inputs":{"variables":[{"name":"personL2","type":"string"}]}},"List_rows_Accesses_Status_L2":{"runAfter":{"var_vendorL2":["Succeeded"]},"metadata":{"014GGCKUAAJACV5Z3TANALCSDUZ6NXZCRR":"/!!!Acesses Status_test.xlsx","operationMetadataId":"a99062dc-4c20-47db-9374-f98f5ffce28d","flowSystemMetadata":{"swaggerOperationId":"GetItems"},"01WRZ36JLWXANJBY52VZHL3BODJNNYEGKB":"/DRaaS Service Management/DRaaS Access Management/_DRaaS Access Status/_DRaaS Access Status L2/Accesses Status L2.xlsx"},"type":"ApiConnection","inputs":{"host":{"connection":{"name":"@parameters('$connections')['shared_excelonlinebusiness_3']['connectionId']"},"api":{"runtimeUrl":"https://flow-apim-unitedstates-002-westus-01.azure-apim.net/apim/excelonlinebusiness"}},"method":"get","path":"/drives/@{encodeURIComponent('b!xrAkntK7BUiaYYI6Vix4DoCwhbOxkK5KiyG3wDEdCqOJaZsHq8hHS7dVJwG82po5')}/files/@{encodeURIComponent(encodeURIComponent('01WRZ36JLWXANJBY52VZHL3BODJNNYEGKB'))}/tables/@{encodeURIComponent('{E0454E5C-4789-421A-804D-0224140E4D0A}')}/items","queries":{"source":"me"},"authentication":"@parameters('$authentication')"},"runtimeConfiguration":{"paginationPolicy":{"minimumItemCount":99999}}},"Apply_to_each_L2":{"foreach":"@body('List_rows_Accesses_Status_L2')?['value']","actions":{"Set_clientNameL2":{"runAfter":{},"metadata":{"operationMetadataId":"17fc4774-684e-429c-a61d-e8ab036da979"},"type":"SetVariable","inputs":{"name":"clientNameL2","value":"@items('Apply_to_each_L2')?['Klient']"}},"Get_a_row":{"runAfter":{"Set_vendorL2":["Succeeded"]},"metadata":{"flowSystemMetadata":{"swaggerOperationId":"GetItem"},"014GGCKUAAJACV5Z3TANALCSDUZ6NXZCRR":"/!!!Acesses Status_test.xlsx","operationMetadataId":"d65242b3-b694-4b01-946d-8e1d33b9aef6","01WRZ36JLWXANJBY52VZHL3BODJNNYEGKB":"/DRaaS Service Management/DRaaS Access Management/_DRaaS Access Status/_DRaaS Access Status L2/Accesses Status L2.xlsx"},"type":"ApiConnection","inputs":{"host":{"connection":{"name":"@parameters('$connections')['shared_excelonlinebusiness_3']['connectionId']"},"api":{"runtimeUrl":"https://flow-apim-unitedstates-002-westus-01.azure-apim.net/apim/excelonlinebusiness"}},"method":"get","path":"/drives/@{encodeURIComponent('b!xrAkntK7BUiaYYI6Vix4DoCwhbOxkK5KiyG3wDEdCqOJaZsHq8hHS7dVJwG82po5')}/files/@{encodeURIComponent(encodeURIComponent('01WRZ36JLWXANJBY52VZHL3BODJNNYEGKB'))}/tables/@{encodeURIComponent('{E0454E5C-4789-421A-804D-0224140E4D0A}')}/items/@{encodeURIComponent(encodeURIComponent(variables('personL2')))}","queries":{"source":"me","idColumn":"Imie, nazwisko"},"authentication":"@parameters('$authentication')"}},"Condition":{"actions":{"Send_an_email":{"runAfter":{},"metadata":{"flowSystemMetadata":{"swaggerOperationId":"SendEmailV2"},"operationMetadataId":"6637879e-b3d7-48ba-bcee-38e8984c3157"},"type":"ApiConnection","inputs":{"host":{"connection":{"name":"@parameters('$connections')['shared_office365_1']['connectionId']"},"api":{"runtimeUrl":"https://flow-apim-unitedstates-002-westus-01.azure-apim.net/apim/office365"}},"method":"post","body":{"To":"@variables('mailL2')","Subject":"[Automatic reply] Password for [@{variables('vendorL2')}] @{items('Apply_to_each_L2')?['Klient']} will expire soon!","Body":"<p>Your password will expire in: @{outputs('Compose_2')} day(s)<br>\n<br> \nFile: <a href=\"https://kyndrylde-my.sharepoint.com/:x:/r/personal/ewa_halat_kyndryl_com/Documents/DRaaS%20Service%20Management/DRaaS%20Access%20Management/_DRaaS%20Access%20Status/Acesses%20Status%20.xlsx?d=w901ab876bae34eaebd85c34b5b821941&csf=1&web=1\">Acesses status</a>\n<br>\n<br>\n<img src=\"https://media2.giphy.com/media/IsYYpu6BlN77nw0yJj/giphy.gif?cid=ecf05e47rzggjak94tk83titd7sal4pdb28h8uivmehltx35&rid=giphy.gif&ct=g\">\n<br>\n</p>"},"path":"/v2/Mail","authentication":"@parameters('$authentication')"}}},"runAfter":{"Compose":["Succeeded"]},"expression":{"and":[{"equals":["@variables('notificationStatusL2')","ON"]},{"and":[{"lessOrEquals":["@outputs('Compose_2')","@outputs('Compose')"]},{"greater":["@outputs('Compose_2')",0]}]}]},"metadata":{"operationMetadataId":"02e6ad2b-de57-47db-ba46-7f0cf563f6d0"},"type":"If"},"Set_personL2":{"runAfter":{"Set_clientNameL2":["Succeeded"]},"metadata":{"operationMetadataId":"f346b7a8-4421-47c4-9320-4d17a9c49443"},"type":"SetVariable","inputs":{"name":"personL2","value":"@items('Apply_to_each_L2')?['Imie, nazwisko']"}},"Get_a_row_2":{"runAfter":{"Get_a_row":["Succeeded"]},"metadata":{"014GGCKUAAJACV5Z3TANALCSDUZ6NXZCRR":"/!!!Acesses Status_test.xlsx","operationMetadataId":"49575551-1ace-4c1b-8a90-5da727348672","flowSystemMetadata":{"swaggerOperationId":"GetItem"},"01WRZ36JLWXANJBY52VZHL3BODJNNYEGKB":"/DRaaS Service Management/DRaaS Access Management/_DRaaS Access Status/_DRaaS Access Status L2/Accesses Status L2.xlsx"},"type":"ApiConnection","inputs":{"host":{"connection":{"name":"@parameters('$connections')['shared_excelonlinebusiness_3']['connectionId']"},"api":{"runtimeUrl":"https://flow-apim-unitedstates-002-westus-01.azure-apim.net/apim/excelonlinebusiness"}},"method":"get","path":"/drives/@{encodeURIComponent('b!xrAkntK7BUiaYYI6Vix4DoCwhbOxkK5KiyG3wDEdCqOJaZsHq8hHS7dVJwG82po5')}/files/@{encodeURIComponent(encodeURIComponent('01WRZ36JLWXANJBY52VZHL3BODJNNYEGKB'))}/tables/@{encodeURIComponent('{AC08148F-47D0-4B91-9C1B-1DA6CA134AB5}')}/items/@{encodeURIComponent(encodeURIComponent(variables('clientNameL2')))}","queries":{"source":"me","idColumn":"Client"},"authentication":"@parameters('$authentication')"}},"Set_DayLeftBotConfigL2":{"runAfter":{"Compose_2":["Succeeded"]},"metadata":{"operationMetadataId":"f361dbbc-9cc6-4f54-a3d6-c04c5b7f03bc"},"type":"SetVariable","inputs":{"name":"DayLeftBOTConfigL2","value":"@body('Get_a_row_2')?['NotificationDay -lt x days']"}},"Compose":{"runAfter":{"Set_DayLeftBotConfigL2":["Succeeded"]},"metadata":{"operationMetadataId":"213ff8b6-e5f7-44cd-8b7f-95d00bd6603c"},"type":"Compose","inputs":"@int(variables('DayLeftBOTConfigL2'))"},"Set_DaysLeftZertoTableL2":{"runAfter":{"Set_mailL2":["Succeeded"]},"metadata":{"operationMetadataId":"6014d4f5-46ff-4339-b922-b04c1a9e0b81"},"type":"SetVariable","inputs":{"name":"DaysLeftZertoTableL2","value":"@items('Apply_to_each_L2')?['Days Left']"}},"Compose_2":{"runAfter":{"Set_DaysLeftZertoTableL2":["Succeeded"]},"metadata":{"operationMetadataId":"0f847ae5-b5e2-4027-a0e8-568c8c41fe3b"},"type":"Compose","inputs":"@int(variables('DaysLeftZertoTableL2'))"},"Get_a_row_3":{"runAfter":{"Get_a_row_2":["Succeeded"]},"metadata":{"014GGCKUAAJACV5Z3TANALCSDUZ6NXZCRR":"/!!!Acesses Status_test.xlsx","operationMetadataId":"382465e7-ee1b-40d6-8919-bb2cb384aa39","flowSystemMetadata":{"swaggerOperationId":"GetItem"},"01WRZ36JLWXANJBY52VZHL3BODJNNYEGKB":"/DRaaS Service Management/DRaaS Access Management/_DRaaS Access Status/_DRaaS Access Status L2/Accesses Status L2.xlsx"},"type":"ApiConnection","inputs":{"host":{"connection":{"name":"@parameters('$connections')['shared_excelonlinebusiness_3']['connectionId']"},"api":{"runtimeUrl":"https://flow-apim-unitedstates-002-westus-01.azure-apim.net/apim/excelonlinebusiness"}},"method":"get","path":"/drives/@{encodeURIComponent('b!xrAkntK7BUiaYYI6Vix4DoCwhbOxkK5KiyG3wDEdCqOJaZsHq8hHS7dVJwG82po5')}/files/@{encodeURIComponent(encodeURIComponent('01WRZ36JLWXANJBY52VZHL3BODJNNYEGKB'))}/tables/@{encodeURIComponent('{8ABDB10B-E711-4B3A-893D-7FC602D3AD49}')}/items/@{encodeURIComponent(encodeURIComponent(variables('personL2')))}","queries":{"source":"me","idColumn":"Name"},"authentication":"@parameters('$authentication')"}},"Set_mailL2":{"runAfter":{"Set_notificationStatusL2":["Succeeded"]},"metadata":{"operationMetadataId":"6e19fcdf-f483-41ee-801f-1f114d90764c"},"type":"SetVariable","inputs":{"name":"mailL2","value":"@body('Get_a_row_3')?['Email']"}},"Set_notificationStatusL2":{"runAfter":{"Get_a_row_3":["Succeeded"]},"metadata":{"operationMetadataId":"3a511613-cf81-40cd-9d18-bd67d6faa0d0"},"type":"SetVariable","inputs":{"name":"notificationStatusL2","value":"@body('Get_a_row_3')?['Notification status']"}},"Set_vendorL2":{"runAfter":{"Set_personL2":["Succeeded"]},"metadata":{"operationMetadataId":"1e0649fb-ed21-4083-91c6-5823d3b56274"},"type":"SetVariable","inputs":{"name":"vendorL2","value":"@items('Apply_to_each_L2')?['Vendor']"}},"Condition_2":{"actions":{"Send_an_email_(V2)":{"runAfter":{},"metadata":{"operationMetadataId":"6a45440f-3d3e-49e7-878e-539a9e8384e5","flowSystemMetadata":{"swaggerOperationId":"SendEmailV2"}},"type":"ApiConnection","inputs":{"host":{"connection":{"name":"@parameters('$connections')['shared_office365_1']['connectionId']"},"api":{"runtimeUrl":"https://flow-apim-unitedstates-002-westus-01.azure-apim.net/apim/office365"}},"method":"post","body":{"To":"@variables('mailL2')","Subject":"[Automatic reply] Password for [@{variables('vendorL2')}] @{items('Apply_to_each_L2')?['Klient']} expired!","Body":"<p>Your password has expired!<br>\n<br>\nFile: <a href=\"https://kyndrylde-my.sharepoint.com/:x:/r/personal/ewa_halat_kyndryl_com/Documents/DRaaS%20Service%20Management/DRaaS%20Access%20Management/_DRaaS%20Access%20Status/Acesses%20Status%20.xlsx?d=w901ab876bae34eaebd85c34b5b821941&csf=1&web=1\">Acesses status</a>\n<br>\n<br>\n<img src=\"https://media4.giphy.com/media/xtnYGffYPqnm6is6ki/giphy.gif?cid=ecf05e473n3al6g7f1o1zf0anfvrnvj3zr14pmjv60tfp8pk&rid=giphy.gif&ct=g\">\n<br>\n<br>\n<br>\n<br>\n</p>","Importance":"Normal"},"path":"/v2/Mail","authentication":"@parameters('$authentication')"}}},"runAfter":{"Compose":["Succeeded"]},"expression":{"and":[{"equals":["@variables('notificationStatusL2')","ON"]},{"and":[{"equals":["@outputs('Compose_2')",-1]}]}]},"metadata":{"operationMetadataId":"2fb81cb2-2a4d-49e2-901a-39f6281be41c"},"type":"If"},"Condition_3":{"actions":{"Send_an_email_(V2)_2":{"runAfter":{},"metadata":{"operationMetadataId":"6a45440f-3d3e-49e7-878e-539a9e8384e5","flowSystemMetadata":{"swaggerOperationId":"SendEmailV2"}},"type":"ApiConnection","inputs":{"host":{"connection":{"name":"@parameters('$connections')['shared_office365_1']['connectionId']"},"api":{"runtimeUrl":"https://flow-apim-unitedstates-002-westus-01.azure-apim.net/apim/office365"}},"method":"post","body":{"To":"@variables('mailL2')","Subject":"[Automatic reply] Password for [@{variables('vendorL2')}] @{items('Apply_to_each_L2')?['Klient']} will expire today!","Body":"<p>Your password will expire today!<br>\n<br>\nFile: <a href=\"https://kyndrylde-my.sharepoint.com/:x:/r/personal/ewa_halat_kyndryl_com/Documents/DRaaS%20Service%20Management/DRaaS%20Access%20Management/_DRaaS%20Access%20Status/Acesses%20Status%20.xlsx?d=w901ab876bae34eaebd85c34b5b821941&csf=1&web=1\">Acesses status</a>\n<br>\n<br>\n<img src=\"https://media2.giphy.com/media/tXL4FHPSnVJ0A/giphy.gif?cid=ecf05e47hbe6pykep227rf8u6ovl9945795jle2zkt1zk0vq&rid=giphy.gif&ct=g\">\n<br>\n<br>\n<br>\n<br>\n</p>","Importance":"Normal"},"path":"/v2/Mail","authentication":"@parameters('$authentication')"}}},"runAfter":{"Compose":["Succeeded"]},"expression":{"and":[{"equals":["@variables('notificationStatusL2')","ON"]},{"and":[{"equals":["@outputs('Compose_2')",0]}]}]},"metadata":{"operationMetadataId":"2fb81cb2-2a4d-49e2-901a-39f6281be41c"},"type":"If"}},"runAfter":{"List_rows_Accesses_Status_L2":["Succeeded"]},"metadata":{"operationMetadataId":"e4ecb615-4b95-4d1a-805f-6d1e39c24291"},"type":"Foreach"},"var_clientNameL2":{"runAfter":{"var_personL2":["Succeeded"]},"metadata":{"operationMetadataId":"f735c7a1-0b67-449a-84ae-1459539d7c04"},"type":"InitializeVariable","inputs":{"variables":[{"name":"clientNameL2","type":"string"}]}},"var_DayLeftBOTConfigL2":{"runAfter":{"var_clientNameL2":["Succeeded"]},"metadata":{"operationMetadataId":"b87f162a-d54c-4a66-960b-659ca62c9f8c"},"type":"InitializeVariable","inputs":{"variables":[{"name":"DayLeftBOTConfigL2","type":"string"}]}},"var_mailL2":{"runAfter":{"var_DaysLeftZertoTableL2":["Succeeded"]},"metadata":{"operationMetadataId":"204a7419-2171-4324-9c78-59b66b18578d"},"type":"InitializeVariable","inputs":{"variables":[{"name":"mailL2","type":"string"}]}},"var_DaysLeftZertoTableL2":{"runAfter":{"var_DayLeftBOTConfigL2":["Succeeded"]},"metadata":{"operationMetadataId":"cfaf5929-b2dc-49f4-87f6-2ef5ccb65be0"},"type":"InitializeVariable","inputs":{"variables":[{"name":"DaysLeftZertoTableL2","type":"string"}]}},"var_notificationStatusL2":{"runAfter":{"var_mailL2":["Succeeded"]},"metadata":{"operationMetadataId":"d4464369-3b40-497f-9ba9-762c4b3d4916"},"type":"InitializeVariable","inputs":{"variables":[{"name":"notificationStatusL2","type":"string"}]}},"var_vendorL2":{"runAfter":{"var_notificationStatusL2":["Succeeded"]},"metadata":{"operationMetadataId":"17d5fa21-78f8-4a93-8be0-54ccff64e49d"},"type":"InitializeVariable","inputs":{"variables":[{"name":"vendorL2","type":"string"}]}},"var_personL1":{"runAfter":{},"metadata":{"operationMetadataId":"a720d81a-b7b7-4c7c-afe0-268caa56abe0"},"type":"InitializeVariable","inputs":{"variables":[{"name":"personL1","type":"string"}]}},"var_clientNameL1":{"runAfter":{"var_personL1":["Succeeded"]},"metadata":{"operationMetadataId":"f735c7a1-0b67-449a-84ae-1459539d7c04"},"type":"InitializeVariable","inputs":{"variables":[{"name":"clientNameL1","type":"string"}]}},"var_DayLeftBOTConfigL1":{"runAfter":{"var_clientNameL1":["Succeeded"]},"metadata":{"operationMetadataId":"b87f162a-d54c-4a66-960b-659ca62c9f8c"},"type":"InitializeVariable","inputs":{"variables":[{"name":"DayLeftBOTConfigL1","type":"string"}]}},"var_DaysLeftZertoTableL1":{"runAfter":{"var_DayLeftBOTConfigL1":["Succeeded"]},"metadata":{"operationMetadataId":"cfaf5929-b2dc-49f4-87f6-2ef5ccb65be0"},"type":"InitializeVariable","inputs":{"variables":[{"name":"DaysLeftZertoTableL1","type":"string"}]}},"var_mailL1":{"runAfter":{"var_DaysLeftZertoTableL1":["Succeeded"]},"metadata":{"operationMetadataId":"204a7419-2171-4324-9c78-59b66b18578d"},"type":"InitializeVariable","inputs":{"variables":[{"name":"mailL1","type":"string"}]}},"var_notificationStatusL1":{"runAfter":{"var_mailL1":["Succeeded"]},"metadata":{"operationMetadataId":"d4464369-3b40-497f-9ba9-762c4b3d4916"},"type":"InitializeVariable","inputs":{"variables":[{"name":"notificationStatusL1","type":"string"}]}},"var_vendorL1":{"runAfter":{"var_notificationStatusL1":["Succeeded"]},"metadata":{"operationMetadataId":"17d5fa21-78f8-4a93-8be0-54ccff64e49d"},"type":"InitializeVariable","inputs":{"variables":[{"name":"vendorL1","type":"string"}]}},"List_rows_Accesses_Status_L1":{"runAfter":{"var_vendorL1":["Succeeded"]},"metadata":{"01WRZ36JPPPJQLPAR3LJFLLPO32THFTLHW":"/DRaaS Service Management/DRaaS Access Management/_DRaaS Access Status/_DRaaS Access Status L1/Accesses Status L1.xlsx","operationMetadataId":"ac3b6271-6e44-4073-b1a5-a4e4f32a6195","flowSystemMetadata":{"swaggerOperationId":"GetItems"}},"type":"ApiConnection","inputs":{"host":{"connection":{"name":"@parameters('$connections')['shared_excelonlinebusiness_3']['connectionId']"},"api":{"runtimeUrl":"https://flow-apim-unitedstates-002-westus-01.azure-apim.net/apim/excelonlinebusiness"}},"method":"get","path":"/drives/@{encodeURIComponent('b!xrAkntK7BUiaYYI6Vix4DoCwhbOxkK5KiyG3wDEdCqOJaZsHq8hHS7dVJwG82po5')}/files/@{encodeURIComponent(encodeURIComponent('01WRZ36JPPPJQLPAR3LJFLLPO32THFTLHW'))}/tables/@{encodeURIComponent('{E0454E5C-4789-421A-804D-0224140E4D0A}')}/items","queries":{"source":"me"},"authentication":"@parameters('$authentication')"}},"Apply_to_each_L1":{"foreach":"@body('List_rows_Accesses_Status_L1')?['value']","actions":{"Set_clientNameL1":{"runAfter":{},"metadata":{"operationMetadataId":"17fc4774-684e-429c-a61d-e8ab036da979"},"type":"SetVariable","inputs":{"name":"clientNameL1","value":"@items('Apply_to_each_L1')?['Klient']"}},"Get_a_row_4":{"runAfter":{"Set_vendorL1":["Succeeded"]},"metadata":{"flowSystemMetadata":{"swaggerOperationId":"GetItem"},"014GGCKUAAJACV5Z3TANALCSDUZ6NXZCRR":"/!!!Acesses Status_test.xlsx","operationMetadataId":"d65242b3-b694-4b01-946d-8e1d33b9aef6","01WRZ36JLWXANJBY52VZHL3BODJNNYEGKB":"/DRaaS Service Management/DRaaS Access Management/_DRaaS Access Status/_DRaaS Access Status L2/Accesses Status L2.xlsx","01WRZ36JPPPJQLPAR3LJFLLPO32THFTLHW":"/DRaaS Service Management/DRaaS Access Management/_DRaaS Access Status/_DRaaS Access Status L1/Accesses Status L1.xlsx"},"type":"ApiConnection","inputs":{"host":{"connection":{"name":"@parameters('$connections')['shared_excelonlinebusiness_3']['connectionId']"},"api":{"runtimeUrl":"https://flow-apim-unitedstates-002-westus-01.azure-apim.net/apim/excelonlinebusiness"}},"method":"get","path":"/drives/@{encodeURIComponent('b!xrAkntK7BUiaYYI6Vix4DoCwhbOxkK5KiyG3wDEdCqOJaZsHq8hHS7dVJwG82po5')}/files/@{encodeURIComponent(encodeURIComponent('01WRZ36JPPPJQLPAR3LJFLLPO32THFTLHW'))}/tables/@{encodeURIComponent('{E0454E5C-4789-421A-804D-0224140E4D0A}')}/items/@{encodeURIComponent(encodeURIComponent(variables('personL1')))}","queries":{"source":"me","idColumn":"Imie, nazwisko"},"authentication":"@parameters('$authentication')"}},"Condition_4":{"actions":{"Send_an_email_2":{"runAfter":{},"metadata":{"flowSystemMetadata":{"swaggerOperationId":"SendEmailV2"},"operationMetadataId":"6637879e-b3d7-48ba-bcee-38e8984c3157"},"type":"ApiConnection","inputs":{"host":{"connection":{"name":"@parameters('$connections')['shared_office365_1']['connectionId']"},"api":{"runtimeUrl":"https://flow-apim-unitedstates-002-westus-01.azure-apim.net/apim/office365"}},"method":"post","body":{"To":"@variables('mailL1')","Subject":"[Automatic reply] Password for [@{variables('vendorL1')}] @{items('Apply_to_each_L1')?['Klient']} will expire soon!","Body":"<p>Your password will expire in: @{outputs('Compose_4')} day(s)<br>\n<br> \nFile: <a href=\"https://kyndrylde-my.sharepoint.com/:x:/r/personal/ewa_halat_kyndryl_com/_layouts/15/Doc.aspx?sourcedoc=%7BB7607AEF-3B82-4A5A-B5BD-DBD4CE59ACF6%7D&file=Accesses%20Status%20L1.xlsx&action=default&mobileredirect=true&cid=23ddd832-6274-4188-9138-31a984554b7d\">Acesses status</a>\n<br>\n<br>\n<img src=\"https://media2.giphy.com/media/IsYYpu6BlN77nw0yJj/giphy.gif?cid=ecf05e47rzggjak94tk83titd7sal4pdb28h8uivmehltx35&rid=giphy.gif&ct=g\">\n<br>\n</p>"},"path":"/v2/Mail","authentication":"@parameters('$authentication')"}}},"runAfter":{"Compose_3":["Succeeded"]},"expression":{"and":[{"equals":["@variables('notificationStatusL1')","ON"]},{"and":[{"lessOrEquals":["@outputs('Compose_4')","@outputs('Compose_3')"]},{"greater":["@outputs('Compose_4')",0]}]}]},"metadata":{"operationMetadataId":"02e6ad2b-de57-47db-ba46-7f0cf563f6d0"},"type":"If"},"Set_personL1":{"runAfter":{"Set_clientNameL1":["Succeeded"]},"metadata":{"operationMetadataId":"f346b7a8-4421-47c4-9320-4d17a9c49443"},"type":"SetVariable","inputs":{"name":"personL1","value":"@items('Apply_to_each_L1')?['Imie, nazwisko']"}},"Get_a_row_5":{"runAfter":{"Get_a_row_4":["Succeeded"]},"metadata":{"014GGCKUAAJACV5Z3TANALCSDUZ6NXZCRR":"/!!!Acesses Status_test.xlsx","operationMetadataId":"49575551-1ace-4c1b-8a90-5da727348672","flowSystemMetadata":{"swaggerOperationId":"GetItem"},"01WRZ36JLWXANJBY52VZHL3BODJNNYEGKB":"/DRaaS Service Management/DRaaS Access Management/_DRaaS Access Status/_DRaaS Access Status L2/Accesses Status L2.xlsx","01WRZ36JPPPJQLPAR3LJFLLPO32THFTLHW":"/DRaaS Service Management/DRaaS Access Management/_DRaaS Access Status/_DRaaS Access Status L1/Accesses Status L1.xlsx"},"type":"ApiConnection","inputs":{"host":{"connection":{"name":"@parameters('$connections')['shared_excelonlinebusiness_3']['connectionId']"},"api":{"runtimeUrl":"https://flow-apim-unitedstates-002-westus-01.azure-apim.net/apim/excelonlinebusiness"}},"method":"get","path":"/drives/@{encodeURIComponent('b!xrAkntK7BUiaYYI6Vix4DoCwhbOxkK5KiyG3wDEdCqOJaZsHq8hHS7dVJwG82po5')}/files/@{encodeURIComponent(encodeURIComponent('01WRZ36JPPPJQLPAR3LJFLLPO32THFTLHW'))}/tables/@{encodeURIComponent('{AC08148F-47D0-4B91-9C1B-1DA6CA134AB5}')}/items/@{encodeURIComponent(encodeURIComponent(variables('clientNameL1')))}","queries":{"source":"me","idColumn":"Client"},"authentication":"@parameters('$authentication')"}},"Set_DayLeftBOTConfigL1":{"runAfter":{"Compose_4":["Succeeded"]},"metadata":{"operationMetadataId":"f361dbbc-9cc6-4f54-a3d6-c04c5b7f03bc"},"type":"SetVariable","inputs":{"name":"DayLeftBOTConfigL1","value":"@body('Get_a_row_5')?['NotificationDay -lt x days']"}},"Compose_3":{"runAfter":{"Set_DayLeftBOTConfigL1":["Succeeded"]},"metadata":{"operationMetadataId":"213ff8b6-e5f7-44cd-8b7f-95d00bd6603c"},"type":"Compose","inputs":"@int(variables('DayLeftBOTConfigL1'))"},"Set_DaysLeftZertoTableL1":{"runAfter":{"Set_mailL1":["Succeeded"]},"metadata":{"operationMetadataId":"6014d4f5-46ff-4339-b922-b04c1a9e0b81"},"type":"SetVariable","inputs":{"name":"DaysLeftZertoTableL1","value":"@items('Apply_to_each_L1')?['Days Left']"}},"Compose_4":{"runAfter":{"Set_DaysLeftZertoTableL1":["Succeeded"]},"metadata":{"operationMetadataId":"0f847ae5-b5e2-4027-a0e8-568c8c41fe3b"},"type":"Compose","inputs":"@int(variables('DaysLeftZertoTableL1'))"},"Get_a_row_6":{"runAfter":{"Get_a_row_5":["Succeeded"]},"metadata":{"014GGCKUAAJACV5Z3TANALCSDUZ6NXZCRR":"/!!!Acesses Status_test.xlsx","operationMetadataId":"382465e7-ee1b-40d6-8919-bb2cb384aa39","flowSystemMetadata":{"swaggerOperationId":"GetItem"},"01WRZ36JLWXANJBY52VZHL3BODJNNYEGKB":"/DRaaS Service Management/DRaaS Access Management/_DRaaS Access Status/_DRaaS Access Status L2/Accesses Status L2.xlsx","01WRZ36JPPPJQLPAR3LJFLLPO32THFTLHW":"/DRaaS Service Management/DRaaS Access Management/_DRaaS Access Status/_DRaaS Access Status L1/Accesses Status L1.xlsx"},"type":"ApiConnection","inputs":{"host":{"connection":{"name":"@parameters('$connections')['shared_excelonlinebusiness_3']['connectionId']"},"api":{"runtimeUrl":"https://flow-apim-unitedstates-002-westus-01.azure-apim.net/apim/excelonlinebusiness"}},"method":"get","path":"/drives/@{encodeURIComponent('b!xrAkntK7BUiaYYI6Vix4DoCwhbOxkK5KiyG3wDEdCqOJaZsHq8hHS7dVJwG82po5')}/files/@{encodeURIComponent(encodeURIComponent('01WRZ36JPPPJQLPAR3LJFLLPO32THFTLHW'))}/tables/@{encodeURIComponent('{8ABDB10B-E711-4B3A-893D-7FC602D3AD49}')}/items/@{encodeURIComponent(encodeURIComponent(variables('personL1')))}","queries":{"source":"me","idColumn":"Name"},"authentication":"@parameters('$authentication')"}},"Set_mailL1":{"runAfter":{"Set_notificationStatusL1":["Succeeded"]},"metadata":{"operationMetadataId":"6e19fcdf-f483-41ee-801f-1f114d90764c"},"type":"SetVariable","inputs":{"name":"mailL1","value":"@body('Get_a_row_6')?['Email']"}},"Set_notificationStatusL1":{"runAfter":{"Get_a_row_6":["Succeeded"]},"metadata":{"operationMetadataId":"3a511613-cf81-40cd-9d18-bd67d6faa0d0"},"type":"SetVariable","inputs":{"name":"notificationStatusL1","value":"@body('Get_a_row_6')?['Notification status']"}},"Set_vendorL1":{"runAfter":{"Set_personL1":["Succeeded"]},"metadata":{"operationMetadataId":"1e0649fb-ed21-4083-91c6-5823d3b56274"},"type":"SetVariable","inputs":{"name":"vendorL1","value":"@items('Apply_to_each_L1')?['Vendor']"}},"Condition_5":{"actions":{"Send_an_email_(V2)_3":{"runAfter":{},"metadata":{"operationMetadataId":"6a45440f-3d3e-49e7-878e-539a9e8384e5","flowSystemMetadata":{"swaggerOperationId":"SendEmailV2"}},"type":"ApiConnection","inputs":{"host":{"connection":{"name":"@parameters('$connections')['shared_office365_1']['connectionId']"},"api":{"runtimeUrl":"https://flow-apim-unitedstates-002-westus-01.azure-apim.net/apim/office365"}},"method":"post","body":{"To":"@variables('mailL1')","Subject":"[Automatic reply] Password for [@{variables('vendorL1')}] @{items('Apply_to_each_L1')?['Klient']} expired!","Body":"<p>Your password has expired!<br>\n<br>\nFile: <a href=\"https://kyndrylde-my.sharepoint.com/:x:/r/personal/ewa_halat_kyndryl_com/_layouts/15/Doc.aspx?sourcedoc=%7BB7607AEF-3B82-4A5A-B5BD-DBD4CE59ACF6%7D&file=Accesses%20Status%20L1.xlsx&action=default&mobileredirect=true&cid=23ddd832-6274-4188-9138-31a984554b7d\">Acesses status</a>\n<br>\n<br>\n<img src=\"https://media4.giphy.com/media/xtnYGffYPqnm6is6ki/giphy.gif?cid=ecf05e473n3al6g7f1o1zf0anfvrnvj3zr14pmjv60tfp8pk&rid=giphy.gif&ct=g\">\n<br>\n<br>\n<br>\n<br>\n</p>","Importance":"Normal"},"path":"/v2/Mail","authentication":"@parameters('$authentication')"}}},"runAfter":{"Compose_3":["Succeeded"]},"expression":{"and":[{"equals":["@variables('notificationStatusL1')","ON"]},{"and":[{"equals":["@outputs('Compose_4')",-1]}]}]},"metadata":{"operationMetadataId":"2fb81cb2-2a4d-49e2-901a-39f6281be41c"},"type":"If"},"Condition_6":{"actions":{"Send_an_email_(V2)_4":{"runAfter":{},"metadata":{"operationMetadataId":"6a45440f-3d3e-49e7-878e-539a9e8384e5","flowSystemMetadata":{"swaggerOperationId":"SendEmailV2"}},"type":"ApiConnection","inputs":{"host":{"connection":{"name":"@parameters('$connections')['shared_office365_1']['connectionId']"},"api":{"runtimeUrl":"https://flow-apim-unitedstates-002-westus-01.azure-apim.net/apim/office365"}},"method":"post","body":{"To":"@variables('mailL1')","Subject":"[Automatic reply] Password for [@{variables('vendorL1')}] @{items('Apply_to_each_L1')?['Klient']} will expire today!","Body":"<p>Your password will expire today!<br>\n<br>\nFile: <a href=\"https://kyndrylde-my.sharepoint.com/:x:/r/personal/ewa_halat_kyndryl_com/_layouts/15/Doc.aspx?sourcedoc=%7BB7607AEF-3B82-4A5A-B5BD-DBD4CE59ACF6%7D&file=Accesses%20Status%20L1.xlsx&action=default&mobileredirect=true&cid=23ddd832-6274-4188-9138-31a984554b7d\">Acesses status</a>\n<br>\n<br>\n<img src=\"https://media2.giphy.com/media/tXL4FHPSnVJ0A/giphy.gif?cid=ecf05e47hbe6pykep227rf8u6ovl9945795jle2zkt1zk0vq&rid=giphy.gif&ct=g\">\n<br>\n<br>\n<br>\n<br>\n</p>","Importance":"Normal"},"path":"/v2/Mail","authentication":"@parameters('$authentication')"}}},"runAfter":{"Compose_3":["Succeeded"]},"expression":{"and":[{"equals":["@variables('notificationStatusL1')","ON"]},{"and":[{"equals":["@outputs('Compose_4')",0]}]}]},"metadata":{"operationMetadataId":"2fb81cb2-2a4d-49e2-901a-39f6281be41c"},"type":"If"}},"runAfter":{"List_rows_Accesses_Status_L1":["Succeeded"]},"metadata":{"operationMetadataId":"e4ecb615-4b95-4d1a-805f-6d1e39c24291"},"type":"Foreach"}},"outputs":{},"description":""},"connectionReferences":{"shared_excelonlinebusiness_3":{"connectionName":"shared-excelonlinebu-23d197e2-1923-480a-a3b3-41bff205866d","source":"Embedded","id":"/providers/Microsoft.PowerApps/apis/shared_excelonlinebusiness","tier":"NotSpecified"},"shared_office365_1":{"connectionName":"shared-office365-17c45023-8a50-49a8-a260-4ec3f765dec7","source":"Embedded","id":"/providers/Microsoft.PowerApps/apis/shared_office365","tier":"NotSpecified"}},"flowFailureAlertSubscribed":false,"isManaged":false}}