{"name":"12951975-495d-48db-b27a-f4c85f65b35d","id":"/providers/Microsoft.Flow/flows/12951975-495d-48db-b27a-f4c85f65b35d","type":"Microsoft.Flow/flows","properties":{"apiId":"/providers/Microsoft.PowerApps/apis/shared_logicflows","displayName":"INC - mail notification Oliwia Mis","definition":{"metadata":{"workflowEntityId":null,"processAdvisorMetadata":null,"flowChargedByPaygo":null,"flowclientsuspensionreason":"None","flowclientsuspensiontime":null,"flowclientsuspensionreasondetails":null,"creator":{"id":"e4a4d628-d3bc-4a24-b1e7-5e275bf2ccf4","type":"User","tenantId":"f260df36-bc43-424c-8f44-c85226657b01"},"provisioningMethod":"FromDefinition","failureAlertSubscription":true,"clientLastModifiedTime":"2024-11-04T12:46:57.365326Z","connectionKeySavedTimeKey":"2024-11-04T12:46:57.365326Z"},"$schema":"https://schema.management.azure.com/providers/Microsoft.Logic/schemas/2016-06-01/workflowdefinition.json#","contentVersion":"1.0.0.0","parameters":{"$connections":{"defaultValue":{},"type":"Object"},"$authentication":{"defaultValue":{},"type":"SecureObject"}},"triggers":{"manual":{"metadata":{"operationMetadataId":"73aedf2f-b9d2-4d36-b24d-db9039ed7626"},"type":"Request","kind":"Button","inputs":{"schema":{"type":"object","properties":{},"required":[]}}}},"actions":{"LIST_INC_TABLE":{"runAfter":{},"metadata":{"014GGCKUE6KCGO54AV6ZH2RJIWOGUQV53C":"/INC/Book.xlsx","operationMetadataId":"9a670cf2-7652-4bb8-bde1-139a43e208d3","tableId":"{CE96F8FC-AED7-4F85-BC44-EE50E0159F9F}","01GZZYBNMD4ZB4J5X5KRHLA4KBREYLPAGV":"/INC_SR_Report/Book.xlsx"},"type":"OpenApiConnection","inputs":{"host":{"apiId":"/providers/Microsoft.PowerApps/apis/shared_excelonlinebusiness","connectionName":"shared_excelonlinebusiness_1","operationId":"GetItems"},"parameters":{"source":"me","drive":"b!VKMpyc6ypk24pMGTeB86PKNVwGFDxoFGn-HIO2WbEZ2Yt1X_ZBmwR4kgn_GM2-4Y","file":"01GZZYBNMD4ZB4J5X5KRHLA4KBREYLPAGV","table":"{CE96F8FC-AED7-4F85-BC44-EE50E0159F9F}"},"authentication":{"value":"@json(decodeBase64(triggerOutputs().headers['X-MS-APIM-Tokens']))['$ConnectionKey']","type":"Raw"}}},"LIST_SR_TABLE":{"runAfter":{"LIST_INC_TABLE":["Succeeded"]},"metadata":{"014GGCKUE6KCGO54AV6ZH2RJIWOGUQV53C":"/INC/Book.xlsx","operationMetadataId":"a8fa33b8-e0e1-4c4c-ac12-ad1eb10c060a","tableId":"{58F66D58-B885-4C9B-B69F-B814D7FCB008}","01GZZYBNMD4ZB4J5X5KRHLA4KBREYLPAGV":"/INC_SR_Report/Book.xlsx"},"type":"OpenApiConnection","inputs":{"host":{"apiId":"/providers/Microsoft.PowerApps/apis/shared_excelonlinebusiness","connectionName":"shared_excelonlinebusiness_1","operationId":"GetItems"},"parameters":{"source":"me","drive":"b!VKMpyc6ypk24pMGTeB86PKNVwGFDxoFGn-HIO2WbEZ2Yt1X_ZBmwR4kgn_GM2-4Y","file":"01GZZYBNMD4ZB4J5X5KRHLA4KBREYLPAGV","table":"{58F66D58-B885-4C9B-B69F-B814D7FCB008}"},"authentication":{"value":"@json(decodeBase64(triggerOutputs().headers['X-MS-APIM-Tokens']))['$ConnectionKey']","type":"Raw"}}},"LIST_BOTCONFIG_TABLE":{"runAfter":{"LIST_SR_TABLE":["Succeeded"]},"metadata":{"014GGCKUE6KCGO54AV6ZH2RJIWOGUQV53C":"/INC/Book.xlsx","operationMetadataId":"a561a6ad-efaa-4940-8d33-dcf2f184855a","tableId":"{FDDF45C2-ED1D-4335-860C-B5E0A77CE549}","01GZZYBNMD4ZB4J5X5KRHLA4KBREYLPAGV":"/INC_SR_Report/Book.xlsx"},"type":"OpenApiConnection","inputs":{"host":{"apiId":"/providers/Microsoft.PowerApps/apis/shared_excelonlinebusiness","connectionName":"shared_excelonlinebusiness_1","operationId":"GetItems"},"parameters":{"source":"me","drive":"b!VKMpyc6ypk24pMGTeB86PKNVwGFDxoFGn-HIO2WbEZ2Yt1X_ZBmwR4kgn_GM2-4Y","file":"01GZZYBNMD4ZB4J5X5KRHLA4KBREYLPAGV","table":"{FDDF45C2-ED1D-4335-860C-B5E0A77CE549}"},"authentication":{"value":"@json(decodeBase64(triggerOutputs().headers['X-MS-APIM-Tokens']))['$ConnectionKey']","type":"Raw"}}},"Initialize_variable":{"runAfter":{"LIST_BOTCONFIG_TABLE":["Succeeded"]},"metadata":{"operationMetadataId":"d15ce022-07fb-4f39-92e2-e8aa90ab8671"},"type":"InitializeVariable","inputs":{"variables":[{"name":"TechnicianNameFromINC","type":"string"}]}},"Initialize_variable_2":{"runAfter":{"Initialize_variable_3":["Succeeded"]},"metadata":{"operationMetadataId":"563d7f10-c3c3-49af-98ce-d56570047735"},"type":"InitializeVariable","inputs":{"variables":[{"name":"TechnicianEmail","type":"string"}]}},"Initialize_variable_3":{"runAfter":{"Initialize_variable_7":["Succeeded"]},"metadata":{"operationMetadataId":"c1164950-855f-45d6-b5c5-0215f5ca8ade"},"type":"InitializeVariable","inputs":{"variables":[{"name":"TechnicianNameCONF","type":"string"}]}},"Initialize_variable_4":{"runAfter":{"Initialize_variable_2":["Succeeded"]},"metadata":{"operationMetadataId":"28f90de0-2423-479c-a97a-26e7a5c0113f"},"type":"InitializeVariable","inputs":{"variables":[{"name":"IncitentNumber","type":"string"}]}},"Initialize_variable_5":{"runAfter":{"Initialize_variable_4":["Succeeded"]},"metadata":{"operationMetadataId":"6a499d10-145c-4759-9353-eb0a80b203fe"},"type":"InitializeVariable","inputs":{"variables":[{"name":"Summary","type":"string"}]}},"Initialize_variable_8":{"runAfter":{"Initialize_variable_5":["Succeeded"]},"metadata":{"operationMetadataId":"2118acbf-356f-4cf0-b456-bd20d7d1731c"},"type":"InitializeVariable","inputs":{"variables":[{"name":"Status","type":"string"}]}},"Initialize_variable_9":{"runAfter":{"Initialize_variable_8":["Succeeded"]},"metadata":{"operationMetadataId":"9231c6cc-dff1-45aa-8755-763d7692fc61"},"type":"InitializeVariable","inputs":{"variables":[{"name":"Created","type":"string"}]}},"Initialize_variable_10":{"runAfter":{"Initialize_variable_9":["Succeeded"]},"metadata":{"operationMetadataId":"60967fce-46e6-4254-bbe2-724d9552d456"},"type":"InitializeVariable","inputs":{"variables":[{"name":"DaysSinceCreation","type":"string"}]}},"Initialize_variable_11":{"runAfter":{"Initialize_variable_10":["Succeeded"]},"metadata":{"operationMetadataId":"18effc35-a0a9-436c-b364-ae1f3faba0d3"},"type":"InitializeVariable","inputs":{"variables":[{"name":"LastUpdate","type":"string"}]}},"Initialize_variable_12":{"runAfter":{"Initialize_variable_11":["Succeeded"]},"metadata":{"operationMetadataId":"c9ea1861-0e49-4c6c-9eb7-024cb44d50e3"},"type":"InitializeVariable","inputs":{"variables":[{"name":"DaysSinceLastUpdate","type":"string"}]}},"Initialize_variable_13":{"runAfter":{"Initialize_variable_12":["Succeeded"]},"metadata":{"operationMetadataId":"8c77f59d-7ff8-49ec-893e-ba164d88c83a"},"type":"InitializeVariable","inputs":{"variables":[{"name":"LastUpdateContent","type":"string"}]}},"Apply_to_each":{"foreach":"@outputs('LIST_BOTCONFIG_TABLE')?['body/value']","actions":{"Set_variable":{"runAfter":{},"metadata":{"operationMetadataId":"1a15a3e3-49d3-43df-bf0d-b97c49bf50ec"},"type":"SetVariable","inputs":{"name":"TechnicianNameCONF","value":"@items('Apply_to_each')?['Name']"}},"INCTable_filtered":{"runAfter":{"Set_variable_10":["Succeeded"]},"metadata":{"014GGCKUE6KCGO54AV6ZH2RJIWOGUQV53C":"/INC/Book.xlsx","operationMetadataId":"0ac41c1c-5665-44df-9a4b-5a0644964515","tableId":"{CE96F8FC-AED7-4F85-BC44-EE50E0159F9F}","01GZZYBNMD4ZB4J5X5KRHLA4KBREYLPAGV":"/INC_SR_Report/Book.xlsx"},"type":"OpenApiConnection","inputs":{"host":{"apiId":"/providers/Microsoft.PowerApps/apis/shared_excelonlinebusiness","connectionName":"shared_excelonlinebusiness_1","operationId":"GetItems"},"parameters":{"source":"me","drive":"b!VKMpyc6ypk24pMGTeB86PKNVwGFDxoFGn-HIO2WbEZ2Yt1X_ZBmwR4kgn_GM2-4Y","file":"01GZZYBNMD4ZB4J5X5KRHLA4KBREYLPAGV","table":"{CE96F8FC-AED7-4F85-BC44-EE50E0159F9F}","$filter":"TicketOwner eq '@{variables('TechnicianNameCONF')}'"},"authentication":{"value":"@json(decodeBase64(triggerOutputs().headers['X-MS-APIM-Tokens']))['$ConnectionKey']","type":"Raw"}}},"Set_variable_3":{"runAfter":{"Set_variable_8":["Succeeded"]},"metadata":{"operationMetadataId":"f8bbb69c-7c94-45f9-9f10-edd0cd42cb8c"},"type":"SetVariable","inputs":{"name":"INCNumberArray","value":"@{null}"}},"SRTable_filtered":{"runAfter":{"Set_variable_10":["Succeeded"]},"metadata":{"014GGCKUE6KCGO54AV6ZH2RJIWOGUQV53C":"/INC/Book.xlsx","operationMetadataId":"4db2fd17-0a1c-4bf8-912d-aca9daf3b438","tableId":"{58F66D58-B885-4C9B-B69F-B814D7FCB008}","01GZZYBNMD4ZB4J5X5KRHLA4KBREYLPAGV":"/INC_SR_Report/Book.xlsx"},"type":"OpenApiConnection","inputs":{"host":{"apiId":"/providers/Microsoft.PowerApps/apis/shared_excelonlinebusiness","connectionName":"shared_excelonlinebusiness_1","operationId":"GetItems"},"parameters":{"source":"me","drive":"b!VKMpyc6ypk24pMGTeB86PKNVwGFDxoFGn-HIO2WbEZ2Yt1X_ZBmwR4kgn_GM2-4Y","file":"01GZZYBNMD4ZB4J5X5KRHLA4KBREYLPAGV","table":"{58F66D58-B885-4C9B-B69F-B814D7FCB008}","$filter":"TicketOwner eq '@{variables('TechnicianNameCONF')}'"},"authentication":{"value":"@json(decodeBase64(triggerOutputs().headers['X-MS-APIM-Tokens']))['$ConnectionKey']","type":"Raw"}}},"Set_variable_6":{"runAfter":{"Set_variable_3":["Succeeded"]},"metadata":{"operationMetadataId":"a8347ad3-ab20-4e95-a0ba-d30d241a7a88"},"type":"SetVariable","inputs":{"name":"SRNumberArray","value":"@{null}"}},"Apply_to_each_per_INC":{"foreach":"@outputs('INCTable_filtered')?['body/value']","actions":{"Set_variable_2":{"runAfter":{},"metadata":{"operationMetadataId":"a889e46f-be9c-4751-8d7c-82381c1c2774"},"type":"SetVariable","inputs":{"name":"TechnicianNameFromINC","value":"@items('Apply_to_each_per_INC')?['TicketOwner']"}},"Condition_2":{"actions":{"Set_variable_4":{"runAfter":{},"metadata":{"operationMetadataId":"4321cc92-7aaa-4c11-ada6-e48e58cd94d4"},"type":"SetVariable","inputs":{"name":"IncitentNumber","value":"@items('Apply_to_each_per_INC')?['Incident Number']"}},"Append_to_string_variable":{"runAfter":{"Set_variable_4":["Succeeded"]},"metadata":{"operationMetadataId":"e474d184-598b-475f-b3dd-c7512f048430"},"type":"AppendToStringVariable","inputs":{"name":"INCNumberArray","value":"@{variables('IncitentNumber')} Days since last update: @{items('Apply_to_each_per_INC')?['Days since last update']};\n"}},"Append_to_string_variable_3":{"runAfter":{"Append_to_string_variable":["Succeeded"]},"metadata":{"operationMetadataId":"0c7481a2-7468-427a-9ca8-cbed76e06982"},"type":"AppendToStringVariable","inputs":{"name":"INCNumberArrayEmail","value":"@{variables('IncitentNumber')} Days since last update: @{items('Apply_to_each_per_INC')?['Days since last update']}; <br>\n"}}},"runAfter":{"Set_variable_2":["Succeeded"]},"expression":{"equals":["@variables('TechnicianNameCONF')","@variables('TechnicianNameFromINC')"]},"metadata":{"operationMetadataId":"eff8e16e-3882-4c36-bb01-d0181d6d6a0c"},"type":"If"}},"runAfter":{"INCTable_filtered":["Succeeded"]},"metadata":{"operationMetadataId":"c4bc46e5-c6ef-4a67-b805-1af4cdc8b4b4"},"type":"Foreach"},"Apply_to_each_per_SR":{"foreach":"@outputs('SRTable_filtered')?['body/value']","actions":{"Set_variable_5":{"runAfter":{},"metadata":{"operationMetadataId":"7753b81b-8a94-4da2-be24-ba10c3d9e3ea"},"type":"SetVariable","inputs":{"name":"TechnicianNameFromSR","value":"@items('Apply_to_each_per_SR')?['TicketOwner']"}},"Condition":{"actions":{"Set_variable_7":{"runAfter":{},"metadata":{"operationMetadataId":"4321cc92-7aaa-4c11-ada6-e48e58cd94d4"},"type":"SetVariable","inputs":{"name":"IncitentNumber","value":"@items('Apply_to_each_per_SR')?['Incident Number']"}},"Append_to_string_variable_2":{"runAfter":{"Set_variable_7":["Succeeded"]},"metadata":{"operationMetadataId":"e474d184-598b-475f-b3dd-c7512f048430"},"type":"AppendToStringVariable","inputs":{"name":"SRNumberArray","value":"@{variables('IncitentNumber')} Days since last update: @{items('Apply_to_each_per_SR')?['Days since last update']};\n"}},"Append_to_string_variable_4":{"runAfter":{"Append_to_string_variable_2":["Succeeded"]},"metadata":{"operationMetadataId":"67d2946e-1857-415a-b1c2-ca836c1dfb55"},"type":"AppendToStringVariable","inputs":{"name":"SRNumberArrayEmail","value":"@{variables('IncitentNumber')} Days since last update: @{items('Apply_to_each_per_SR')?['Days since last update']};<br>\n"}}},"runAfter":{"Set_variable_5":["Succeeded"]},"expression":{"equals":["@variables('TechnicianNameCONF')","@variables('TechnicianNameFromSR')"]},"metadata":{"operationMetadataId":"eff8e16e-3882-4c36-bb01-d0181d6d6a0c"},"type":"If"}},"runAfter":{"SRTable_filtered":["Succeeded"]},"metadata":{"operationMetadataId":"23271ef2-4617-497e-9345-2ca92b63cdcd"},"type":"Foreach"},"Set_variable_8":{"runAfter":{"BotConfig_filtered":["Succeeded"]},"metadata":{"operationMetadataId":"12806d5a-299e-44a8-9e9a-9bf7032c4f6d"},"type":"SetVariable","inputs":{"name":"TechnicianEmail","value":"@items('Apply_to_each')?['Email']"}},"Set_variable_9":{"runAfter":{"Set_variable_6":["Succeeded"]},"metadata":{"operationMetadataId":"d5a2bb80-a510-4edf-9cb8-5b8e93e83cb3"},"type":"SetVariable","inputs":{"name":"INCNumberArrayEmail","value":"@{null}"}},"Set_variable_10":{"runAfter":{"Set_variable_9":["Succeeded"]},"metadata":{"operationMetadataId":"1c91c1a6-2eaa-419f-a498-f524d821187d"},"type":"SetVariable","inputs":{"name":"SRNumberArrayEmail","value":"@{null}"}},"BotConfig_filtered":{"runAfter":{"Set_variable":["Succeeded"]},"metadata":{"01GZZYBNMD4ZB4J5X5KRHLA4KBREYLPAGV":"/INC_SR_Report/Book.xlsx","operationMetadataId":"8861022c-3097-42ed-af02-c585b29bc885","tableId":"{FDDF45C2-ED1D-4335-860C-B5E0A77CE549}"},"type":"OpenApiConnection","inputs":{"host":{"apiId":"/providers/Microsoft.PowerApps/apis/shared_excelonlinebusiness","connectionName":"shared_excelonlinebusiness_1","operationId":"GetItems"},"parameters":{"source":"me","drive":"b!VKMpyc6ypk24pMGTeB86PKNVwGFDxoFGn-HIO2WbEZ2Yt1X_ZBmwR4kgn_GM2-4Y","file":"01GZZYBNMD4ZB4J5X5KRHLA4KBREYLPAGV","table":"{FDDF45C2-ED1D-4335-860C-B5E0A77CE549}","$filter":"Name eq '@{variables('TechnicianNameCONF')}'"},"authentication":{"value":"@json(decodeBase64(triggerOutputs().headers['X-MS-APIM-Tokens']))['$ConnectionKey']","type":"Raw"}}},"Condition_3":{"actions":{"Per_manager":{"foreach":"@outputs('BotConfig_filtered')?['body/value']","actions":{"Set_variable_11":{"runAfter":{},"metadata":{"operationMetadataId":"0a8f1f4e-90b2-4ae0-9bee-23996eec563c"},"type":"SetVariable","inputs":{"name":"Manager","value":"@items('Per_manager')?['Manager']"}},"Switch":{"runAfter":{"Set_variable_11":["Succeeded"]},"cases":{"Natalia_Stawiarska":{"case":"Natalia Stawiarska","actions":{"Add_a_row_into_a_table":{"runAfter":{},"metadata":{"014GGCKUE6KCGO54AV6ZH2RJIWOGUQV53C":"/INC/Book.xlsx","operationMetadataId":"03ab9eee-8c8c-4dd5-b069-e72323a950e2","tableId":"{E9A3FF1F-2DFB-4667-A65C-1EFEBA6B2CDF}","01GZZYBNMD4ZB4J5X5KRHLA4KBREYLPAGV":"/INC_SR_Report/Book.xlsx"},"type":"OpenApiConnection","inputs":{"host":{"apiId":"/providers/Microsoft.PowerApps/apis/shared_excelonlinebusiness","connectionName":"shared_excelonlinebusiness_1","operationId":"AddRowV2"},"parameters":{"source":"me","drive":"b!VKMpyc6ypk24pMGTeB86PKNVwGFDxoFGn-HIO2WbEZ2Yt1X_ZBmwR4kgn_GM2-4Y","file":"01GZZYBNMD4ZB4J5X5KRHLA4KBREYLPAGV","table":"{E9A3FF1F-2DFB-4667-A65C-1EFEBA6B2CDF}","item/Email":"@variables('TechnicianEmail')","item/Content":"Hi @{variables('TechnicianNameCONF')},\nList of all tickets assigned to you in ServiceNOW (https://kyndrylus.service-now.com/):\n\nIncidents:\n@{variables('INCNumberArray')}\nService Requests:\n@{variables('SRNumberArray')}\nKindly update the ticket as soon as possible.","item/CC":"krzysztof.jarzabek@kyndryl.com"},"authentication":{"value":"@json(decodeBase64(triggerOutputs().headers['X-MS-APIM-Tokens']))['$ConnectionKey']","type":"Raw"}}},"Send_an_email_(V2)":{"runAfter":{"Add_a_row_into_a_table":["Succeeded"]},"metadata":{"operationMetadataId":"5901bd2a-999c-4a6c-b272-1be07b80e5c4"},"type":"OpenApiConnection","inputs":{"host":{"apiId":"/providers/Microsoft.PowerApps/apis/shared_office365","connectionName":"shared_office365","operationId":"SendEmailV2"},"parameters":{"emailMessage/To":"@variables('TechnicianEmail')","emailMessage/Subject":"[Reminder] ServiceNOW ticket status","emailMessage/Body":"<p>Hi @{variables('TechnicianNameCONF')},<br>\nList of all tickets assigned to you in ServiceNOW (https://kyndrylus.service-now.com/):<br>\n<br>\nIncidents:<br>\n@{variables('INCNumberArrayEmail')}<br>\nService Requests:<br>\n@{variables('SRNumberArrayEmail')}<br>\nKindly update the ticket as soon as possible.</p>","emailMessage/Cc":"oliwia.mis@kyndryl.com;Patrycja.Bejgier@kyndryl.com;Adam.Wolf@kyndryl.com;Krzysztof.Jarzabek@kyndryl.com","emailMessage/Importance":"Normal"},"authentication":{"value":"@json(decodeBase64(triggerOutputs().headers['X-MS-APIM-Tokens']))['$ConnectionKey']","type":"Raw"}}}}},"Ewa_Hałat":{"case":"Ewa Hałat","actions":{"Add_a_row_into_a_table_2":{"runAfter":{},"metadata":{"01GZZYBNMD4ZB4J5X5KRHLA4KBREYLPAGV":"/INC_SR_Report/Book.xlsx","operationMetadataId":"fec799ed-9daf-4f9d-a932-a6cf66309ca5","tableId":"{E9A3FF1F-2DFB-4667-A65C-1EFEBA6B2CDF}"},"type":"OpenApiConnection","inputs":{"host":{"apiId":"/providers/Microsoft.PowerApps/apis/shared_excelonlinebusiness","connectionName":"shared_excelonlinebusiness_1","operationId":"AddRowV2"},"parameters":{"source":"me","drive":"b!VKMpyc6ypk24pMGTeB86PKNVwGFDxoFGn-HIO2WbEZ2Yt1X_ZBmwR4kgn_GM2-4Y","file":"01GZZYBNMD4ZB4J5X5KRHLA4KBREYLPAGV","table":"{E9A3FF1F-2DFB-4667-A65C-1EFEBA6B2CDF}","item/Email":"@variables('TechnicianEmail')","item/Content":"Hi @{variables('TechnicianNameCONF')},\nList of all tickets assigned to you in ServiceNOW (https://kyndrylus.service-now.com/):\n\nIncidents:\n@{variables('INCNumberArray')}\nService Requests:\n@{variables('SRNumberArray')}\nKindly update the ticket as soon as possible.","item/CC":"ewa.halat@kyndryl.com"},"authentication":{"value":"@json(decodeBase64(triggerOutputs().headers['X-MS-APIM-Tokens']))['$ConnectionKey']","type":"Raw"}}},"Send_an_email_(V2)_2":{"runAfter":{"Add_a_row_into_a_table_2":["Succeeded"]},"metadata":{"operationMetadataId":"cba4e3b9-ec3c-4fb8-8bb4-cf9bc4b14a0f"},"type":"OpenApiConnection","inputs":{"host":{"apiId":"/providers/Microsoft.PowerApps/apis/shared_office365","connectionName":"shared_office365","operationId":"SendEmailV2"},"parameters":{"emailMessage/To":"@variables('TechnicianEmail')","emailMessage/Subject":"[Reminder] ServiceNOW ticket status","emailMessage/Body":"<p>Hi @{variables('TechnicianNameCONF')},<br>\nList of all tickets assigned to you in ServiceNOW (https://kyndrylus.service-now.com/):<br>\n<br>\nIncidents:<br>\n@{variables('INCNumberArrayEmail')}<br>\nService Requests:<br>\n@{variables('SRNumberArrayEmail')}<br>\nKindly update the ticket as soon as possible.</p>","emailMessage/Cc":"oliwia.mis@kyndryl.com;Patrycja.Bejgier@kyndryl.com;Adam.Wolf@kyndryl.com;Ewa.Halat@kyndryl.com","emailMessage/Importance":"Normal"},"authentication":{"value":"@json(decodeBase64(triggerOutputs().headers['X-MS-APIM-Tokens']))['$ConnectionKey']","type":"Raw"}}}}},"Katarzyna_Kempa":{"case":"Katarzyna Kempa","actions":{"Add_a_row_into_a_table_3":{"runAfter":{},"metadata":{"01GZZYBNMD4ZB4J5X5KRHLA4KBREYLPAGV":"/INC_SR_Report/Book.xlsx","operationMetadataId":"b52c1cc1-03bc-43db-8a58-0b5e3853604f","tableId":"{E9A3FF1F-2DFB-4667-A65C-1EFEBA6B2CDF}"},"type":"OpenApiConnection","inputs":{"host":{"apiId":"/providers/Microsoft.PowerApps/apis/shared_excelonlinebusiness","connectionName":"shared_excelonlinebusiness_1","operationId":"AddRowV2"},"parameters":{"source":"me","drive":"b!VKMpyc6ypk24pMGTeB86PKNVwGFDxoFGn-HIO2WbEZ2Yt1X_ZBmwR4kgn_GM2-4Y","file":"01GZZYBNMD4ZB4J5X5KRHLA4KBREYLPAGV","table":"{E9A3FF1F-2DFB-4667-A65C-1EFEBA6B2CDF}","item/Email":"@variables('TechnicianEmail')","item/Content":"Hi @{variables('TechnicianNameCONF')},\nList of all tickets assigned to you in ServiceNOW (https://kyndrylus.service-now.com/):\n\nIncidents:\n@{variables('INCNumberArray')}\nService Requests:\n@{variables('SRNumberArray')}\nKindly update the ticket as soon as possible."},"authentication":{"value":"@json(decodeBase64(triggerOutputs().headers['X-MS-APIM-Tokens']))['$ConnectionKey']","type":"Raw"}}},"Send_an_email_(V2)_3":{"runAfter":{"Add_a_row_into_a_table_3":["Succeeded"]},"metadata":{"operationMetadataId":"c6e8625e-54ff-43be-bcf3-d3f6244306ca"},"type":"OpenApiConnection","inputs":{"host":{"apiId":"/providers/Microsoft.PowerApps/apis/shared_office365","connectionName":"shared_office365","operationId":"SendEmailV2"},"parameters":{"emailMessage/To":"@variables('TechnicianEmail')","emailMessage/Subject":"[Reminder] ServiceNOW ticket status","emailMessage/Body":"<p>Hi @{variables('TechnicianNameCONF')},<br>\nList of all tickets assigned to you in ServiceNOW (https://kyndrylus.service-now.com/):<br>\n<br>\nIncidents:<br>\n@{variables('INCNumberArrayEmail')}<br>\nService Requests:<br>\n@{variables('SRNumberArrayEmail')}<br>\nKindly update the ticket as soon as possible.</p>","emailMessage/Cc":"oliwia.mis@kyndryl.com;Patrycja.Bejgier@kyndryl.com;Adam.Wolf@kyndryl.com","emailMessage/Importance":"Normal"},"authentication":{"value":"@json(decodeBase64(triggerOutputs().headers['X-MS-APIM-Tokens']))['$ConnectionKey']","type":"Raw"}}}}},"Olga_Góralewska":{"case":"Olga Góralewska","actions":{"Add_a_row_into_a_table_4":{"runAfter":{},"metadata":{"01GZZYBNMD4ZB4J5X5KRHLA4KBREYLPAGV":"/INC_SR_Report/Book.xlsx","operationMetadataId":"736f5816-fde9-4bb7-8343-7e9336cb35af","tableId":"{E9A3FF1F-2DFB-4667-A65C-1EFEBA6B2CDF}"},"type":"OpenApiConnection","inputs":{"host":{"apiId":"/providers/Microsoft.PowerApps/apis/shared_excelonlinebusiness","connectionName":"shared_excelonlinebusiness_1","operationId":"AddRowV2"},"parameters":{"source":"me","drive":"b!VKMpyc6ypk24pMGTeB86PKNVwGFDxoFGn-HIO2WbEZ2Yt1X_ZBmwR4kgn_GM2-4Y","file":"01GZZYBNMD4ZB4J5X5KRHLA4KBREYLPAGV","table":"{E9A3FF1F-2DFB-4667-A65C-1EFEBA6B2CDF}","item/Email":"@variables('TechnicianEmail')","item/Content":"Hi @{variables('TechnicianNameCONF')},\nList of all tickets assigned to you in ServiceNOW (https://kyndrylus.service-now.com/):\n\nIncidents:\n@{variables('INCNumberArray')}\nService Requests:\n@{variables('SRNumberArray')}\nKindly update the ticket as soon as possible."},"authentication":{"value":"@json(decodeBase64(triggerOutputs().headers['X-MS-APIM-Tokens']))['$ConnectionKey']","type":"Raw"}}},"Send_an_email_(V2)_4":{"runAfter":{"Add_a_row_into_a_table_4":["Succeeded"]},"metadata":{"operationMetadataId":"fa142fb8-6d80-4b5b-bbd3-f9fa3bfc7cdf"},"type":"OpenApiConnection","inputs":{"host":{"apiId":"/providers/Microsoft.PowerApps/apis/shared_office365","connectionName":"shared_office365","operationId":"SendEmailV2"},"parameters":{"emailMessage/To":"@variables('TechnicianEmail')","emailMessage/Subject":"[Reminder] ServiceNOW ticket status","emailMessage/Body":"<p>Hi @{variables('TechnicianNameCONF')},<br>\nList of all tickets assigned to you in ServiceNOW (https://kyndrylus.service-now.com/):<br>\n<br>\nIncidents:<br>\n@{variables('INCNumberArrayEmail')}<br>\nService Requests:<br>\n@{variables('SRNumberArrayEmail')}<br>\nKindly update the ticket as soon as possible.</p>","emailMessage/Cc":"oliwia.mis@kyndryl.com;Patrycja.Bejgier@kyndryl.com;Adam.Wolf@kyndryl.com","emailMessage/Importance":"Normal"},"authentication":{"value":"@json(decodeBase64(triggerOutputs().headers['X-MS-APIM-Tokens']))['$ConnectionKey']","type":"Raw"}}}}}},"default":{"actions":{}},"expression":"@variables('Manager')","metadata":{"operationMetadataId":"fe4b85d0-7b2e-46c7-82e1-74fe7061d859"},"type":"Switch"}},"runAfter":{},"metadata":{"operationMetadataId":"95b76b47-1be9-4251-9815-6c2477bf76b1"},"type":"Foreach"}},"runAfter":{"Apply_to_each_per_INC":["Succeeded"],"Apply_to_each_per_SR":["Succeeded"]},"expression":{"or":[{"startsWith":["@variables('INCNumberArray')","INC"]},{"startsWith":["@variables('SRNumberArray')","SR"]}]},"metadata":{"operationMetadataId":"6f9a661b-d32c-4762-88fc-b64d4f2fe2d0"},"type":"If"}},"runAfter":{"Initialize_variable_17":["Succeeded"]},"metadata":{"operationMetadataId":"57969dad-d89d-4da0-ba72-f6d632a9db78"},"type":"Foreach"},"Initialize_variable_6":{"runAfter":{"Initialize_variable_13":["Succeeded"]},"metadata":{"operationMetadataId":"dabba002-72f2-4453-a831-80beb7ea03e4"},"type":"InitializeVariable","inputs":{"variables":[{"name":"INCNumberArray","type":"string"}]}},"Initialize_variable_7":{"runAfter":{"Initialize_variable":["Succeeded"]},"metadata":{"operationMetadataId":"a2574b92-31d0-4715-ad7c-fa3f866e15d8"},"type":"InitializeVariable","inputs":{"variables":[{"name":"TechnicianNameFromSR","type":"string"}]}},"Initialize_variable_14":{"runAfter":{"Initialize_variable_6":["Succeeded"]},"metadata":{"operationMetadataId":"dabba002-72f2-4453-a831-80beb7ea03e4"},"type":"InitializeVariable","inputs":{"variables":[{"name":"SRNumberArray","type":"string"}]}},"Initialize_variable_15":{"runAfter":{"Initialize_variable_14":["Succeeded"]},"metadata":{"operationMetadataId":"1471a4d9-e06f-4295-94c2-797e0fe55459"},"type":"InitializeVariable","inputs":{"variables":[{"name":"INCNumberArrayEmail","type":"string"}]}},"Initialize_variable_16":{"runAfter":{"Initialize_variable_15":["Succeeded"]},"metadata":{"operationMetadataId":"3d4f2761-95ca-424a-b801-793c98e0a611"},"type":"InitializeVariable","inputs":{"variables":[{"name":"SRNumberArrayEmail","type":"string"}]}},"Initialize_variable_17":{"runAfter":{"Initialize_variable_16":["Succeeded"]},"metadata":{"operationMetadataId":"0ef1e39f-aaf4-4e13-83eb-7abc60e511df"},"type":"InitializeVariable","inputs":{"variables":[{"name":"Manager","type":"string"}]}}}},"connectionReferences":{"shared_excelonlinebusiness_1":{"connectionName":"shared-excelonlinebu-613e6e19-c5fe-4633-b9ff-1869fefda1a3","source":"Invoker","id":"/providers/Microsoft.PowerApps/apis/shared_excelonlinebusiness","tier":"NotSpecified"},"shared_office365":{"connectionName":"shared-office365-fd8c0295-c2df-4f39-a322-cbfbb4ed4b80","source":"Invoker","id":"/providers/Microsoft.PowerApps/apis/shared_office365","tier":"NotSpecified"}},"flowFailureAlertSubscribed":false,"isManaged":false}}