{"name":"73ef7019-756d-4c17-b52e-23afce517cd2","id":"/providers/Microsoft.Flow/flows/73ef7019-756d-4c17-b52e-23afce517cd2","type":"Microsoft.Flow/flows","properties":{"apiId":"/providers/Microsoft.PowerApps/apis/shared_logicflows","displayName":"INC 30_60_90 + weekly report","definition":{"metadata":{"workflowEntityId":null,"processAdvisorMetadata":null,"flowChargedByPaygo":null,"flowclientsuspensionreason":"None","flowclientsuspensiontime":null,"flowclientsuspensionreasondetails":null,"creator":{"id":"e4a4d628-d3bc-4a24-b1e7-5e275bf2ccf4","type":"User","tenantId":"f260df36-bc43-424c-8f44-c85226657b01"},"provisioningMethod":"FromDefinition","failureAlertSubscription":true,"clientLastModifiedTime":"2025-09-18T08:53:37.0033118Z","connectionKeySavedTimeKey":"2025-09-18T08:53:37.0033118Z","creationSource":null},"$schema":"https://schema.management.azure.com/providers/Microsoft.Logic/schemas/2016-06-01/workflowdefinition.json#","contentVersion":"1.0.0.0","parameters":{"$connections":{"defaultValue":{},"type":"Object"},"$authentication":{"defaultValue":{},"type":"SecureObject"}},"triggers":{"manual":{"metadata":{"operationMetadataId":"e946826b-86f7-45c0-8526-1c91c8e328ca"},"type":"Request","kind":"Button","inputs":{"schema":{"type":"object","properties":{},"required":[]}}}},"actions":{"SNOW_RAPORT":{"runAfter":{"Initialize_CurrentDate_variable":["Succeeded"]},"metadata":{"014GGCKUGZUG23S7K3DRCL7RTP6XUHDX4V":"/INC/incident.xlsx","operationMetadataId":"e1b0a1a6-1bc3-4d43-806d-8edc79db7ca5","tableId":"{A68A932C-BFED-41F4-A4D9-F2126E814E1C}","01GZZYBNKYWVADNCW4R5GIEHUNTIRTXDGF":"/INC_SR_Report/incident.xlsx"},"type":"OpenApiConnection","inputs":{"host":{"apiId":"/providers/Microsoft.PowerApps/apis/shared_excelonlinebusiness","connectionName":"shared_excelonlinebusiness_1","operationId":"GetItems"},"parameters":{"source":"me","drive":"b!VKMpyc6ypk24pMGTeB86PKNVwGFDxoFGn-HIO2WbEZ2Yt1X_ZBmwR4kgn_GM2-4Y","file":"01GZZYBNKYWVADNCW4R5GIEHUNTIRTXDGF","table":"{A68A932C-BFED-41F4-A4D9-F2126E814E1C}"},"authentication":{"value":"@json(decodeBase64(triggerOutputs().headers['X-MS-APIM-Tokens']))['$ConnectionKey']","type":"Raw"}}},"Initialize_ticketNumber_variable":{"runAfter":{"Cleanup_AllTicketsTable_30_60_90.xslx":["Succeeded"]},"metadata":{"operationMetadataId":"05a85f70-01fa-4feb-8ae6-254144b228cb"},"type":"InitializeVariable","inputs":{"variables":[{"name":"ticketNumber","type":"string"}]}},"Initialize_Summary_variable_":{"runAfter":{"Initialize_ticketNumber_variable":["Succeeded"]},"metadata":{"operationMetadataId":"f3a23f54-1300-4879-8f70-35cb6bb115c5"},"type":"InitializeVariable","inputs":{"variables":[{"name":"Summary","type":"string"}]}},"Initialize_Customer_variable":{"runAfter":{"Initialize_Summary_variable_":["Succeeded"]},"metadata":{"operationMetadataId":"632b5148-ca97-48b8-ae5d-eb06049d214d"},"type":"InitializeVariable","inputs":{"variables":[{"name":"Customer","type":"string"}]}},"Initialize_Severity_variable":{"runAfter":{"Initialize_Customer_variable":["Succeeded"]},"metadata":{"operationMetadataId":"50c9b80c-1803-49bd-9ad5-5c48b013cfdc"},"type":"InitializeVariable","inputs":{"variables":[{"name":"Severity","type":"string"}]}},"Initialize_Status_variable":{"runAfter":{"Initialize_SeverityFromSNOW_variable":["Succeeded"]},"metadata":{"operationMetadataId":"1c75c0d1-d346-4395-a74b-59f0b9fcb63d"},"type":"InitializeVariable","inputs":{"variables":[{"name":"Status","type":"string"}]}},"Initialize_CreatedBy_variable":{"runAfter":{"Initialize_Status_variable":["Succeeded"]},"metadata":{"operationMetadataId":"ba688224-fbf2-4321-b469-d3c047836822"},"type":"InitializeVariable","inputs":{"variables":[{"name":"CreatedBy","type":"string"}]}},"Initialize_Created_variable":{"runAfter":{"Initialize_CreatedBy_variable":["Succeeded"]},"metadata":{"operationMetadataId":"28dd9954-8ad2-4949-870a-0bf1ae3231f9"},"type":"InitializeVariable","inputs":{"variables":[{"name":"Created","type":"string"}]}},"Initialize_Updated_variable":{"runAfter":{"Initialize_Created_variable":["Succeeded"]},"metadata":{"operationMetadataId":"6df1ddf5-96fb-44b9-879d-8e3658826b5f"},"type":"InitializeVariable","inputs":{"variables":[{"name":"Updated","type":"string"}]}},"Initialize_AssignedTo_variable":{"runAfter":{"Initialize_Updated_variable":["Succeeded"]},"metadata":{"operationMetadataId":"c1775768-1e4a-4484-83d2-7ab8d470a900"},"type":"InitializeVariable","inputs":{"variables":[{"name":"AssignedTo","type":"string"}]}},"Initialize_WorkNotes_variable":{"runAfter":{"Initialize_AssignedTo_variable":["Succeeded"]},"metadata":{"operationMetadataId":"cf52c9d6-d588-45f5-94c3-a1e065a599cb"},"type":"InitializeVariable","inputs":{"variables":[{"name":"WorkNotes","type":"string"}]}},"Current_time":{"runAfter":{},"metadata":{"operationMetadataId":"227eacef-0992-4f7b-9071-2a18ae28c9c0"},"type":"Expression","kind":"CurrentTime","inputs":{}},"Initialize_CurrentDate_variable":{"runAfter":{"Delay":["Succeeded"]},"metadata":{"operationMetadataId":"46147637-72fe-4ce0-8d96-1385718e4524"},"type":"InitializeVariable","inputs":{"variables":[{"name":"CurrentDate","type":"string","value":"@{formatDateTime(body('Current_time'),'yyyy-MM-dd')}"}]}},"Initialize_UpdatedISO_variable":{"runAfter":{"Initialize_WorkNotes_variable":["Succeeded"]},"metadata":{"operationMetadataId":"40cd4e93-3529-42da-890a-c473905ee71a"},"type":"InitializeVariable","inputs":{"variables":[{"name":"UpdatedISO","type":"string"}]}},"Initialize_CreatedISO_variable":{"runAfter":{"Initialize_UpdatedISO_variable":["Succeeded"]},"metadata":{"operationMetadataId":"bd8f3ce8-da8d-4619-933c-3fc63ef3b2e3"},"type":"InitializeVariable","inputs":{"variables":[{"name":"CreatedISO","type":"string"}]}},"Initialize_UpdatedConv_variable":{"runAfter":{"Initialize_CreatedISO_variable":["Succeeded"]},"metadata":{"operationMetadataId":"7dfdc3fd-3941-44b9-b43a-be5beaa6d0eb"},"type":"InitializeVariable","inputs":{"variables":[{"name":"UpdatedConv","type":"string"}]}},"Initialize_CreatedConv_variable":{"runAfter":{"Initialize_UpdatedConv_variable":["Succeeded"]},"metadata":{"operationMetadataId":"5da37f34-2f06-42e2-a966-3edfa4d4a58f"},"type":"InitializeVariable","inputs":{"variables":[{"name":"CreatedConv","type":"string"}]}},"Initialize_UpdatedConvINT_variable":{"runAfter":{"Initialize_CreatedConv_variable":["Succeeded"]},"metadata":{"operationMetadataId":"fac62454-d9f2-4afd-89d9-e6b899d278af"},"type":"InitializeVariable","inputs":{"variables":[{"name":"UpdatedConvINT","type":"integer"}]}},"Initialize_CreatedConvINT_variable":{"runAfter":{"Initialize_UpdatedConvINT_variable":["Succeeded"]},"metadata":{"operationMetadataId":"1d3f29ce-c1bc-4a61-a09a-c2e07bf142fc"},"type":"InitializeVariable","inputs":{"variables":[{"name":"CreatedConvINT","type":"integer"}]}},"Initialize_WorkNotesTechnician_variable":{"runAfter":{"Initialize_CreatedConvINT_variable":["Succeeded"]},"metadata":{"operationMetadataId":"48c5f6a8-987f-46f3-9979-5a87994b23b8"},"type":"InitializeVariable","inputs":{"variables":[{"name":"WorkNotesTechnician","type":"string"}]}},"Initialize_TechnicianBotConfig_variable":{"runAfter":{"Initialize_IncidentManagerName_variable":["Succeeded"]},"metadata":{"operationMetadataId":"2ac73410-97c5-4069-bcba-dc19c819c1c3"},"type":"InitializeVariable","inputs":{"variables":[{"name":"TechnicianBotConfig","type":"array"}]}},"BOTCONFIG":{"runAfter":{"SNOW_RAPORT":["Succeeded"]},"metadata":{"014GGCKUE6KCGO54AV6ZH2RJIWOGUQV53C":"/INC/Book.xlsx","operationMetadataId":"6f137b1e-1745-4b01-a8b0-31bc9aa192b0","tableId":"{AD668359-0715-46FA-9F7A-033D28DD5482}","01GZZYBNMD4ZB4J5X5KRHLA4KBREYLPAGV":"/INC_SR_Report/Book.xlsx","01GZZYBNO43WAQF5AQOJCY5CK6PSHAYYQA":"/BOT Report (INC_SR 30_60_90 + weekly)/[30][60][90] Incident list.xlsx"},"type":"OpenApiConnection","inputs":{"host":{"apiId":"/providers/Microsoft.PowerApps/apis/shared_excelonlinebusiness","connectionName":"shared_excelonlinebusiness_1","operationId":"GetItems"},"parameters":{"source":"me","drive":"b!VKMpyc6ypk24pMGTeB86PKNVwGFDxoFGn-HIO2WbEZ2Yt1X_ZBmwR4kgn_GM2-4Y","file":"01GZZYBNO43WAQF5AQOJCY5CK6PSHAYYQA","table":"{AD668359-0715-46FA-9F7A-033D28DD5482}"},"authentication":{"value":"@json(decodeBase64(triggerOutputs().headers['X-MS-APIM-Tokens']))['$ConnectionKey']","type":"Raw"}}},"Create_technician_name_array":{"foreach":"@outputs('BOTCONFIG')?['body/value']","actions":{"Append_to_TachnicianBotConfig_array":{"runAfter":{},"metadata":{"operationMetadataId":"8e068c7d-f946-4ff8-8b40-c9ad1dc50488"},"type":"AppendToArrayVariable","inputs":{"name":"TechnicianBotConfig","value":"@items('Create_technician_name_array')?['Name']"}}},"runAfter":{"Initialize_name_variable":["Succeeded"]},"metadata":{"operationMetadataId":"90146efd-fcc1-441e-947e-d3da5730a7d8"},"type":"Foreach"},"Initialize_DateFromWorkNotes_variable":{"runAfter":{"Initialize_IncidentManagerConfig_variable":["Succeeded"]},"metadata":{"operationMetadataId":"39ef9fbd-0aa5-4427-9ac2-62e365ff1fe7"},"type":"InitializeVariable","inputs":{"variables":[{"name":"DateFromWorkNotes","type":"string"}]}},"Initialize_WorkStart_variable":{"runAfter":{"Initialize_DateFromWorkNotes_variable":["Succeeded"]},"metadata":{"operationMetadataId":"b7309a57-44d5-4b0f-8380-44abaa46558e"},"type":"InitializeVariable","inputs":{"variables":[{"name":"WorkStart","type":"string"}]}},"Initialize_WorkStartConv_variable":{"runAfter":{"Initialize_WorkStart_variable":["Succeeded"]},"metadata":{"operationMetadataId":"39039b86-11f7-4807-b061-035e4f8498ee"},"type":"InitializeVariable","inputs":{"variables":[{"name":"WorkStartConv","type":"string"}]}},"CREATE_Book.xslx_AND_30_60_90.xlsx_FILES":{"foreach":"@outputs('SNOW_RAPORT')?['body/value']","actions":{"Set_Ticket_number_variable":{"runAfter":{},"metadata":{"operationMetadataId":"8bb89697-833a-4666-8610-ac55e6ef0cc2"},"type":"SetVariable","inputs":{"name":"ticketNumber","value":"@items('CREATE_Book.xslx_AND_30_60_90.xlsx_FILES')?['Number']"}},"Set_Summary_variable":{"runAfter":{"Set_Ticket_number_variable":["Succeeded"]},"metadata":{"operationMetadataId":"99b1ae76-ac5f-48fa-9e53-e5645b138e1c"},"type":"SetVariable","inputs":{"name":"Summary","value":"@items('CREATE_Book.xslx_AND_30_60_90.xlsx_FILES')?['Short description']"}},"Set_Status_variable":{"runAfter":{"Set_Offering_variable":["Succeeded"]},"metadata":{"operationMetadataId":"537e8f7e-b6d3-4064-b3dc-247e32bb0772"},"type":"SetVariable","inputs":{"name":"Status","value":"@items('CREATE_Book.xslx_AND_30_60_90.xlsx_FILES')?['Incident state']"}},"Set_Created_variable":{"runAfter":{"Set_Status_variable":["Succeeded"]},"metadata":{"operationMetadataId":"9fe85fba-d22d-4e1a-9279-ad5b9f08e5db"},"type":"SetVariable","inputs":{"name":"Created","value":"@items('CREATE_Book.xslx_AND_30_60_90.xlsx_FILES')?['Created']"}},"Set_CreatedBy_variable":{"runAfter":{"Set_Created_variable":["Succeeded"]},"metadata":{"operationMetadataId":"5f763c77-5c41-4485-a59a-aba26919dd54"},"type":"SetVariable","inputs":{"name":"CreatedBy","value":"@items('CREATE_Book.xslx_AND_30_60_90.xlsx_FILES')?['Created by']"}},"Set_Updated_variable":{"runAfter":{"Set_CreatedBy_variable":["Succeeded"]},"metadata":{"operationMetadataId":"b4c6d85d-adcf-4f63-b8f4-5a2dad04b172"},"type":"SetVariable","inputs":{"name":"Updated","value":"@items('CREATE_Book.xslx_AND_30_60_90.xlsx_FILES')?['Updated']"}},"Set_AssignedTo_variable":{"runAfter":{"Set_Updated_variable":["Succeeded"]},"metadata":{"operationMetadataId":"4c7cbae8-b3ce-46a2-b90d-66e6d326c91b"},"type":"SetVariable","inputs":{"name":"AssignedTo","value":"@items('CREATE_Book.xslx_AND_30_60_90.xlsx_FILES')?['Assigned to']"}},"If_len(AssignedTo)":{"actions":{"Set_WorkNotes_variable":{"runAfter":{},"metadata":{"operationMetadataId":"1785f186-b3ce-4eae-ae68-06e97bfbe0a5"},"type":"SetVariable","inputs":{"name":"WorkNotes","value":"@items('CREATE_Book.xslx_AND_30_60_90.xlsx_FILES')?['Work notes']"}},"Set_WorkStart_variable":{"runAfter":{"Apply_to_each_Lines":["Succeeded"]},"metadata":{"operationMetadataId":"ed1c4b33-8795-4482-a024-8830a84d8048"},"type":"SetVariable","inputs":{"name":"WorkStart","value":"@items('CREATE_Book.xslx_AND_30_60_90.xlsx_FILES')?['Work start']"}},"Set_UpdatedConv_variable":{"runAfter":{"Set_WorkStart_variable":["Succeeded"]},"metadata":{"operationMetadataId":"14136bcf-c5bc-4dd3-b16d-81c4f7776051"},"type":"SetVariable","inputs":{"name":"UpdatedConv","value":"@{formatDateTime(addDays('1899-12-30', int(substring(string(variables('Updated')), 0, indexOf(string(variables('Updated')), '.')))), 'yyyy-MM-dd')}"}},"Set_CreatedConv_variable":{"runAfter":{"Set_UpdatedConv_variable":["Succeeded"]},"metadata":{"operationMetadataId":"5f763c77-5c41-4485-a59a-aba26919dd54"},"type":"SetVariable","inputs":{"name":"CreatedConv","value":"@{formatDateTime(addDays('1899-12-30', int(substring(string(variables('Created')), 0, indexOf(string(variables('Created')), '.')))), 'yyyy-MM-dd')}"}},"Set_WorkStartConv_variable":{"runAfter":{"Set_CreatedConv_variable":["Succeeded"]},"metadata":{"operationMetadataId":"ed1c4b33-8795-4482-a024-8830a84d8048"},"type":"SetVariable","inputs":{"name":"WorkStartConv","value":"@{formatDateTime(addDays('1899-12-30', int(substring(string(variables('WorkStart')), 0, indexOf(string(variables('WorkStart')), '.')))), 'yyyy-MM-dd')}"}},"Delete_special_characters_and_spaces":{"runAfter":{"Set_WorkStartConv_variable":["Succeeded"]},"metadata":{"operationMetadataId":"5d63647a-31d4-4c07-888a-add636647009"},"type":"Compose","inputs":"@trim(replace(replace(replace(replace(substring(variables('WorkNotes'), 21, sub(indexOf(variables('WorkNotes'), '(Work notes)'), 21)), ' ', ' '), '  ', ' '), '   ', ' '), '    ', ' '))"},"Set_WorkNotesTechnician_variable":{"runAfter":{"Delete_special_characters_and_spaces":["Succeeded"]},"metadata":{"operationMetadataId":"e835ff45-faa9-4104-9d11-afd8dd08c239"},"type":"SetVariable","inputs":{"name":"WorkNotesTechnician","value":"@{outputs('Delete_special_characters_and_spaces')}"}},"If_TechnicianBotConfig":{"actions":{"Set_DateFromWorkNotes":{"runAfter":{},"metadata":{"operationMetadataId":"c7a7ea97-61a7-428a-a05d-c5d6ad1fb594"},"type":"SetVariable","inputs":{"name":"DateFromWorkNotes","value":"@{substring(variables('WorkNotes'), 0, 10)}"}},"Compose":{"runAfter":{"Set_DateFromWorkNotes":["Succeeded"]},"metadata":{"operationMetadataId":"e620179e-af87-403f-8bbf-060a35c1a28b"},"type":"Compose","inputs":"@replace(replace(variables('Summary'), '[', ','), ']', ',')"},"Is_P3_or_RBR":{"runAfter":{"Compose":["Succeeded"]},"metadata":{"operationMetadataId":"76da7206-47e5-4041-82e6-f0e2700795c8"},"type":"Compose","inputs":"@split(outputs('Compose'), ',')[1]"},"DaysSinceCreation":{"runAfter":{"Is_P3_or_RBR":["Succeeded"]},"metadata":{"operationMetadataId":"2467b680-b07e-4462-8341-9d03cf7f81a6"},"type":"Compose","inputs":"@dateDifference(variables('CreatedConv'), variables('CurrentDate'))"},"DaysSinceLastUpdate":{"runAfter":{"DaysSinceCreation":["Succeeded"]},"metadata":{"operationMetadataId":"28957307-f49c-4724-ac50-ac4bad5a4d4d"},"type":"Compose","inputs":"@dateDifference(variables('DateFromWorkNotes'),variables('CurrentDate'))"},"IF_P3_or_RBR_or_CRO_9-11":{"actions":{"Compose_4":{"runAfter":{},"metadata":{"operationMetadataId":"e086c1a8-1a03-4a70-bbf2-151cc267639c"},"type":"Compose","inputs":"@split(outputs('Compose'), ',')[9]"},"Set_Customer_variable":{"runAfter":{"Compose_4":["Succeeded"]},"metadata":{"operationMetadataId":"54b32535-37dd-4eee-ac36-0848e89be3e4"},"type":"SetVariable","inputs":{"name":"Customer","value":"@{outputs('Compose_4')}"}}},"runAfter":{"If_DateSinceLastUpdate_2":["Succeeded"]},"expression":{"or":[{"and":[{"contains":["@variables('Summary')","[CRO]"]},{"equals":["@outputs('Is_P3_or_RBR')","P3"]},{"not":{"startsWith":["@variables('Summary')","[P3][CRO][RBR]"]}},{"not":{"startsWith":["@variables('Summary')","[P3][RBR][ZTO]"]}},{"not":{"startsWith":["@variables('Summary')"," [P3][CRO][RBR]"]}}]},{"and":[{"equals":["@outputs('Is_P3_or_RBR')","P3"]},{"contains":["@variables('Summary')","[ZTO]"]},{"not":{"startsWith":["@variables('Summary')","[P3][CRO][RBR]"]}},{"not":{"startsWith":["@variables('Summary')","[P3][RBR][ZTO]"]}},{"not":{"startsWith":["@variables('Summary')"," [P3][CRO][RBR]"]}},{"not":{"startsWith":["@variables('Summary')","[P3][ZTO][EU][IT]"]}}]},{"and":[{"equals":["@outputs('Is_P3_or_RBR')","CRO"]},{"contains":["@variables('Summary')","[RBR]"]},{"not":{"startsWith":["@variables('Summary')","[P3][CRO][RBR]"]}},{"not":{"startsWith":["@variables('Summary')","[P3][RBR][ZTO]"]}},{"not":{"startsWith":["@variables('Summary')"," [P3][CRO][RBR]"]}}]},{"startsWith":["@variables('Summary')","[P3][CRO][RBR][US][STF]"]}]},"metadata":{"operationMetadataId":"e81b7e6d-6dd6-4704-b65b-00d5bc153528"},"type":"If"},"IF_[P3][EU][IT]_without_client_name_5-7":{"actions":{"Compose_6":{"runAfter":{},"metadata":{"operationMetadataId":"b63d2ec6-3f0f-4e7d-89e4-73bcd633cc3d"},"type":"Compose","inputs":"@split(outputs('Compose'), ',')[5]"},"Set_Customer_variable_2":{"runAfter":{"Compose_6":["Succeeded"]},"metadata":{"operationMetadataId":"97411dc2-d9b1-4619-939e-5eb1f49d3837"},"type":"SetVariable","inputs":{"name":"Customer","value":"@{outputs('Compose_6')}"}}},"runAfter":{"If_DateSinceLastUpdate_2":["Succeeded"]},"expression":{"or":[{"and":[{"startsWith":["@variables('Summary')","[P3][EU][IT]"]},{"not":{"startsWith":["@variables('Summary')","[CRO][LA][BR][HONDABR]"]}}]},{"and":[{"startsWith":["@variables('Summary')","[CRO][LA]"]},{"not":{"startsWith":["@variables('Summary')","[CRO][LA][BR][HONDABR]"]}}]},{"or":[{"startsWith":["@variables('Summary')","[P3][NA][US][SEV3]"]},{"startsWith":["@variables('Summary')","[P3][NA][US][SEV2]"]},{"startsWith":["@variables('Summary')","[P3][NA][US][SEV1]"]}]}]},"metadata":{"operationMetadataId":"e81b7e6d-6dd6-4704-b65b-00d5bc153528"},"type":"If"},"Condition_7-9":{"actions":{"Compose_2":{"runAfter":{},"metadata":{"operationMetadataId":"b63d2ec6-3f0f-4e7d-89e4-73bcd633cc3d"},"type":"Compose","inputs":"@split(outputs('Compose'), ',')[7]"},"Set_Customer_variable_3":{"runAfter":{"Compose_2":["Succeeded"]},"metadata":{"operationMetadataId":"97411dc2-d9b1-4619-939e-5eb1f49d3837"},"type":"SetVariable","inputs":{"name":"Customer","value":"@{outputs('Compose_2')}"}}},"runAfter":{"If_DateSinceLastUpdate_2":["Succeeded"]},"expression":{"or":[{"and":[{"not":{"equals":["@outputs('Is_P3_or_RBR')","P3"]}},{"not":{"contains":["@variables('Summary')","[CRO]"]}},{"not":{"startsWith":["@variables('Summary')","[CV][NA][US][HONDAUS]"]}},{"not":{"startsWith":["@variables('Summary')","[VERITAS][EU]CH][ZEK]"]}},{"not":{"startsWith":["@variables('Summary')","[CV][MULTIPLE CUSTOMERS]"]}},{"not":{"startsWith":["@variables('Summary')","[GLOBAL][SEV3]"]}},{"not":{"startsWith":["@variables('Summary')","[MONITORING][GLOBAL]"]}},{"not":{"startsWith":["@variables('Summary')","[CV][GLOBAL]"]}}]},{"and":[{"not":{"equals":["@outputs('Is_P3_or_RBR')","P3"]}},{"not":{"contains":["@variables('Summary')","[ZTO]"]}},{"not":{"contains":["@variables('Summary')","[CRO]"]}},{"not":{"startsWith":["@variables('Summary')","[CV][NA][US][HONDAUS]"]}},{"not":{"startsWith":["@variables('Summary')","[VERITAS][EU]CH][ZEK]"]}},{"not":{"startsWith":["@variables('Summary')","[CV][MULTIPLE CUSTOMERS]"]}},{"not":{"startsWith":["@variables('Summary')","[GLOBAL][SEV3]"]}},{"not":{"startsWith":["@variables('Summary')","[MONITORING][GLOBAL]"]}},{"not":{"startsWith":["@variables('Summary')","[CV][GLOBAL]"]}}]},{"and":[{"not":{"equals":["@outputs('Is_P3_or_RBR')","CRO"]}},{"not":{"startsWith":["@variables('Summary')","[P3][NA][US]"]}},{"not":{"startsWith":["@variables('Summary')","[P3][EU][IT]"]}},{"not":{"startsWith":["@variables('Summary')","[P3][ZTO][EU]"]}},{"not":{"startsWith":["@variables('Summary')","[CRO][LA]"]}},{"not":{"startsWith":["@variables('Summary')","[CV][NA][US][HONDAUS]"]}},{"not":{"startsWith":["@variables('Summary')","[CV][GLOBAL]"]}},{"not":{"startsWith":["@variables('Summary')","[CV][MULTIPLE CUSTOMERS]"]}},{"not":{"startsWith":["@variables('Summary')","[GLOBAL][SEV3]"]}},{"not":{"startsWith":["@variables('Summary')","[MONITORING][GLOBAL]"]}}]},{"and":[{"equals":["@outputs('Is_P3_or_RBR')","CRO"]},{"not":{"contains":["@variables('Summary')","[RBR]"]}},{"not":{"startsWith":["@variables('Summary')","[P3][EU][IT]"]}},{"not":{"startsWith":["@variables('Summary')","[P3][ZTO][EU]"]}},{"not":{"startsWith":["@variables('Summary')","[CRO][LA]"]}},{"not":{"startsWith":["@variables('Summary')","[CV][NA][US][HONDAUS]"]}},{"not":{"startsWith":["@variables('Summary')","[VERITAS][EU]CH][ZEK]"]}},{"not":{"startsWith":["@variables('Summary')","[CV][MULTIPLE CUSTOMERS]"]}},{"not":{"startsWith":["@variables('Summary')","[GLOBAL][SEV3]"]}},{"not":{"startsWith":["@variables('Summary')","[MONITORING][GLOBAL]"]}}]},{"or":[{"startsWith":["@variables('Summary')","[CRO][LA][BR][HONDABR]"]},{"startsWith":["@variables('Summary')","[CV][NA][US][HONDAUS]"]}]},{"or":[{"startsWith":["@variables('Summary')","[P3][ZTO][EU][IT][SEV3]"]},{"startsWith":["@variables('Summary')","[P3][ZTO][EU][IT][SEV2]"]},{"startsWith":["@variables('Summary')","[P3][ZTO][EU][IT][SEV1]"]}]}]},"metadata":{"operationMetadataId":"e81b7e6d-6dd6-4704-b65b-00d5bc153528"},"type":"If"},"If_DateSinceLastUpdate":{"actions":{"Set_CreatedConvINT_variable_2":{"runAfter":{},"metadata":{"operationMetadataId":"1cee3e2b-40b4-4c1d-8bf6-d92c1016dbe8"},"type":"SetVariable","inputs":{"name":"CreatedConvINT","value":0}}},"runAfter":{"DaysSinceLastUpdate":["Succeeded"]},"else":{"actions":{"Set_CreatedConvINT_variable_3":{"runAfter":{},"metadata":{"operationMetadataId":"d3e13f74-cbfc-42cd-8e9b-f4b1745fdfa9"},"type":"SetVariable","inputs":{"name":"CreatedConvINT","value":"@int(substring(outputs('DaysSinceCreation'), 0, indexOf(outputs('DaysSinceCreation'), '.')))"}}}},"expression":{"equals":["@outputs('DaysSinceCreation')","00:00:00"]},"metadata":{"operationMetadataId":"a4a7d6b5-5e21-404e-966b-87f317fb33e6"},"type":"If"},"If_DateSinceLastUpdate_2":{"actions":{"Set_CreatedConvINT_variable_4":{"runAfter":{},"metadata":{"operationMetadataId":"383f76f8-e2b6-43a3-bca9-134d3b1ab48e"},"type":"SetVariable","inputs":{"name":"UpdatedConvINT","value":0}}},"runAfter":{"If_DateSinceLastUpdate":["Succeeded"]},"else":{"actions":{"Set_CreatedConvINT_variable_5":{"runAfter":{},"metadata":{"operationMetadataId":"310815a8-f9a3-46f5-93f0-a40557a94f5f"},"type":"SetVariable","inputs":{"name":"UpdatedConvINT","value":"@int(substring(outputs('DaysSinceLastUpdate'), 0, indexOf(outputs('DaysSinceLastUpdate'), '.')))"}}}},"expression":{"equals":["@outputs('DaysSinceLastUpdate')","00:00:00"]},"metadata":{"operationMetadataId":"a4a7d6b5-5e21-404e-966b-87f317fb33e6"},"type":"If"},"IF_[P3][CRO][RBR]_11-13":{"actions":{"Compose_16":{"runAfter":{},"metadata":{"operationMetadataId":"b63d2ec6-3f0f-4e7d-89e4-73bcd633cc3d"},"type":"Compose","inputs":"@split(outputs('Compose'), ',')[11]"},"Set_Customer_variable_5":{"runAfter":{"Compose_16":["Succeeded"]},"metadata":{"operationMetadataId":"97411dc2-d9b1-4619-939e-5eb1f49d3837"},"type":"SetVariable","inputs":{"name":"Customer","value":"@{outputs('Compose_16')}"}}},"runAfter":{"If_DateSinceLastUpdate_2":["Succeeded"]},"expression":{"and":[{"startsWith":["@variables('Summary')","[P3][CRO][RBR]"]},{"not":{"contains":["@variables('Summary')","[STF]"]}}]},"metadata":{"operationMetadataId":"70cdf59e-fd00-45a0-8169-42a824b14ec8"},"type":"If"},"IF_[P3][RBR][ZTO]_11-13":{"actions":{"Compose_18":{"runAfter":{},"metadata":{"operationMetadataId":"b63d2ec6-3f0f-4e7d-89e4-73bcd633cc3d"},"type":"Compose","inputs":"@split(outputs('Compose'), ',')[11]"},"Set_Customer_variable_6":{"runAfter":{"Compose_18":["Succeeded"]},"metadata":{"operationMetadataId":"97411dc2-d9b1-4619-939e-5eb1f49d3837"},"type":"SetVariable","inputs":{"name":"Customer","value":"@{outputs('Compose_18')}"}}},"runAfter":{"If_DateSinceLastUpdate_2":["Succeeded"]},"expression":{"and":[{"or":[{"startsWith":["@variables('Summary')","[P3][RBR][ZTO]"]},{"startsWith":["@variables('Summary')","[P3][CRO][RBR]"]}]},{"not":{"startsWith":["@variables('Summary')","[P3][CRO][RBR][US][STF]"]}}]},"metadata":{"operationMetadataId":"77e45bf8-86c2-4171-93f3-5188ddbc430c"},"type":"If"},"[CV][NA][US][HONDAUS]_7-9":{"actions":{"Compose_20":{"runAfter":{},"metadata":{"operationMetadataId":"b63d2ec6-3f0f-4e7d-89e4-73bcd633cc3d"},"type":"Compose","inputs":"@split(outputs('Compose'), ',')[7]"},"Set_Customer_variable_7":{"runAfter":{"Compose_20":["Succeeded"]},"metadata":{"operationMetadataId":"97411dc2-d9b1-4619-939e-5eb1f49d3837"},"type":"SetVariable","inputs":{"name":"Customer","value":"@{outputs('Compose_20')}"}}},"runAfter":{"If_DateSinceLastUpdate_2":["Succeeded"]},"expression":{"or":[{"and":[{"startsWith":["@variables('Summary')","[CV][NA][US][HONDAUS]"]},{"contains":["@variables('Summary')","[HONDAUS][HDC]"]}]},{"and":[{"startsWith":["@variables('Summary')","[CV][NA][US][HONDAUS]"]},{"contains":["@variables('Summary')","[HONDAUS][ODC]"]}]}]},"metadata":{"operationMetadataId":"8a5762dc-ac0a-47ce-881b-6ef498c43d58"},"type":"If"},"[CV][NA][US][HONDAUS]_7-11_4":{"actions":{"Compose_32":{"runAfter":{},"metadata":{"operationMetadataId":"b63d2ec6-3f0f-4e7d-89e4-73bcd633cc3d"},"type":"Compose","inputs":"@split(outputs('Compose'), ',')[7]"},"Set_Customer_variable_8":{"runAfter":{"Compose_32":["Succeeded"]},"metadata":{"operationMetadataId":"97411dc2-d9b1-4619-939e-5eb1f49d3837"},"type":"SetVariable","inputs":{"name":"Customer","value":"@{outputs('Compose_32')}"}}},"runAfter":{"If_DateSinceLastUpdate_2":["Succeeded"]},"expression":{"or":[{"startsWith":["@variables('Summary')","[CV][NA][US][HONDAUS][HDC]"]},{"startsWith":["@variables('Summary')","[CV][NA][US][HONDAUS][ODC]"]}]},"metadata":{"operationMetadataId":"8a5762dc-ac0a-47ce-881b-6ef498c43d58"},"type":"If"},"[VERITAS][EU]CH][ZEK]_6":{"actions":{"Compose_3":{"runAfter":{},"metadata":{"operationMetadataId":"b63d2ec6-3f0f-4e7d-89e4-73bcd633cc3d"},"type":"Compose","inputs":"@split(outputs('Compose'), ',')[6]"},"Set_Customer_variable_9":{"runAfter":{"Compose_3":["Succeeded"]},"metadata":{"operationMetadataId":"97411dc2-d9b1-4619-939e-5eb1f49d3837"},"type":"SetVariable","inputs":{"name":"Customer","value":"@{outputs('Compose_3')}"}}},"runAfter":{"If_DateSinceLastUpdate_2":["Succeeded"]},"expression":{"startsWith":["@variables('Summary')","[VERITAS][EU]CH][ZEK]"]},"metadata":{"operationMetadataId":"8a5762dc-ac0a-47ce-881b-6ef498c43d58"},"type":"If"},"[CV][MULTIPLE_CUSTOMERS]":{"actions":{"Compose_13":{"runAfter":{},"metadata":{"operationMetadataId":"b63d2ec6-3f0f-4e7d-89e4-73bcd633cc3d"},"type":"Compose","inputs":"@split(outputs('Compose'), ',')[3]"},"Set_Customer_variable_10":{"runAfter":{"Compose_13":["Succeeded"]},"metadata":{"operationMetadataId":"97411dc2-d9b1-4619-939e-5eb1f49d3837"},"type":"SetVariable","inputs":{"name":"Customer","value":"@{outputs('Compose_13')}"}}},"runAfter":{"If_DateSinceLastUpdate_2":["Succeeded"]},"expression":{"startsWith":["@variables('Summary')","[CV][MULTIPLE CUSTOMERS]"]},"metadata":{"operationMetadataId":"8a5762dc-ac0a-47ce-881b-6ef498c43d58"},"type":"If"},"[GLOBAL][SEVX]2":{"actions":{"Compose_19":{"runAfter":{},"metadata":{"operationMetadataId":"b63d2ec6-3f0f-4e7d-89e4-73bcd633cc3d"},"type":"Compose","inputs":"@split(outputs('Compose'), ',')[1]"},"Set_Customer_variable_11":{"runAfter":{"Compose_19":["Succeeded"]},"metadata":{"operationMetadataId":"97411dc2-d9b1-4619-939e-5eb1f49d3837"},"type":"SetVariable","inputs":{"name":"Customer","value":"@{outputs('Compose_19')}"}}},"runAfter":{"If_DateSinceLastUpdate_2":["Succeeded"]},"expression":{"or":[{"startsWith":["@variables('Summary')","[GLOBAL][SEV3]"]},{"startsWith":["@variables('Summary')","[GLOBAL][SEV2]"]},{"startsWith":["@variables('Summary')","[GLOBAL][SEV1]"]}]},"metadata":{"operationMetadataId":"8a5762dc-ac0a-47ce-881b-6ef498c43d58"},"type":"If"},"[MONITORING][GLOBAL][SEVX]2_":{"actions":{"Compose_23":{"runAfter":{},"metadata":{"operationMetadataId":"b63d2ec6-3f0f-4e7d-89e4-73bcd633cc3d"},"type":"Compose","inputs":"@split(outputs('Compose'), ',')[3]"},"Set_Customer_variable_12":{"runAfter":{"Compose_23":["Succeeded"]},"metadata":{"operationMetadataId":"97411dc2-d9b1-4619-939e-5eb1f49d3837"},"type":"SetVariable","inputs":{"name":"Customer","value":"@{outputs('Compose_23')}"}}},"runAfter":{"If_DateSinceLastUpdate_2":["Succeeded"]},"expression":{"or":[{"startsWith":["@variables('Summary')","[MONITORING][GLOBAL][SEV3]"]},{"startsWith":["@variables('Summary')","[MONITORING][GLOBAL][SEV2]"]},{"startsWith":["@variables('Summary')","[MONITORING][GLOBAL][SEV1]"]}]},"metadata":{"operationMetadataId":"8a5762dc-ac0a-47ce-881b-6ef498c43d58"},"type":"If"},"[CV][GLOBAL]":{"actions":{"Compose_27":{"runAfter":{},"metadata":{"operationMetadataId":"b63d2ec6-3f0f-4e7d-89e4-73bcd633cc3d"},"type":"Compose","inputs":"@split(outputs('Compose'), ',')[3]"},"Set_Customer_variable_13":{"runAfter":{"Compose_27":["Succeeded"]},"metadata":{"operationMetadataId":"97411dc2-d9b1-4619-939e-5eb1f49d3837"},"type":"SetVariable","inputs":{"name":"Customer","value":"@{outputs('Compose_27')}"}}},"runAfter":{"If_DateSinceLastUpdate_2":["Succeeded"]},"expression":{"or":[{"startsWith":["@variables('Summary')","[CV][GLOBAL][SEV3]"]},{"startsWith":["@variables('Summary')","[CV][GLOBAL][SEV2]"]},{"startsWith":["@variables('Summary')","[CV][GLOBAL][SEV1]"]}]},"metadata":{"operationMetadataId":"8a5762dc-ac0a-47ce-881b-6ef498c43d58"},"type":"If"},"_[P3][CRO][RBR][NA][US][STF]_6_2":{"actions":{"Compose_29":{"runAfter":{},"metadata":{"operationMetadataId":"b63d2ec6-3f0f-4e7d-89e4-73bcd633cc3d"},"type":"Compose","inputs":"@split(outputs('Compose'), ',')[6]"},"Set_Customer_variable_14":{"runAfter":{"Compose_29":["Succeeded"]},"metadata":{"operationMetadataId":"97411dc2-d9b1-4619-939e-5eb1f49d3837"},"type":"SetVariable","inputs":{"name":"Customer","value":"@{outputs('Compose_29')}"}}},"runAfter":{"If_DateSinceLastUpdate_2":["Succeeded"]},"expression":{"or":[{"startsWith":["@variables('Summary')"," [P3][CRO][RBR][NA][US][STF][SEV3]"]},{"startsWith":["@variables('Summary')","[P3][CRO][RBR][NA][US][STF][SEV3]"]},{"startsWith":["@variables('Summary')","[P3][CRO][RBR][NA][US][STF][SEV2]"]},{"startsWith":["@variables('Summary')","[P3][CRO][RBR][NA][US][STF][SEV1]"]}]},"metadata":{"operationMetadataId":"8a5762dc-ac0a-47ce-881b-6ef498c43d58"},"type":"If"},"IF_INC":{"actions":{"Add_a_row_into_a_AllTicketsTable_[30][60][90].xlsx":{"runAfter":{},"metadata":{"014GGCKUE6KCGO54AV6ZH2RJIWOGUQV53C":"/INC/Book.xlsx","operationMetadataId":"b4bbf699-2d7a-4bd4-be83-a7a36f7de37d","tableId":"{61EB1E10-8100-46F4-829E-C5379F588382}","01GZZYBNMD4ZB4J5X5KRHLA4KBREYLPAGV":"/INC_SR_Report/Book.xlsx","01GZZYBNO43WAQF5AQOJCY5CK6PSHAYYQA":"/INC_SR_Report/[30][60][90] Incident list.xlsx"},"type":"OpenApiConnection","inputs":{"host":{"apiId":"/providers/Microsoft.PowerApps/apis/shared_excelonlinebusiness","connectionName":"shared_excelonlinebusiness_1","operationId":"AddRowV2"},"parameters":{"source":"me","drive":"b!VKMpyc6ypk24pMGTeB86PKNVwGFDxoFGn-HIO2WbEZ2Yt1X_ZBmwR4kgn_GM2-4Y","file":"01GZZYBNO43WAQF5AQOJCY5CK6PSHAYYQA","table":"{61EB1E10-8100-46F4-829E-C5379F588382}","item/Incident Number":"@variables('ticketNumber')","item/Summary":"@variables('Summary')","item/Customer":"@variables('Customer')","item/Internal\nPriority":"@variables('Severity')","item/Status":"@variables('Status')","item/Created":"@variables('Created')","item/Days since creation":"@variables('CreatedConvINT')","item/Last Update (Date)":"@variables('Updated')","item/Days since last update":"@variables('UpdatedConvINT')","item/Last Update content":"@variables('WorkNotes')","item/TicketOwner":"@variables('AssignedTo')","item/Last update technician":"@variables('DateFromWorkNotes')","item/Assigned date":"@variables('WorkStartConv')","item/Offering":"@variables('Offering')","item/IncidentType":"INC"},"authentication":{"value":"@json(decodeBase64(triggerOutputs().headers['X-MS-APIM-Tokens']))['$ConnectionKey']","type":"Raw"}}}},"runAfter":{"_[P3][CRO][RBR][NA][US][STF]_6_2":["Succeeded"],"[CV][GLOBAL]":["Succeeded"],"[MONITORING][GLOBAL][SEVX]2_":["Succeeded"],"[GLOBAL][SEVX]2":["Succeeded"],"[CV][MULTIPLE_CUSTOMERS]":["Succeeded"],"[VERITAS][EU]CH][ZEK]_6":["Succeeded"],"[CV][NA][US][HONDAUS]_7-11_4":["Succeeded"],"IF_[P3][RBR][ZTO]_11-13":["Succeeded"],"[CV][NA][US][HONDAUS]_7-9":["Succeeded"],"IF_[P3][CRO][RBR]_11-13":["Succeeded"],"IF_P3_or_RBR_or_CRO_9-11":["Succeeded"],"Condition_7-9":["Succeeded"],"IF_[P3][EU][IT]_without_client_name_5-7":["Succeeded"]},"expression":{"startsWith":["@variables('ticketNumber')","INC"]},"metadata":{"operationMetadataId":"b66a3df0-c387-4db6-a07b-b07e417806be"},"type":"If"},"IF_SR":{"actions":{"Add_a_row_into_a_AllTicketsTable_[30][60][90].xlsx_2":{"runAfter":{},"metadata":{"014GGCKUE6KCGO54AV6ZH2RJIWOGUQV53C":"/INC/Book.xlsx","operationMetadataId":"b4bbf699-2d7a-4bd4-be83-a7a36f7de37d","tableId":"{61EB1E10-8100-46F4-829E-C5379F588382}","01GZZYBNMD4ZB4J5X5KRHLA4KBREYLPAGV":"/INC_SR_Report/Book.xlsx","01GZZYBNO43WAQF5AQOJCY5CK6PSHAYYQA":"/INC_SR_Report/[30][60][90] Incident list.xlsx"},"type":"OpenApiConnection","inputs":{"host":{"apiId":"/providers/Microsoft.PowerApps/apis/shared_excelonlinebusiness","connectionName":"shared_excelonlinebusiness_1","operationId":"AddRowV2"},"parameters":{"source":"me","drive":"b!VKMpyc6ypk24pMGTeB86PKNVwGFDxoFGn-HIO2WbEZ2Yt1X_ZBmwR4kgn_GM2-4Y","file":"01GZZYBNO43WAQF5AQOJCY5CK6PSHAYYQA","table":"{61EB1E10-8100-46F4-829E-C5379F588382}","item/Incident Number":"@variables('ticketNumber')","item/Summary":"@variables('Summary')","item/Customer":"@variables('Customer')","item/Internal\nPriority":"@variables('Severity')","item/Status":"@variables('Status')","item/Created":"@variables('Created')","item/Days since creation":"@variables('CreatedConvINT')","item/Last Update (Date)":"@variables('Updated')","item/Days since last update":"@variables('UpdatedConvINT')","item/Last Update content":"@variables('WorkNotes')","item/TicketOwner":"@variables('AssignedTo')","item/Last update technician":"@variables('DateFromWorkNotes')","item/Assigned date":"@variables('WorkStartConv')","item/Offering":"@variables('Offering')","item/IncidentType":"SR"},"authentication":{"value":"@json(decodeBase64(triggerOutputs().headers['X-MS-APIM-Tokens']))['$ConnectionKey']","type":"Raw"}}}},"runAfter":{"IF_INC":["Succeeded"]},"expression":{"startsWith":["@variables('ticketNumber')","SRNA"]},"metadata":{"operationMetadataId":"2e85b688-94d3-4c73-aa25-ab94976fa3a8"},"type":"If"}},"runAfter":{"If_Compose":["Succeeded"]},"else":{"actions":{"Compose_9":{"runAfter":{},"metadata":{"operationMetadataId":"e620179e-af87-403f-8bbf-060a35c1a28b"},"type":"Compose","inputs":"@replace(replace(variables('Summary'), '[', ','), ']', ',')"},"Is_P3_or_RBR_2":{"runAfter":{"Compose_9":["Succeeded"]},"metadata":{"operationMetadataId":"76da7206-47e5-4041-82e6-f0e2700795c8"},"type":"Compose","inputs":"@split(outputs('Compose_9'), ',')[1]"},"DaysSinceCreation_2":{"runAfter":{"Is_P3_or_RBR_2":["Succeeded"]},"metadata":{"operationMetadataId":"2467b680-b07e-4462-8341-9d03cf7f81a6"},"type":"Compose","inputs":"@dateDifference(variables('CreatedConv'), variables('CurrentDate'))"},"DaysSinceLastUpdate_2":{"runAfter":{"DaysSinceCreation_2":["Succeeded"]},"metadata":{"operationMetadataId":"28957307-f49c-4724-ac50-ac4bad5a4d4d"},"type":"Compose","inputs":"@dateDifference(variables('WorkStartConv'), variables('CurrentDate'))"},"IF_P3_or_RBR_or_CRO_9-11_2":{"actions":{"Compose_10":{"runAfter":{},"metadata":{"operationMetadataId":"e086c1a8-1a03-4a70-bbf2-151cc267639c"},"type":"Compose","inputs":"@split(outputs('Compose_9'), ',')[9]"},"Set_Customer_variable_15":{"runAfter":{"Compose_10":["Succeeded"]},"metadata":{"operationMetadataId":"54b32535-37dd-4eee-ac36-0848e89be3e4"},"type":"SetVariable","inputs":{"name":"Customer","value":"@{outputs('Compose_10')}"}}},"runAfter":{"Condition_8":["Succeeded"]},"expression":{"or":[{"and":[{"contains":["@variables('Summary')","[CRO]"]},{"equals":["@outputs('Is_P3_or_RBR_2')","P3"]},{"not":{"startsWith":["@variables('Summary')","[P3][CRO][RBR]"]}},{"not":{"startsWith":["@variables('Summary')","[P3][RBR][ZTO]"]}},{"not":{"startsWith":["@variables('Summary')"," [P3][CRO][RBR]"]}}]},{"and":[{"equals":["@outputs('Is_P3_or_RBR_2')","P3"]},{"contains":["@variables('Summary')","[ZTO]"]},{"not":{"startsWith":["@variables('Summary')","[P3][CRO][RBR]"]}},{"not":{"startsWith":["@variables('Summary')","[P3][RBR][ZTO]"]}},{"not":{"startsWith":["@variables('Summary')"," [P3][CRO][RBR]"]}}]},{"and":[{"equals":["@outputs('Is_P3_or_RBR_2')","CRO"]},{"contains":["@variables('Summary')","[RBR]"]},{"not":{"startsWith":["@variables('Summary')","[P3][CRO][RBR]"]}},{"not":{"startsWith":["@variables('Summary')","[P3][RBR][ZTO]"]}},{"not":{"startsWith":["@variables('Summary')"," [P3][CRO][RBR]"]}}]},{"and":[{"startsWith":["@variables('Summary')","[P3][CRO][RBR][US][STF]"]}]}]},"metadata":{"operationMetadataId":"e81b7e6d-6dd6-4704-b65b-00d5bc153528"},"type":"If"},"IF_[P3][EU][IT]_without_client_name_5-7_2":{"actions":{"Compose_12":{"runAfter":{},"metadata":{"operationMetadataId":"b63d2ec6-3f0f-4e7d-89e4-73bcd633cc3d"},"type":"Compose","inputs":"@split(outputs('Compose_9'), ',')[5]"},"Set_Customer_variable_16":{"runAfter":{"Compose_12":["Succeeded"]},"metadata":{"operationMetadataId":"97411dc2-d9b1-4619-939e-5eb1f49d3837"},"type":"SetVariable","inputs":{"name":"Customer","value":"@{outputs('Compose_12')}"}}},"runAfter":{"Condition_8":["Succeeded"]},"expression":{"or":[{"and":[{"startsWith":["@variables('Summary')","[P3][EU][IT]"]},{"not":{"startsWith":["@variables('Summary')","[CRO][LA][BR][HONDABR]"]}}]},{"and":[{"startsWith":["@variables('Summary')","[CRO][LA]"]},{"not":{"startsWith":["@variables('Summary')","[CRO][LA][BR][HONDABR]"]}}]}]},"metadata":{"operationMetadataId":"e81b7e6d-6dd6-4704-b65b-00d5bc153528"},"type":"If"},"Condition_7-9_3":{"actions":{"Compose_14":{"runAfter":{},"metadata":{"operationMetadataId":"b63d2ec6-3f0f-4e7d-89e4-73bcd633cc3d"},"type":"Compose","inputs":"@split(outputs('Compose_9'), ',')[7]"},"Set_Customer_variable_17":{"runAfter":{"Compose_14":["Succeeded"]},"metadata":{"operationMetadataId":"97411dc2-d9b1-4619-939e-5eb1f49d3837"},"type":"SetVariable","inputs":{"name":"Customer","value":"@{outputs('Compose_14')}"}}},"runAfter":{"Condition_8":["Succeeded"]},"expression":{"or":[{"and":[{"not":{"equals":["@outputs('Is_P3_or_RBR_2')","P3"]}},{"not":{"contains":["@variables('Summary')","[CRO]"]}},{"not":{"startsWith":["@variables('Summary')","[CV][NA][US][HONDAUS]"]}},{"not":{"startsWith":["@variables('Summary')","[VERITAS][EU]CH][ZEK]"]}},{"not":{"startsWith":["@variables('Summary')","[CV][MULTIPLE CUSTOMERS]"]}},{"not":{"startsWith":["@variables('Summary')","[GLOBAL][SEV3]"]}},{"not":{"startsWith":["@variables('Summary')","[MONITORING][GLOBAL]"]}}]},{"and":[{"not":{"equals":["@outputs('Is_P3_or_RBR_2')","P3"]}},{"not":{"contains":["@variables('Summary')","[ZTO]"]}},{"not":{"contains":["@variables('Summary')","[CRO]"]}},{"not":{"startsWith":["@variables('Summary')","[CV][NA][US][HONDAUS]"]}},{"not":{"startsWith":["@variables('Summary')","[VERITAS][EU]CH][ZEK]"]}},{"not":{"startsWith":["@variables('Summary')","[CV][MULTIPLE CUSTOMERS]"]}},{"not":{"startsWith":["@variables('Summary')","[GLOBAL][SEV3]"]}},{"not":{"startsWith":["@variables('Summary')","[MONITORING][GLOBAL]"]}}]},{"and":[{"not":{"equals":["@outputs('Is_P3_or_RBR_2')","CRO"]}},{"not":{"contains":["@variables('Summary')","[RBR]"]}},{"not":{"startsWith":["@variables('Summary')","[P3][EU][IT]"]}},{"not":{"startsWith":["@variables('Summary')","[P3][ZTO][EU]"]}},{"not":{"startsWith":["@variables('Summary')","[CRO][LA]"]}},{"not":{"startsWith":["@variables('Summary')","[CV][NA][US][HONDAUS]"]}},{"not":{"startsWith":["@variables('Summary')","[VERITAS][EU]CH][ZEK]"]}},{"not":{"startsWith":["@variables('Summary')","[CV][MULTIPLE CUSTOMERS]"]}},{"not":{"startsWith":["@variables('Summary')","[GLOBAL][SEV3]"]}},{"not":{"startsWith":["@variables('Summary')","[MONITORING][GLOBAL]"]}}]},{"and":[{"equals":["@outputs('Is_P3_or_RBR_2')","CRO"]},{"not":{"contains":["@variables('Summary')","[RBR]"]}},{"not":{"startsWith":["@variables('Summary')","[P3][EU][IT]"]}},{"not":{"startsWith":["@variables('Summary')","[P3][ZTO][EU]"]}},{"not":{"startsWith":["@variables('Summary')","[CRO][LA]"]}},{"not":{"startsWith":["@variables('Summary')","[CV][NA][US][HONDAUS]"]}},{"not":{"startsWith":["@variables('Summary')","[VERITAS][EU]CH][ZEK]"]}},{"not":{"startsWith":["@variables('Summary')","[CV][MULTIPLE CUSTOMERS]"]}},{"not":{"startsWith":["@variables('Summary')","[GLOBAL][SEV3]"]}},{"not":{"startsWith":["@variables('Summary')","[MONITORING][GLOBAL]"]}}]},{"and":[{"startsWith":["@variables('Summary')","[CRO][LA][BR][HONDABR]"]}]}]},"metadata":{"operationMetadataId":"e81b7e6d-6dd6-4704-b65b-00d5bc153528"},"type":"If"},"[CV][NA][US][HONDAUS]_7-9_2":{"actions":{"Compose_24":{"runAfter":{},"metadata":{"operationMetadataId":"b63d2ec6-3f0f-4e7d-89e4-73bcd633cc3d"},"type":"Compose","inputs":"@split(outputs('Compose_9'), ',')[7]"},"Set_Customer_variable_18_":{"runAfter":{"Compose_24":["Succeeded"]},"metadata":{"operationMetadataId":"97411dc2-d9b1-4619-939e-5eb1f49d3837"},"type":"SetVariable","inputs":{"name":"Customer","value":"@{outputs('Compose_24')}"}}},"runAfter":{"Condition_8":["Succeeded"]},"expression":{"or":[{"and":[{"not":{"startsWith":["@variables('Summary')","[CV][NA][US][HONDAUS][ODC]"]}},{"startsWith":["@variables('Summary')","[CV][NA][US][HONDAUS]"]}]},{"and":[{"not":{"startsWith":["@variables('Summary')","[CV][NA][US][HONDAUS][HDC]"]}},{"startsWith":["@variables('Summary')","[CV][NA][US][HONDAUS]"]}]}]},"metadata":{"operationMetadataId":"8a5762dc-ac0a-47ce-881b-6ef498c43d58"},"type":"If"},"IF_[P3][CRO][RBR]_11-13_3":{"actions":{"Compose_26":{"runAfter":{},"metadata":{"operationMetadataId":"b63d2ec6-3f0f-4e7d-89e4-73bcd633cc3d"},"type":"Compose","inputs":"@split(outputs('Compose_9'), ',')[11]"},"Set_Customer_variable_19":{"runAfter":{"Compose_26":["Succeeded"]},"metadata":{"operationMetadataId":"97411dc2-d9b1-4619-939e-5eb1f49d3837"},"type":"SetVariable","inputs":{"name":"Customer","value":"@{outputs('Compose_26')}"}}},"runAfter":{"Condition_8":["Succeeded"]},"expression":{"and":[{"startsWith":["@variables('Summary')","[P3][CRO][RBR]"]},{"not":{"contains":["@variables('Summary')","[STF]"]}},{"and":[{"not":{"startsWith":["@variables('Summary')","[P3][CRO][RBR][EU][IT]"]}}]}]},"metadata":{"operationMetadataId":"70cdf59e-fd00-45a0-8169-42a824b14ec8"},"type":"If"},"IF_[P3][RBR][ZTO]_11-13_2":{"actions":{"Compose_28":{"runAfter":{},"metadata":{"operationMetadataId":"b63d2ec6-3f0f-4e7d-89e4-73bcd633cc3d"},"type":"Compose","inputs":"@split(outputs('Compose_9'), ',')[11]"},"Set_Customer_variable_20":{"runAfter":{"Compose_28":["Succeeded"]},"metadata":{"operationMetadataId":"97411dc2-d9b1-4619-939e-5eb1f49d3837"},"type":"SetVariable","inputs":{"name":"Customer","value":"@{outputs('Compose_28')}"}}},"runAfter":{"Condition_8":["Succeeded"]},"expression":{"and":[{"or":[{"startsWith":["@variables('Summary')","[P3][RBR][ZTO]"]},{"startsWith":["@variables('Summary')","[P3][CRO][RBR]"]}]},{"not":{"startsWith":["@variables('Summary')","[P3][CRO][RBR][US][STF]"]}}]},"metadata":{"operationMetadataId":"77e45bf8-86c2-4171-93f3-5188ddbc430c"},"type":"If"},"[CV][NA][US][HONDAUS]_7-11_3":{"actions":{"Compose_30":{"runAfter":{},"metadata":{"operationMetadataId":"b63d2ec6-3f0f-4e7d-89e4-73bcd633cc3d"},"type":"Compose","inputs":"@split(outputs('Compose_9'), ',')[7]"},"Set_Customer_variable_21":{"runAfter":{"Compose_30":["Succeeded"]},"metadata":{"operationMetadataId":"97411dc2-d9b1-4619-939e-5eb1f49d3837"},"type":"SetVariable","inputs":{"name":"Customer","value":"@{outputs('Compose_30')}"}}},"runAfter":{"Condition_8":["Succeeded"]},"expression":{"or":[{"startsWith":["@variables('Summary')","[CV][NA][US][HONDAUS][ODC]"]},{"startsWith":["@variables('Summary')","[CV][NA][US][HONDAUS][HDC]"]}]},"metadata":{"operationMetadataId":"8a5762dc-ac0a-47ce-881b-6ef498c43d58"},"type":"If"},"Condition":{"actions":{"Set_variable_41":{"runAfter":{},"metadata":{"operationMetadataId":"6aad40f0-9464-420c-8065-12f699dba194"},"type":"SetVariable","inputs":{"name":"UpdatedConvINT","value":0}},"Set_variable_42":{"runAfter":{"Set_variable_41":["Succeeded"]},"metadata":{"operationMetadataId":"d3e13f74-cbfc-42cd-8e9b-f4b1745fdfa9"},"type":"SetVariable","inputs":{"name":"CreatedConvINT","value":"@int(substring(outputs('DaysSinceCreation_2'), 0, indexOf(outputs('DaysSinceCreation_2'), '.')))"}}},"runAfter":{"Condition_4":["Succeeded"]},"expression":{"and":[{"equals":["@outputs('DaysSinceLastUpdate_2')","00:00:00"]},{"not":{"equals":["@outputs('DaysSinceCreation_2')","00:00:00"]}}]},"metadata":{"operationMetadataId":"5daeb1b0-f4c1-4ab8-9dd9-dbd2a6600175"},"type":"If"},"Condition_4":{"actions":{"Set_variable_19":{"runAfter":{},"metadata":{"operationMetadataId":"383f76f8-e2b6-43a3-bca9-134d3b1ab48e"},"type":"SetVariable","inputs":{"name":"UpdatedConvINT","value":0}},"Set_variable_20":{"runAfter":{"Set_variable_19":["Succeeded"]},"metadata":{"operationMetadataId":"1cee3e2b-40b4-4c1d-8bf6-d92c1016dbe8"},"type":"SetVariable","inputs":{"name":"CreatedConvINT","value":0}}},"runAfter":{"DaysSinceLastUpdate_2":["Succeeded"]},"expression":{"and":[{"equals":["@outputs('DaysSinceCreation_2')","00:00:00"]},{"equals":["@outputs('DaysSinceLastUpdate_2')","00:00:00"]}]},"metadata":{"operationMetadataId":"a4a7d6b5-5e21-404e-966b-87f317fb33e6"},"type":"If"},"Condition_3":{"actions":{"Set_variable_43":{"runAfter":{},"metadata":{"operationMetadataId":"d3e13f74-cbfc-42cd-8e9b-f4b1745fdfa9"},"type":"SetVariable","inputs":{"name":"CreatedConvINT","value":0}},"Set_variable_44":{"runAfter":{"Set_variable_43":["Succeeded"]},"metadata":{"operationMetadataId":"310815a8-f9a3-46f5-93f0-a40557a94f5f"},"type":"SetVariable","inputs":{"name":"UpdatedConvINT","value":"@int(substring(outputs('DaysSinceLastUpdate_2'), 0, indexOf(outputs('DaysSinceLastUpdate_2'), '.')))"}}},"runAfter":{"Condition":["Succeeded"]},"expression":{"and":[{"not":{"equals":["@outputs('DaysSinceLastUpdate_2')","00:00:00"]}},{"equals":["@outputs('DaysSinceCreation_2')","00:00:00"]}]},"metadata":{"operationMetadataId":"ac235db3-a549-4893-9c29-d82f58ecabbe"},"type":"If"},"Condition_8":{"actions":{"Set_variable_45":{"runAfter":{},"metadata":{"operationMetadataId":"d3e13f74-cbfc-42cd-8e9b-f4b1745fdfa9"},"type":"SetVariable","inputs":{"name":"CreatedConvINT","value":"@int(substring(outputs('DaysSinceCreation_2'), 0, indexOf(outputs('DaysSinceCreation_2'), '.')))"}},"Set_variable_46":{"runAfter":{"Set_variable_45":["Succeeded"]},"metadata":{"operationMetadataId":"d3e13f74-cbfc-42cd-8e9b-f4b1745fdfa9"},"type":"SetVariable","inputs":{"name":"UpdatedConvINT","value":"@int(substring(outputs('DaysSinceLastUpdate_2'), 0, indexOf(outputs('DaysSinceLastUpdate_2'), '.')))"}}},"runAfter":{"Condition_3":["Succeeded"]},"expression":{"and":[{"not":{"equals":["@outputs('DaysSinceLastUpdate_2')","00:00:00"]}},{"not":{"equals":["@outputs('DaysSinceCreation_2')","00:00:00"]}}]},"metadata":{"operationMetadataId":"e87dec43-0521-4d71-8562-eb40dccb20a2"},"type":"If"},"IF_P3_or_RBR_or_CRO_9-11_3":{"actions":{"Compose_22":{"runAfter":{},"metadata":{"operationMetadataId":"e086c1a8-1a03-4a70-bbf2-151cc267639c"},"type":"Compose","inputs":"@split(outputs('Compose_9'), ',')[9]"},"Set_Customer_variable_22":{"runAfter":{"Compose_22":["Succeeded"]},"metadata":{"operationMetadataId":"54b32535-37dd-4eee-ac36-0848e89be3e4"},"type":"SetVariable","inputs":{"name":"Customer","value":"@{outputs('Compose_22')}"}}},"runAfter":{"Condition_8":["Succeeded"]},"expression":{"or":[{"and":[{"startsWith":["@variables('Summary')","[P3][CRO][RBR][EU][IT]"]}]}]},"metadata":{"operationMetadataId":"e81b7e6d-6dd6-4704-b65b-00d5bc153528"},"type":"If"},"[VERITAS][EU]CH][ZEK]":{"actions":{"Compose_5":{"runAfter":{},"metadata":{"operationMetadataId":"b63d2ec6-3f0f-4e7d-89e4-73bcd633cc3d"},"type":"Compose","inputs":"@split(outputs('Compose_9'), ',')[6]"},"Set_Customer_variable_23":{"runAfter":{"Compose_5":["Succeeded"]},"metadata":{"operationMetadataId":"97411dc2-d9b1-4619-939e-5eb1f49d3837"},"type":"SetVariable","inputs":{"name":"Customer","value":"@{outputs('Compose_5')}"}}},"runAfter":{"Condition_8":["Succeeded"]},"expression":{"startsWith":["@variables('Summary')","[VERITAS][EU]CH][ZEK]"]},"metadata":{"operationMetadataId":"8a5762dc-ac0a-47ce-881b-6ef498c43d58"},"type":"If"},"[CV][MULTIPLE_CUSTOMERS]_2":{"actions":{"Compose_15":{"runAfter":{},"metadata":{"operationMetadataId":"b63d2ec6-3f0f-4e7d-89e4-73bcd633cc3d"},"type":"Compose","inputs":"@split(outputs('Compose_9'), ',')[3]"},"Set_Customer_variable_24":{"runAfter":{"Compose_15":["Succeeded"]},"metadata":{"operationMetadataId":"97411dc2-d9b1-4619-939e-5eb1f49d3837"},"type":"SetVariable","inputs":{"name":"Customer","value":"@{outputs('Compose_15')}"}}},"runAfter":{"Condition_8":["Succeeded"]},"expression":{"startsWith":["@variables('Summary')","[CV][MULTIPLE CUSTOMERS]"]},"metadata":{"operationMetadataId":"8a5762dc-ac0a-47ce-881b-6ef498c43d58"},"type":"If"},"[GLOBAL][SEVX]":{"actions":{"Compose_17":{"runAfter":{},"metadata":{"operationMetadataId":"b63d2ec6-3f0f-4e7d-89e4-73bcd633cc3d"},"type":"Compose","inputs":"@split(outputs('Compose_9'), ',')[1]"},"Set_Customer_variable_25":{"runAfter":{"Compose_17":["Succeeded"]},"metadata":{"operationMetadataId":"97411dc2-d9b1-4619-939e-5eb1f49d3837"},"type":"SetVariable","inputs":{"name":"Customer","value":"@{outputs('Compose_17')}"}}},"runAfter":{"Condition_8":["Succeeded"]},"expression":{"or":[{"startsWith":["@variables('Summary')","[GLOBAL][SEV3]"]},{"startsWith":["@variables('Summary')","[GLOBAL][SEV2]"]},{"startsWith":["@variables('Summary')","[GLOBAL][SEV1]"]}]},"metadata":{"operationMetadataId":"8a5762dc-ac0a-47ce-881b-6ef498c43d58"},"type":"If"},"[MONITORING][GLOBAL][SEVX]_":{"actions":{"Compose_25":{"runAfter":{},"metadata":{"operationMetadataId":"b63d2ec6-3f0f-4e7d-89e4-73bcd633cc3d"},"type":"Compose","inputs":"@split(outputs('Compose_9'), ',')[1]"},"Set_Customer_variable_26":{"runAfter":{"Compose_25":["Succeeded"]},"metadata":{"operationMetadataId":"97411dc2-d9b1-4619-939e-5eb1f49d3837"},"type":"SetVariable","inputs":{"name":"Customer","value":"@{outputs('Compose_25')}"}}},"runAfter":{"Condition_8":["Succeeded"]},"expression":{"or":[{"startsWith":["@variables('Summary')","[MONITORING][GLOBAL][SEV3]"]},{"startsWith":["@variables('Summary')","[MONITORING][GLOBAL][SEV2]"]},{"startsWith":["@variables('Summary')","[MONITORING][GLOBAL][SEV1]"]}]},"metadata":{"operationMetadataId":"8a5762dc-ac0a-47ce-881b-6ef498c43d58"},"type":"If"},"[P3][CRO][RBR][NA][US][STF]_6":{"actions":{"Compose_21":{"runAfter":{},"metadata":{"operationMetadataId":"b63d2ec6-3f0f-4e7d-89e4-73bcd633cc3d"},"type":"Compose","inputs":"@split(outputs('Compose_9'), ',')[6]"},"Set_Customer_variable_27":{"runAfter":{"Compose_21":["Succeeded"]},"metadata":{"operationMetadataId":"97411dc2-d9b1-4619-939e-5eb1f49d3837"},"type":"SetVariable","inputs":{"name":"Customer","value":"@{outputs('Compose_21')}"}}},"runAfter":{"Condition_8":["Succeeded"]},"expression":{"or":[{"startsWith":["@variables('Summary')","[P3][CRO][RBR][NA][US][STF][SEV3]"]},{"startsWith":["@variables('Summary')"," [P3][CRO][RBR][NA][US][STF][SEV3]"]},{"startsWith":["@variables('Summary')","[P3][CRO][RBR][NA][US][STF][SEV2]"]},{"startsWith":["@variables('Summary')","[P3][CRO][RBR][NA][US][STF][SEV1]"]}]},"metadata":{"operationMetadataId":"8a5762dc-ac0a-47ce-881b-6ef498c43d58"},"type":"If"},"IF_INC_2":{"actions":{"Add_a_row_into_a_AllTicketsTable_[30][60][90].xlsx_3":{"runAfter":{},"metadata":{"014GGCKUE6KCGO54AV6ZH2RJIWOGUQV53C":"/INC/Book.xlsx","operationMetadataId":"b4bbf699-2d7a-4bd4-be83-a7a36f7de37d","tableId":"{61EB1E10-8100-46F4-829E-C5379F588382}","01GZZYBNMD4ZB4J5X5KRHLA4KBREYLPAGV":"/INC_SR_Report/Book.xlsx","01GZZYBNO43WAQF5AQOJCY5CK6PSHAYYQA":"/INC_SR_Report/[30][60][90] Incident list.xlsx"},"type":"OpenApiConnection","inputs":{"host":{"apiId":"/providers/Microsoft.PowerApps/apis/shared_excelonlinebusiness","connectionName":"shared_excelonlinebusiness_1","operationId":"AddRowV2"},"parameters":{"source":"me","drive":"b!VKMpyc6ypk24pMGTeB86PKNVwGFDxoFGn-HIO2WbEZ2Yt1X_ZBmwR4kgn_GM2-4Y","file":"01GZZYBNO43WAQF5AQOJCY5CK6PSHAYYQA","table":"{61EB1E10-8100-46F4-829E-C5379F588382}","item/Incident Number":"@variables('ticketNumber')","item/Summary":"@variables('Summary')","item/Customer":"@variables('Customer')","item/Internal\nPriority":"@variables('Severity')","item/Status":"@variables('Status')","item/Created":"@variables('Created')","item/Days since creation":"@variables('CreatedConvINT')","item/Last Update (Date)":"@variables('Updated')","item/Days since last update":"@variables('UpdatedConvINT')","item/Last Update content":"@variables('WorkNotes')","item/TicketOwner":"@variables('AssignedTo')","item/Last update technician":"@variables('WorkStartConv')","item/Assigned date":"@variables('WorkStartConv')","item/Offering":"@variables('Offering')","item/IncidentType":"INC"},"authentication":{"value":"@json(decodeBase64(triggerOutputs().headers['X-MS-APIM-Tokens']))['$ConnectionKey']","type":"Raw"}}}},"runAfter":{"[P3][CRO][RBR][NA][US][STF]_6":["Succeeded"],"[MONITORING][GLOBAL][SEVX]_":["Succeeded"],"[GLOBAL][SEVX]":["Succeeded"],"[VERITAS][EU]CH][ZEK]":["Succeeded"],"[CV][MULTIPLE_CUSTOMERS]_2":["Succeeded"],"IF_P3_or_RBR_or_CRO_9-11_3":["Succeeded"],"[CV][NA][US][HONDAUS]_7-11_3":["Succeeded"],"IF_[P3][RBR][ZTO]_11-13_2":["Succeeded"],"IF_[P3][CRO][RBR]_11-13_3":["Succeeded"],"[CV][NA][US][HONDAUS]_7-9_2":["Succeeded"],"IF_P3_or_RBR_or_CRO_9-11_2":["Succeeded"],"IF_[P3][EU][IT]_without_client_name_5-7_2":["Succeeded"],"Condition_7-9_3":["Succeeded"]},"expression":{"startsWith":["@variables('ticketNumber')","INC"]},"metadata":{"operationMetadataId":"b66a3df0-c387-4db6-a07b-b07e417806be"},"type":"If"},"IF_SR_2":{"actions":{"Add_a_row_into_a_AllTicketsTable_[30][60][90].xlsx_4":{"runAfter":{},"metadata":{"014GGCKUE6KCGO54AV6ZH2RJIWOGUQV53C":"/INC/Book.xlsx","operationMetadataId":"b4bbf699-2d7a-4bd4-be83-a7a36f7de37d","tableId":"{61EB1E10-8100-46F4-829E-C5379F588382}","01GZZYBNMD4ZB4J5X5KRHLA4KBREYLPAGV":"/INC_SR_Report/Book.xlsx","01GZZYBNO43WAQF5AQOJCY5CK6PSHAYYQA":"/INC_SR_Report/[30][60][90] Incident list.xlsx"},"type":"OpenApiConnection","inputs":{"host":{"apiId":"/providers/Microsoft.PowerApps/apis/shared_excelonlinebusiness","connectionName":"shared_excelonlinebusiness_1","operationId":"AddRowV2"},"parameters":{"source":"me","drive":"b!VKMpyc6ypk24pMGTeB86PKNVwGFDxoFGn-HIO2WbEZ2Yt1X_ZBmwR4kgn_GM2-4Y","file":"01GZZYBNO43WAQF5AQOJCY5CK6PSHAYYQA","table":"{61EB1E10-8100-46F4-829E-C5379F588382}","item/Incident Number":"@variables('ticketNumber')","item/Summary":"@variables('Summary')","item/Customer":"@variables('Customer')","item/Internal\nPriority":"@variables('Severity')","item/Status":"@variables('Status')","item/Created":"@variables('Created')","item/Days since creation":"@variables('CreatedConvINT')","item/Last Update (Date)":"@variables('Updated')","item/Days since last update":"@variables('UpdatedConvINT')","item/Last Update content":"@variables('WorkNotes')","item/TicketOwner":"@variables('AssignedTo')","item/Last update technician":"@variables('WorkStartConv')","item/Assigned date":"@variables('WorkStartConv')","item/Offering":"@variables('Offering')","item/IncidentType":"SR"},"authentication":{"value":"@json(decodeBase64(triggerOutputs().headers['X-MS-APIM-Tokens']))['$ConnectionKey']","type":"Raw"}}}},"runAfter":{"IF_INC_2":["Succeeded"]},"expression":{"startsWith":["@variables('ticketNumber')","SRNA"]},"metadata":{"operationMetadataId":"2e85b688-94d3-4c73-aa25-ab94976fa3a8"},"type":"If"}}},"expression":{"contains":["@variables('TechnicianBotConfig')","@variables('WorkNotesTechnician')"]},"metadata":{"operationMetadataId":"280359e8-ab7a-40e8-a3f6-504a6ddfdb2e"},"type":"If"},"Lines":{"runAfter":{"Set_LastUpdateNew_variable":["Succeeded"]},"metadata":{"operationMetadataId":"c5f2e43b-4f48-449e-aafe-6ddf17ec3717"},"type":"Compose","inputs":"@split(variables('WorkNotes'), variables('newLine'))"},"Apply_to_each_Lines":{"foreach":"@outputs('Lines')","actions":{"Set_CurrentItemLen_variable":{"runAfter":{},"metadata":{"operationMetadataId":"2a9e9801-fcd0-4f29-9a81-f0bd43180618"},"type":"SetVariable","inputs":{"name":"CurrentItemLen","value":"@{length(item())}"}},"If_current_line":{"actions":{"Set_name_variable_2":{"runAfter":{"Set_date_variable_2":["Succeeded"]},"metadata":{"operationMetadataId":"a544cf21-ebf8-4e03-8d2c-69c9417b36cb"},"type":"SetVariable","inputs":{"name":"name","value":"@{trim(replace(replace(replace(replace(outputs('Names'), ' ', ' '), '\\n', ' '), '\\r', ' '), '\\t', ' '))}"}},"Append_to_ExtractDateName_array_":{"runAfter":{"Set_name_variable_2":["Succeeded"]},"metadata":{"operationMetadataId":"b8996f34-86cd-4805-95e3-3f72d701ba00"},"type":"AppendToArrayVariable","inputs":{"name":"ExtractDateName","value":"@concat(variables('date'), ' ', variables('name'))"}},"Set_date_variable_2":{"runAfter":{"Names":["Succeeded"]},"metadata":{"operationMetadataId":"41ee28a4-ede7-45c7-9732-984fa6250da5"},"type":"SetVariable","inputs":{"name":"date","value":"@{outputs('Date')}"}},"Date":{"runAfter":{},"metadata":{"operationMetadataId":"f0fbb11c-7a91-46a4-b612-22683dd32308"},"type":"Compose","inputs":"@substring(item(), 0, 10)"},"Names":{"runAfter":{"Date":["Succeeded"]},"metadata":{"operationMetadataId":"e43f2388-93c2-4c7f-aa36-79328c9e2d96"},"type":"Compose","inputs":"@substring(item(), 22, sub(indexOf(item(), ' (Work notes)'), 22))\r\n"}},"runAfter":{"Set_CurrentItemLenINT_variable":["Succeeded"]},"expression":{"and":[{"startsWith":["@item()","@variables('typeString')"]},{"greater":["@variables('CurrentItemLenINT')",20]},{"less":["@variables('CurrentItemLenINT')",65]},{"endsWith":["@item()","(Work notes)"]}]},"metadata":{"operationMetadataId":"a68d36e9-9e94-4b2b-8348-0d047f9adf6b"},"type":"If"},"Set_CurrentItemLenINT_variable":{"runAfter":{"Set_CurrentItemLen_variable":["Succeeded"]},"metadata":{"operationMetadataId":"8c16ade9-f454-4ccc-af1c-498a33483f62"},"type":"SetVariable","inputs":{"name":"CurrentItemLenINT","value":"@int(variables('CurrentItemLen'))"}}},"runAfter":{"Lines":["Succeeded"]},"metadata":{"operationMetadataId":"1aa0a126-1246-47ef-835e-63c0f242342d"},"type":"Foreach"},"Apply_to_each_ExtractDateName":{"foreach":"@variables('ExtractDateName')","actions":{"Compose_7":{"runAfter":{},"metadata":{"operationMetadataId":"aa066c29-6134-4a27-8951-8b80f7d81758"},"type":"Compose","inputs":"@split(item(), ' ')"},"ComposeDate":{"runAfter":{"Compose_7":["Succeeded"]},"metadata":{"operationMetadataId":"8799dcb1-c129-40c4-9ed0-58138c678e76"},"type":"Compose","inputs":"@first(outputs('Compose_7'))"},"ComposeName":{"runAfter":{"ComposeDate":["Succeeded"]},"metadata":{"operationMetadataId":"86a46743-804b-4cea-ac43-141d69a8662b"},"type":"Compose","inputs":"@join(skip(outputs('Compose_7'), 1), ' ')"},"If_status_code":{"actions":{"Append_to_LastUpdateNew_array":{"runAfter":{},"metadata":{"operationMetadataId":"520422c5-8939-4953-a862-f2c280de3a84"},"type":"AppendToArrayVariable","inputs":{"name":"LastUpdateNew","value":"@outputs('ComposeDate')"}}},"runAfter":{"Get_Name_from_SNOW_a_row":["Succeeded","Failed","TimedOut","Skipped"]},"expression":{"equals":["@outputs('Get_Name_from_SNOW_a_row')?['statusCode']",200]},"metadata":{"operationMetadataId":"f4265d24-67a8-47b5-b2a0-db75dbfdeddb"},"type":"If"},"Get_Name_from_SNOW_a_row":{"runAfter":{"ComposeName":["Succeeded","Failed","Skipped","TimedOut"]},"metadata":{"01GZZYBNMD4ZB4J5X5KRHLA4KBREYLPAGV":"/INC_SR_Report/Book.xlsx","operationMetadataId":"aa9da1a3-49e4-4481-bfca-489f70de43d9","tableId":"{AD668359-0715-46FA-9F7A-033D28DD5482}","01GZZYBNO43WAQF5AQOJCY5CK6PSHAYYQA":"/BOT Report (INC_SR 30_60_90 + weekly)/[30][60][90] Incident list.xlsx"},"type":"OpenApiConnection","inputs":{"host":{"apiId":"/providers/Microsoft.PowerApps/apis/shared_excelonlinebusiness","connectionName":"shared_excelonlinebusiness_1","operationId":"GetItem"},"parameters":{"source":"me","drive":"b!VKMpyc6ypk24pMGTeB86PKNVwGFDxoFGn-HIO2WbEZ2Yt1X_ZBmwR4kgn_GM2-4Y","file":"01GZZYBNO43WAQF5AQOJCY5CK6PSHAYYQA","table":"{AD668359-0715-46FA-9F7A-033D28DD5482}","idColumn":"Name from SNOW","id":"@outputs('ComposeName')"},"authentication":{"value":"@json(decodeBase64(triggerOutputs().headers['X-MS-APIM-Tokens']))['$ConnectionKey']","type":"Raw"}}}},"runAfter":{"Set_WorkNotesTechnician_variable":["Succeeded"]},"metadata":{"operationMetadataId":"65cf1dc7-400e-4f0e-ab26-d35f315ac8d4"},"type":"Foreach"},"Compose_11":{"runAfter":{"Apply_to_each_ExtractDateName":["Succeeded"]},"metadata":{"operationMetadataId":"dfdd6577-d7da-43bc-9373-67fe114cfcd7"},"type":"Compose","inputs":"@first(variables('LastUpdateNew'))"},"If_Compose":{"actions":{"Set_UpdatedConv_variable_2":{"runAfter":{},"metadata":{"operationMetadataId":"a41028e2-1aec-494f-bc48-030eaf1c9709"},"type":"SetVariable","inputs":{"name":"UpdatedConv","value":"@{outputs('Compose_11')}"}},"Set_DateFromWorkNotes_variable":{"runAfter":{"Set_UpdatedConv_variable_2":["Succeeded"]},"metadata":{"operationMetadataId":"7e797376-0c36-4098-8d0c-6227e1b1e80a"},"type":"SetVariable","inputs":{"name":"DateFromWorkNotes","value":"@{outputs('Compose_11')}"}},"Set_WorkStartConv_variable_2":{"runAfter":{"Set_DateFromWorkNotes_variable":["Succeeded"]},"metadata":{"operationMetadataId":"99518aa5-e41f-45eb-bb34-035a67391bc0"},"type":"SetVariable","inputs":{"name":"WorkStartConv","value":"@{outputs('Compose_11')}"}}},"runAfter":{"Compose_11":["Succeeded"]},"expression":{"not":{"equals":["@outputs('Compose_11')","@null"]}},"metadata":{"operationMetadataId":"c82109f4-9d75-47f9-bd7e-ad07b47d310c"},"type":"If"},"Set_date_variable":{"runAfter":{"Set_WorkNotes_variable":["Succeeded"]},"metadata":{"operationMetadataId":"dd7b0dae-38c2-4072-a50e-71c9cdbc7de1"},"type":"SetVariable","inputs":{"name":"date","value":"@{null}"}},"Set_name_variable":{"runAfter":{"Set_date_variable":["Succeeded"]},"metadata":{"operationMetadataId":"aacf982e-baba-4cdd-a446-17256a44633d"},"type":"SetVariable","inputs":{"name":"name","value":"@{null}"}},"Set_ExtractDateName_variable":{"runAfter":{"Set_name_variable":["Succeeded"]},"metadata":{"operationMetadataId":"4660974b-1940-447e-8fbf-aa8710e9a2ab"},"type":"SetVariable","inputs":{"name":"ExtractDateName","value":"@null"}},"Set_LastUpdateNew_variable":{"runAfter":{"Set_ExtractDateName_variable":["Succeeded"]},"metadata":{"operationMetadataId":"e68d1f31-e3db-4106-b0c4-81e1e4277aa8"},"type":"SetVariable","inputs":{"name":"LastUpdateNew","value":"@null"}}},"runAfter":{"SwitchSeverity":["Succeeded"]},"expression":{"not":{"equals":["@length(variables('AssignedTo'))",0]}},"metadata":{"operationMetadataId":"c9b9ec48-dead-4d4a-8b23-02f9033cdb0b"},"type":"If"},"Set_Offering_variable":{"runAfter":{"Set_Summary_variable":["Succeeded"]},"metadata":{"operationMetadataId":"24b804dc-ad29-4444-97d8-09bea2eb84e6"},"type":"SetVariable","inputs":{"name":"Offering","value":"@items('CREATE_Book.xslx_AND_30_60_90.xlsx_FILES')?['Service offering']"}},"Set_SeverityFromSNOW_variable":{"runAfter":{"Set_AssignedTo_variable":["Succeeded"]},"metadata":{"operationMetadataId":"23c2e6d4-3c10-49cc-ad68-a732ded71273"},"type":"SetVariable","inputs":{"name":"SeverityFromSNOW","value":"@items('CREATE_Book.xslx_AND_30_60_90.xlsx_FILES')?['Severity']"}},"SwitchSeverity":{"runAfter":{"Set_SeverityFromSNOW_variable":["Succeeded"]},"cases":{"SEV3":{"case":"3 - Low","actions":{"Set_Severity_variable_-_SEV3":{"runAfter":{},"metadata":{"operationMetadataId":"96742fea-e4e7-404f-b66c-b1f6c43d26f8"},"type":"SetVariable","inputs":{"name":"Severity","value":"SEV3"}}}},"SEV2":{"case":"2 - Medium","actions":{"Set_Severity_variable_-_SEV2":{"runAfter":{},"metadata":{"operationMetadataId":"48dc067f-7829-4711-aa75-038c6e0aa85c"},"type":"SetVariable","inputs":{"name":"Severity","value":"SEV2"}}}},"SEV1":{"case":"1 - High","actions":{"Set_Severity_variable_-_SEV1":{"runAfter":{},"metadata":{"operationMetadataId":"18a09624-a589-4fd9-a22b-935058459662"},"type":"SetVariable","inputs":{"name":"Severity","value":"SEV1"}}}},"SEV4":{"case":"SEV4","actions":{"Set_Severity_variable_-_SEV4":{"runAfter":{},"metadata":{"operationMetadataId":"1e954612-6386-404a-9470-f3c287c59ee6"},"type":"SetVariable","inputs":{"name":"Severity","value":"SEV4"}}}},"SEV5":{"case":"SEV5","actions":{"Set_Severity_variable_-_SEV5":{"runAfter":{},"metadata":{"operationMetadataId":"6864b64a-e182-42b5-b5f3-0b18a895b2a2"},"type":"SetVariable","inputs":{"name":"Severity","value":"SEV5"}}}}},"default":{"actions":{}},"expression":"@variables('SeverityFromSNOW')","metadata":{"operationMetadataId":"06cd7e84-8bc2-4660-b4e0-0d65e5d90663"},"type":"Switch"}},"runAfter":{"Initialize_FoundTechnicianComment_variable":["Succeeded"]},"metadata":{"operationMetadataId":"4050a909-6573-4a8c-8194-dd449997848f"},"type":"Foreach"},"Initialize_Offering_variable":{"runAfter":{"Initialize_WorkStartConv_variable":["Succeeded"]},"metadata":{"operationMetadataId":"264630e2-5cf2-4393-bac7-b8964d55e04b"},"type":"InitializeVariable","inputs":{"variables":[{"name":"Offering","type":"string"}]}},"Initialize_SeverityFromSNOW_variable":{"runAfter":{"Initialize_Severity_variable":["Succeeded"]},"metadata":{"operationMetadataId":"c1ab0610-30ce-4178-9fe6-a0c312af4c40"},"type":"InitializeVariable","inputs":{"variables":[{"name":"SeverityFromSNOW","type":"string"}]}},"Initialize_ExtractDateName_variable":{"runAfter":{"Initialize_Offering_variable":["Succeeded"]},"metadata":{"operationMetadataId":"0cb10241-5ce3-4385-9a7b-c967fadc8162"},"type":"InitializeVariable","inputs":{"variables":[{"name":"ExtractDateName","type":"array"}]}},"Initialize_date_variable":{"runAfter":{"Initialize_ExtractDateName_variable":["Succeeded"]},"metadata":{"operationMetadataId":"dd1c1104-05ff-4c91-8dde-c158e794b8d7"},"type":"InitializeVariable","inputs":{"variables":[{"name":"date","type":"string"}]}},"Initialize_name_variable":{"runAfter":{"Initialize_date_variable":["Succeeded"]},"metadata":{"operationMetadataId":"83b03860-11a1-42ee-8e1e-deafe6044264"},"type":"InitializeVariable","inputs":{"variables":[{"name":"name","type":"string"}]}},"Initialize_newLine_variable":{"runAfter":{"Create_technician_name_array":["Succeeded"]},"metadata":{"operationMetadataId":"2700345e-5a2d-4820-b2a4-38b488887ed5"},"type":"InitializeVariable","inputs":{"variables":[{"name":"newLine","type":"string"}]}},"Set_newLine_variable":{"runAfter":{"Initialize_newLine_variable":["Succeeded"]},"metadata":{"operationMetadataId":"9301e925-2416-4bf9-b57c-eb821fac313e"},"type":"SetVariable","inputs":{"name":"newLine","value":"\n"}},"Initialize_typeString_variable":{"runAfter":{"Set_newLine_variable":["Succeeded"]},"metadata":{"operationMetadataId":"64502cde-2064-4355-96e5-99e107b79e74"},"type":"InitializeVariable","inputs":{"variables":[{"name":"typeString","type":"string"}]}},"Set_typeString_variable":{"runAfter":{"Initialize_typeString_variable":["Succeeded"]},"metadata":{"operationMetadataId":"3d033f73-7ad0-4c03-ac43-4bbb3ef913ae"},"type":"SetVariable","inputs":{"name":"typeString","value":"202"}},"Initialize_LastUpdateNew_variable":{"runAfter":{"Set_typeString_variable":["Succeeded"]},"metadata":{"operationMetadataId":"f729de0b-842c-4d6b-ade7-6a4dade9737a"},"type":"InitializeVariable","inputs":{"variables":[{"name":"LastUpdateNew","type":"array"}]}},"Initialize_CurrentItemLen_variable":{"runAfter":{"Initialize_LastUpdateNew_variable":["Succeeded"]},"metadata":{"operationMetadataId":"4aa067a6-ef6b-4f37-bdc3-34e195e66482"},"type":"InitializeVariable","inputs":{"variables":[{"name":"CurrentItemLen","type":"string"}]}},"Initialize_CurrentItemLenINT_variable":{"runAfter":{"Initialize_CurrentItemLen_variable":["Succeeded"]},"metadata":{"operationMetadataId":"b119e901-d2b1-44d6-b304-00841c9af7ca"},"type":"InitializeVariable","inputs":{"variables":[{"name":"CurrentItemLenINT","type":"integer"}]}},"Initialize_endString_variable":{"runAfter":{"Initialize_CurrentItemLenINT_variable":["Succeeded"]},"metadata":{"operationMetadataId":"0f5a07e2-d6cb-4fdb-b31b-5c89b75b99e1"},"type":"InitializeVariable","inputs":{"variables":[{"name":"endString","type":"string"}]}},"Set_endString_variable":{"runAfter":{"Initialize_endString_variable":["Succeeded"]},"metadata":{"operationMetadataId":"b608b097-63f4-494a-a174-1443c0a520b9"},"type":"SetVariable","inputs":{"name":"endString","value":"(Work notes)"}},"30_60_90_RAPORT":{"runAfter":{"BOTCONFIG":["Succeeded"]},"metadata":{"014GGCKUE6KCGO54AV6ZH2RJIWOGUQV53C":"/INC/Book.xlsx","operationMetadataId":"6f137b1e-1745-4b01-a8b0-31bc9aa192b0","tableId":"{61EB1E10-8100-46F4-829E-C5379F588382}","01GZZYBNMD4ZB4J5X5KRHLA4KBREYLPAGV":"/INC_SR_Report/Book.xlsx","01GZZYBNO43WAQF5AQOJCY5CK6PSHAYYQA":"/INC_SR_Report/[30][60][90] Incident list.xlsx"},"type":"OpenApiConnection","inputs":{"host":{"apiId":"/providers/Microsoft.PowerApps/apis/shared_excelonlinebusiness","connectionName":"shared_excelonlinebusiness_1","operationId":"GetItems"},"parameters":{"source":"me","drive":"b!VKMpyc6ypk24pMGTeB86PKNVwGFDxoFGn-HIO2WbEZ2Yt1X_ZBmwR4kgn_GM2-4Y","file":"01GZZYBNO43WAQF5AQOJCY5CK6PSHAYYQA","table":"{61EB1E10-8100-46F4-829E-C5379F588382}"},"authentication":{"value":"@json(decodeBase64(triggerOutputs().headers['X-MS-APIM-Tokens']))['$ConnectionKey']","type":"Raw"}}},"Cleanup_AllTicketsTable_30_60_90.xslx":{"foreach":"@outputs('30_60_90_RAPORT')?['body/value']","actions":{"Delete_a_row_AllTicketsTable":{"runAfter":{},"metadata":{"01GZZYBNO43WAQF5AQOJCY5CK6PSHAYYQA":"/INC_SR_Report/[30][60][90] Incident list.xlsx","operationMetadataId":"9d8da5eb-62ca-40ec-82fc-27ffe03a3199","tableId":"{61EB1E10-8100-46F4-829E-C5379F588382}"},"type":"OpenApiConnection","inputs":{"host":{"apiId":"/providers/Microsoft.PowerApps/apis/shared_excelonlinebusiness","connectionName":"shared_excelonlinebusiness_1","operationId":"DeleteItem"},"parameters":{"source":"me","drive":"b!VKMpyc6ypk24pMGTeB86PKNVwGFDxoFGn-HIO2WbEZ2Yt1X_ZBmwR4kgn_GM2-4Y","file":"01GZZYBNO43WAQF5AQOJCY5CK6PSHAYYQA","table":"{61EB1E10-8100-46F4-829E-C5379F588382}","idColumn":"Incident Number","id":"@items('Cleanup_AllTicketsTable_30_60_90.xslx')?['Incident Number']"},"authentication":{"value":"@json(decodeBase64(triggerOutputs().headers['X-MS-APIM-Tokens']))['$ConnectionKey']","type":"Raw"}}}},"runAfter":{"30_60_90_RAPORT":["Succeeded"]},"metadata":{"operationMetadataId":"0a9a94d5-27fd-4791-8f8b-a3115e947b8e"},"type":"Foreach"},"30_60_90_RAPORT_FRESH_DATA":{"runAfter":{"CREATE_Book.xslx_AND_30_60_90.xlsx_FILES":["Succeeded","Failed"]},"metadata":{"014GGCKUE6KCGO54AV6ZH2RJIWOGUQV53C":"/INC/Book.xlsx","operationMetadataId":"6f137b1e-1745-4b01-a8b0-31bc9aa192b0","tableId":"{61EB1E10-8100-46F4-829E-C5379F588382}","01GZZYBNMD4ZB4J5X5KRHLA4KBREYLPAGV":"/INC_SR_Report/Book.xlsx","01GZZYBNO43WAQF5AQOJCY5CK6PSHAYYQA":"/INC_SR_Report/[30][60][90] Incident list.xlsx"},"type":"OpenApiConnection","inputs":{"host":{"apiId":"/providers/Microsoft.PowerApps/apis/shared_excelonlinebusiness","connectionName":"shared_excelonlinebusiness_1","operationId":"GetItems"},"parameters":{"source":"me","drive":"b!VKMpyc6ypk24pMGTeB86PKNVwGFDxoFGn-HIO2WbEZ2Yt1X_ZBmwR4kgn_GM2-4Y","file":"01GZZYBNO43WAQF5AQOJCY5CK6PSHAYYQA","table":"{61EB1E10-8100-46F4-829E-C5379F588382}"},"authentication":{"value":"@json(decodeBase64(triggerOutputs().headers['X-MS-APIM-Tokens']))['$ConnectionKey']","type":"Raw"}}},"Apply_to_each_30_60_90_FRESH_RAPORT_DATA":{"foreach":"@outputs('30_60_90_RAPORT_FRESH_DATA')?['body/value']","actions":{"Set_DaysSinceCreation_variable_2":{"runAfter":{},"metadata":{"operationMetadataId":"be198290-6557-4abd-b588-84bb0eff4d03"},"type":"SetVariable","inputs":{"name":"DaysSinceCreation","value":"@items('Apply_to_each_30_60_90_FRESH_RAPORT_DATA')?['Days since creation']"}},"DAYS_SINCE_CREATION_-le_29":{"actions":{"Update_a_DateStamp_row_0":{"runAfter":{},"metadata":{"01GZZYBNO43WAQF5AQOJCY5CK6PSHAYYQA":"/INC_SR_Report/[30][60][90] Incident list.xlsx","operationMetadataId":"ba5b9afd-d5bb-4932-8125-07ee88b99182","tableId":"{61EB1E10-8100-46F4-829E-C5379F588382}"},"type":"OpenApiConnection","inputs":{"host":{"apiId":"/providers/Microsoft.PowerApps/apis/shared_excelonlinebusiness","connectionName":"shared_excelonlinebusiness_1","operationId":"PatchItem"},"parameters":{"source":"me","drive":"b!VKMpyc6ypk24pMGTeB86PKNVwGFDxoFGn-HIO2WbEZ2Yt1X_ZBmwR4kgn_GM2-4Y","file":"01GZZYBNO43WAQF5AQOJCY5CK6PSHAYYQA","table":"{61EB1E10-8100-46F4-829E-C5379F588382}","idColumn":"Incident Number","id":"@items('Apply_to_each_30_60_90_FRESH_RAPORT_DATA')?['Incident Number']","item/Datestamp":"0"},"authentication":{"value":"@json(decodeBase64(triggerOutputs().headers['X-MS-APIM-Tokens']))['$ConnectionKey']","type":"Raw"}}}},"runAfter":{"Set_NewCreated_variable":["Succeeded"]},"expression":{"lessOrEquals":["@variables('NewCreated')",29]},"metadata":{"operationMetadataId":"b2a68827-42af-4d0c-9b6b-7ed878b555bb"},"type":"If"},"DAYS_SINCE_CREATE_-ge_30_AND_-le_59":{"actions":{"Update_a_DateStamp_row_30":{"runAfter":{},"metadata":{"01GZZYBNO43WAQF5AQOJCY5CK6PSHAYYQA":"/INC_SR_Report/[30][60][90] Incident list.xlsx","operationMetadataId":"ba5b9afd-d5bb-4932-8125-07ee88b99182","tableId":"{61EB1E10-8100-46F4-829E-C5379F588382}"},"type":"OpenApiConnection","inputs":{"host":{"apiId":"/providers/Microsoft.PowerApps/apis/shared_excelonlinebusiness","connectionName":"shared_excelonlinebusiness_1","operationId":"PatchItem"},"parameters":{"source":"me","drive":"b!VKMpyc6ypk24pMGTeB86PKNVwGFDxoFGn-HIO2WbEZ2Yt1X_ZBmwR4kgn_GM2-4Y","file":"01GZZYBNO43WAQF5AQOJCY5CK6PSHAYYQA","table":"{61EB1E10-8100-46F4-829E-C5379F588382}","idColumn":"Incident Number","id":"@items('Apply_to_each_30_60_90_FRESH_RAPORT_DATA')?['Incident Number']","item/Datestamp":"30"},"authentication":{"value":"@json(decodeBase64(triggerOutputs().headers['X-MS-APIM-Tokens']))['$ConnectionKey']","type":"Raw"}}}},"runAfter":{"DAYS_SINCE_CREATION_-le_29":["Succeeded"]},"expression":{"and":[{"greaterOrEquals":["@variables('NewCreated')",30]},{"lessOrEquals":["@variables('NewCreated')",59]}]},"metadata":{"operationMetadataId":"1bc35b51-bea2-44b6-84c7-5a3e56b278f5"},"type":"If"},"DAYS_SINCE_CREATE_-ge_60_AND_-le_89":{"actions":{"Update_a_DateStamp_row_60":{"runAfter":{},"metadata":{"01GZZYBNO43WAQF5AQOJCY5CK6PSHAYYQA":"/INC_SR_Report/[30][60][90] Incident list.xlsx","operationMetadataId":"461037f9-da07-4a6d-b4bd-13bc06f162d7","tableId":"{61EB1E10-8100-46F4-829E-C5379F588382}"},"type":"OpenApiConnection","inputs":{"host":{"apiId":"/providers/Microsoft.PowerApps/apis/shared_excelonlinebusiness","connectionName":"shared_excelonlinebusiness_1","operationId":"PatchItem"},"parameters":{"source":"me","drive":"b!VKMpyc6ypk24pMGTeB86PKNVwGFDxoFGn-HIO2WbEZ2Yt1X_ZBmwR4kgn_GM2-4Y","file":"01GZZYBNO43WAQF5AQOJCY5CK6PSHAYYQA","table":"{61EB1E10-8100-46F4-829E-C5379F588382}","idColumn":"Incident Number","id":"@items('Apply_to_each_30_60_90_FRESH_RAPORT_DATA')?['Incident Number']","item/Datestamp":"60"},"authentication":{"value":"@json(decodeBase64(triggerOutputs().headers['X-MS-APIM-Tokens']))['$ConnectionKey']","type":"Raw"}}}},"runAfter":{"DAYS_SINCE_CREATE_-ge_30_AND_-le_59":["Succeeded"]},"expression":{"and":[{"greaterOrEquals":["@variables('NewCreated')",60]},{"lessOrEquals":["@variables('NewCreated')",89]}]},"metadata":{"operationMetadataId":"c339e115-caae-4d0d-a095-4443d3f8a23a"},"type":"If"},"DAYS_SINCE_CREATE_-ge_90":{"actions":{"Update_a_DateStamp_row_90":{"runAfter":{},"metadata":{"01GZZYBNO43WAQF5AQOJCY5CK6PSHAYYQA":"/INC_SR_Report/[30][60][90] Incident list.xlsx","operationMetadataId":"0432bbbd-8b24-42ab-86a0-3311190f9c85","tableId":"{61EB1E10-8100-46F4-829E-C5379F588382}"},"type":"OpenApiConnection","inputs":{"host":{"apiId":"/providers/Microsoft.PowerApps/apis/shared_excelonlinebusiness","connectionName":"shared_excelonlinebusiness_1","operationId":"PatchItem"},"parameters":{"source":"me","drive":"b!VKMpyc6ypk24pMGTeB86PKNVwGFDxoFGn-HIO2WbEZ2Yt1X_ZBmwR4kgn_GM2-4Y","file":"01GZZYBNO43WAQF5AQOJCY5CK6PSHAYYQA","table":"{61EB1E10-8100-46F4-829E-C5379F588382}","idColumn":"Incident Number","id":"@items('Apply_to_each_30_60_90_FRESH_RAPORT_DATA')?['Incident Number']","item/Datestamp":"90"},"authentication":{"value":"@json(decodeBase64(triggerOutputs().headers['X-MS-APIM-Tokens']))['$ConnectionKey']","type":"Raw"}}}},"runAfter":{"DAYS_SINCE_CREATE_-ge_60_AND_-le_89":["Succeeded"]},"expression":{"greaterOrEquals":["@variables('NewCreated')",90]},"metadata":{"operationMetadataId":"ae0c1920-64eb-469d-8294-cb43bbbe541e"},"type":"If"},"Set_WorkNotes_variable_2":{"runAfter":{"DAYS_SINCE_CREATE_-ge_90":["Succeeded"]},"metadata":{"operationMetadataId":"84119cee-efff-40b5-92bf-1ba7f8bd6bc1"},"type":"SetVariable","inputs":{"name":"WorkNotes","value":"@{null}"}},"Set_WorkNotesvariable_3":{"runAfter":{"Set_WorkNotes_variable_2":["Succeeded"]},"metadata":{"operationMetadataId":"943ce29c-1a33-4e5b-9c44-9558e1e9bb7c"},"type":"SetVariable","inputs":{"name":"WorkNotes","value":"@items('Apply_to_each_30_60_90_FRESH_RAPORT_DATA')?['Last Update content']"}},"Set_NewCreated_variable":{"runAfter":{"Set_FoundTechnicianComment_variable":["Succeeded"]},"metadata":{"operationMetadataId":"6062f408-f327-40e0-890f-68e495f54366"},"type":"SetVariable","inputs":{"name":"NewCreated","value":"@int(variables('DaysSinceCreation'))"}},"Apply_to_each_SplittedComments":{"foreach":"@outputs('SplitComments')","actions":{"If_SplittedComments":{"actions":{"FullComment":{"runAfter":{},"metadata":{"operationMetadataId":"e454b9db-e5ab-495f-b404-bc29e9365338"},"type":"Compose","inputs":"@concat('2025-', items('Apply_to_each_SplittedComments'))"},"If_FullComment":{"actions":{"AuthorName":{"runAfter":{},"metadata":{"operationMetadataId":"df8fad00-21d9-4b66-b5d2-0c7e4302b046"},"type":"Compose","inputs":"@trim(\r\n  substring(\r\n    outputs('FullComment'),\r\n    add(indexOf(outputs('FullComment'), '- '), 2),\r\n    sub(\r\n      indexOf(outputs('FullComment'), '(Work notes)'),\r\n      add(indexOf(outputs('FullComment'), '- '), 2)\r\n    )\r\n  )\r\n)\r\n"},"IsTechnician":{"runAfter":{"AuthorName":["Succeeded"]},"metadata":{"operationMetadataId":"8515ee7d-4a43-44d1-8420-3c1055416484"},"type":"Query","inputs":{"from":"@outputs('BOTCONFIG')?['body/value']","where":"@equals(item()?['Name from SNOW'], outputs('AuthorName'))"}},"If_isTechnician":{"actions":{"Set_NewestTechComment_variable":{"runAfter":{},"metadata":{"operationMetadataId":"3d6bc4df-a625-4bb3-8378-6df923e9925e"},"type":"SetVariable","inputs":{"name":"NewestTechComment","value":"@{outputs('FullComment')}"}},"Update_a_LastUpdatecontent_row":{"runAfter":{"Set_NewestTechComment_variable":["Succeeded"]},"metadata":{"01GZZYBNO43WAQF5AQOJCY5CK6PSHAYYQA":"/INC_SR_Report/[30][60][90] Incident list.xlsx","operationMetadataId":"f6302f78-f8c7-41af-a8d7-6eb125da8a01","tableId":"{61EB1E10-8100-46F4-829E-C5379F588382}"},"type":"OpenApiConnection","inputs":{"host":{"apiId":"/providers/Microsoft.PowerApps/apis/shared_excelonlinebusiness","connectionName":"shared_excelonlinebusiness_1","operationId":"PatchItem"},"parameters":{"source":"me","drive":"b!VKMpyc6ypk24pMGTeB86PKNVwGFDxoFGn-HIO2WbEZ2Yt1X_ZBmwR4kgn_GM2-4Y","file":"01GZZYBNO43WAQF5AQOJCY5CK6PSHAYYQA","table":"{61EB1E10-8100-46F4-829E-C5379F588382}","idColumn":"Incident Number","id":"@items('Apply_to_each_30_60_90_FRESH_RAPORT_DATA')?['Incident Number']","item/Last Update content":"@variables('NewestTechComment')"},"authentication":{"value":"@json(decodeBase64(triggerOutputs().headers['X-MS-APIM-Tokens']))['$ConnectionKey']","type":"Raw"}}},"Set_FoundTechnicianComment_variable_2":{"runAfter":{"Update_a_LastUpdatecontent_row":["Succeeded"]},"metadata":{"operationMetadataId":"c7250d7d-b66b-4f27-9298-00b6e93b31a5"},"type":"SetVariable","inputs":{"name":"FoundTechnicianComment","value":"@true"}}},"runAfter":{"IsTechnician":["Succeeded"]},"expression":{"and":[{"greater":["@length(body('IsTechnician'))",0]},{"equals":["@variables('FoundTechnicianComment')","@false"]}]},"metadata":{"operationMetadataId":"2c5ffd2d-cc06-4f3b-88fe-0bf0ad0060ba"},"type":"If"},"If_FoundTechnician":{"actions":{"Update_a_LastUpdatecontent_row_2":{"runAfter":{},"metadata":{"01GZZYBNO43WAQF5AQOJCY5CK6PSHAYYQA":"/INC_SR_Report/[30][60][90] Incident list.xlsx","operationMetadataId":"bdca8944-0f5f-4d7d-9dd3-e4df075107fa","tableId":"{61EB1E10-8100-46F4-829E-C5379F588382}"},"type":"OpenApiConnection","inputs":{"host":{"apiId":"/providers/Microsoft.PowerApps/apis/shared_excelonlinebusiness","connectionName":"shared_excelonlinebusiness_1","operationId":"PatchItem"},"parameters":{"source":"me","drive":"b!VKMpyc6ypk24pMGTeB86PKNVwGFDxoFGn-HIO2WbEZ2Yt1X_ZBmwR4kgn_GM2-4Y","file":"01GZZYBNO43WAQF5AQOJCY5CK6PSHAYYQA","table":"{61EB1E10-8100-46F4-829E-C5379F588382}","idColumn":"Incident Number","id":"@items('Apply_to_each_30_60_90_FRESH_RAPORT_DATA')?['Incident Number']","item/Last Update content":"No comment from technician"},"authentication":{"value":"@json(decodeBase64(triggerOutputs().headers['X-MS-APIM-Tokens']))['$ConnectionKey']","type":"Raw"}}}},"runAfter":{"If_isTechnician":["Succeeded"]},"expression":{"equals":["@variables('FoundTechnicianComment')","@false"]},"metadata":{"operationMetadataId":"ec97a367-c8a1-4a4d-ad5e-0cc57a151c05"},"type":"If"}},"runAfter":{"FullComment":["Succeeded"]},"expression":{"contains":["@outputs('FullComment')","(Work notes)"]},"metadata":{"operationMetadataId":"d84a9233-0520-45f4-9f84-da7564f938a2"},"type":"If"}},"runAfter":{},"expression":{"not":{"equals":["@trim(items('Apply_to_each_SplittedComments'))",""]}},"metadata":{"operationMetadataId":"c7b6e73c-4f88-4bed-82b2-89f7d9aea8f3"},"type":"If"}},"runAfter":{"SplitComments":["Succeeded"]},"metadata":{"operationMetadataId":"5bd11ea8-a4dc-43ca-bee5-f3f46563d7b3"},"type":"Foreach"},"SplitComments":{"runAfter":{"Set_WorkNotesvariable_3":["Succeeded"]},"metadata":{"operationMetadataId":"f7ef05e5-db89-4414-89a7-7b0b039469ec"},"type":"Compose","inputs":"@split(variables('WorkNotes'), '2025-')"},"Set_FoundTechnicianComment_variable":{"runAfter":{"Set_DaysSinceCreation_variable_2":["Succeeded"]},"metadata":{"operationMetadataId":"d7abeaf0-0e40-4b2e-aad6-0b0f151cdc73"},"type":"SetVariable","inputs":{"name":"FoundTechnicianComment","value":"@false"}}},"runAfter":{"30_60_90_RAPORT_FRESH_DATA":["Succeeded"]},"metadata":{"operationMetadataId":"ebc71fd9-487d-45f1-8b7c-e1019de923ef"},"type":"Foreach"},"Initialize_Datestamp_variable":{"runAfter":{"Set_endString_variable":["Succeeded"]},"metadata":{"operationMetadataId":"e1518180-aa05-49ea-8585-76123f848de1"},"type":"InitializeVariable","inputs":{"variables":[{"name":"Datestamp","type":"string"}]}},"Initialize_DaysSinceCreation_variable":{"runAfter":{"Initialize_Datestamp_variable":["Succeeded"]},"metadata":{"operationMetadataId":"32415926-c42a-4707-b21d-d1e8654c4686"},"type":"InitializeVariable","inputs":{"variables":[{"name":"DaysSinceCreation","type":"string"}]}},"Initialize_NewCreated_variable":{"runAfter":{"Initialize_DaysSinceCreation_variable":["Succeeded"]},"metadata":{"operationMetadataId":"095b0d96-1687-4329-a962-5815279fafc4"},"type":"InitializeVariable","inputs":{"variables":[{"name":"NewCreated","type":"integer"}]}},"Initialize_IncidentManagerConfig_variable":{"runAfter":{"Initialize_TechnicianBotConfig_variable":["Succeeded"]},"metadata":{"operationMetadataId":"a07dd141-0ebd-4877-b534-ecefa4ac079d"},"type":"InitializeVariable","inputs":{"variables":[{"name":"IncidentManagerConfig","type":"array"}]}},"Initialize_IncidentManagerName_variable":{"runAfter":{"Initialize_WorkNotesTechnician_variable":["Succeeded"]},"metadata":{"operationMetadataId":"66e6cb6c-47ea-4ce5-83d0-e91cd92afc20"},"type":"InitializeVariable","inputs":{"variables":[{"name":"IncidentManagerName","type":"string"}]}},"Initialize_SplitComments_variable":{"runAfter":{"Initialize_NewCreated_variable":["Succeeded"]},"metadata":{"operationMetadataId":"bb8143a6-30d5-4e54-8505-a16937a2446f"},"type":"InitializeVariable","inputs":{"variables":[{"name":"SplitComments","type":"string"}]}},"Initialize_NewestTechComment_variable":{"runAfter":{"Initialize_SplitComments_variable":["Succeeded"]},"metadata":{"operationMetadataId":"84925e08-ff24-482a-8f55-c59c94534429"},"type":"InitializeVariable","inputs":{"variables":[{"name":"NewestTechComment","type":"string"}]}},"Initialize_FoundTechnicianComment_variable":{"runAfter":{"Initialize_NewestTechComment_variable":["Succeeded"]},"metadata":{"operationMetadataId":"1da99aed-7e33-4962-bd16-cb29d979ff1f"},"type":"InitializeVariable","inputs":{"variables":[{"name":"FoundTechnicianComment","type":"boolean"}]}},"Delay":{"runAfter":{"Current_time":["Succeeded"]},"metadata":{"operationMetadataId":"b707af08-84c4-4925-b463-035a22671e91"},"type":"Wait","inputs":{"interval":{"count":5,"unit":"Minute"}}}}},"connectionReferences":{"shared_excelonlinebusiness_1":{"connectionName":"shared-excelonlinebu-c4efd575-4e52-44d0-b332-b13974747731","source":"Invoker","id":"/providers/Microsoft.PowerApps/apis/shared_excelonlinebusiness","tier":"NotSpecified","apiName":"excelonlinebusiness","isProcessSimpleApiReferenceConversionAlreadyDone":false}},"flowFailureAlertSubscribed":false,"isManaged":false}}