{"name":"f98281a0-77e6-4f4c-883d-684f1ec10649","id":"/providers/Microsoft.Flow/flows/f98281a0-77e6-4f4c-883d-684f1ec10649","type":"Microsoft.Flow/flows","properties":{"apiId":"/providers/Microsoft.PowerApps/apis/shared_logicflows","displayName":"INC2","definition":{"metadata":{"workflowEntityId":null,"processAdvisorMetadata":null,"flowChargedByPaygo":null,"flowclientsuspensionreason":"None","flowclientsuspensiontime":null,"flowclientsuspensionreasondetails":null,"creator":{"id":"e4a4d628-d3bc-4a24-b1e7-5e275bf2ccf4","type":"User","tenantId":"f260df36-bc43-424c-8f44-c85226657b01"},"provisioningMethod":"FromDefinition","failureAlertSubscription":true,"clientLastModifiedTime":"2025-04-24T07:58:32.0262861Z","connectionKeySavedTimeKey":"2025-04-24T07:58:32.0262861Z","creationSource":null,"modifiedSources":"PowerAppsMaker"},"$schema":"https://schema.management.azure.com/providers/Microsoft.Logic/schemas/2016-06-01/workflowdefinition.json#","contentVersion":"1.0.0.0","parameters":{"$connections":{"defaultValue":{},"type":"Object"},"$authentication":{"defaultValue":{},"type":"SecureObject"}},"triggers":{"manual":{"metadata":{"operationMetadataId":"e946826b-86f7-45c0-8526-1c91c8e328ca"},"type":"Request","kind":"Button","inputs":{"schema":{"type":"object","properties":{},"required":[]}}}},"actions":{"SNOW_RAPORT":{"runAfter":{"Initialize_variable_11":["Succeeded"]},"metadata":{"014GGCKUGZUG23S7K3DRCL7RTP6XUHDX4V":"/INC/incident.xlsx","operationMetadataId":"e1b0a1a6-1bc3-4d43-806d-8edc79db7ca5","tableId":"{A68A932C-BFED-41F4-A4D9-F2126E814E1C}","01GZZYBNKYWVADNCW4R5GIEHUNTIRTXDGF":"/INC_SR_Report/incident.xlsx"},"type":"OpenApiConnection","inputs":{"host":{"apiId":"/providers/Microsoft.PowerApps/apis/shared_excelonlinebusiness","connectionName":"shared_excelonlinebusiness_1","operationId":"GetItems"},"parameters":{"source":"me","drive":"b!VKMpyc6ypk24pMGTeB86PKNVwGFDxoFGn-HIO2WbEZ2Yt1X_ZBmwR4kgn_GM2-4Y","file":"01GZZYBNKYWVADNCW4R5GIEHUNTIRTXDGF","table":"{A68A932C-BFED-41F4-A4D9-F2126E814E1C}"},"authentication":{"value":"@json(decodeBase64(triggerOutputs().headers['X-MS-APIM-Tokens']))['$ConnectionKey']","type":"Raw"}}},"MAIN_EXCEL_INC":{"runAfter":{"SNOW_RAPORT":["Succeeded"]},"metadata":{"014GGCKUE6KCGO54AV6ZH2RJIWOGUQV53C":"/INC/Book.xlsx","operationMetadataId":"fcab4a45-f004-4fc1-981b-bb11f6323907","tableId":"{CE96F8FC-AED7-4F85-BC44-EE50E0159F9F}","01GZZYBNMD4ZB4J5X5KRHLA4KBREYLPAGV":"/INC_SR_Report/Book.xlsx"},"type":"OpenApiConnection","inputs":{"host":{"apiId":"/providers/Microsoft.PowerApps/apis/shared_excelonlinebusiness","connectionName":"shared_excelonlinebusiness_1","operationId":"GetItems"},"parameters":{"source":"me","drive":"b!VKMpyc6ypk24pMGTeB86PKNVwGFDxoFGn-HIO2WbEZ2Yt1X_ZBmwR4kgn_GM2-4Y","file":"01GZZYBNMD4ZB4J5X5KRHLA4KBREYLPAGV","table":"{CE96F8FC-AED7-4F85-BC44-EE50E0159F9F}"},"authentication":{"value":"@json(decodeBase64(triggerOutputs().headers['X-MS-APIM-Tokens']))['$ConnectionKey']","type":"Raw"}}},"Initialize_variable":{"runAfter":{"Cleanup_SR_table":["Succeeded"]},"metadata":{"operationMetadataId":"05a85f70-01fa-4feb-8ae6-254144b228cb"},"type":"InitializeVariable","inputs":{"variables":[{"name":"ticketNumber","type":"string"}]}},"Initialize_variable_2":{"runAfter":{"Initialize_variable":["Succeeded"]},"metadata":{"operationMetadataId":"f3a23f54-1300-4879-8f70-35cb6bb115c5"},"type":"InitializeVariable","inputs":{"variables":[{"name":"Summary","type":"string"}]}},"Initialize_variable_3":{"runAfter":{"Initialize_variable_2":["Succeeded"]},"metadata":{"operationMetadataId":"632b5148-ca97-48b8-ae5d-eb06049d214d"},"type":"InitializeVariable","inputs":{"variables":[{"name":"Customer","type":"string"}]}},"Initialize_variable_4":{"runAfter":{"Initialize_variable_3":["Succeeded"]},"metadata":{"operationMetadataId":"50c9b80c-1803-49bd-9ad5-5c48b013cfdc"},"type":"InitializeVariable","inputs":{"variables":[{"name":"Severity","type":"string"}]}},"Initialize_variable_5":{"runAfter":{"Initialize_variable_24":["Succeeded"]},"metadata":{"operationMetadataId":"1c75c0d1-d346-4395-a74b-59f0b9fcb63d"},"type":"InitializeVariable","inputs":{"variables":[{"name":"Status","type":"string"}]}},"Initialize_variable_6":{"runAfter":{"Initialize_variable_5":["Succeeded"]},"metadata":{"operationMetadataId":"ba688224-fbf2-4321-b469-d3c047836822"},"type":"InitializeVariable","inputs":{"variables":[{"name":"CreatedBy","type":"string"}]}},"Initialize_variable_7":{"runAfter":{"Initialize_variable_6":["Succeeded"]},"metadata":{"operationMetadataId":"28dd9954-8ad2-4949-870a-0bf1ae3231f9"},"type":"InitializeVariable","inputs":{"variables":[{"name":"Created","type":"string"}]}},"Initialize_variable_8":{"runAfter":{"Initialize_variable_7":["Succeeded"]},"metadata":{"operationMetadataId":"6df1ddf5-96fb-44b9-879d-8e3658826b5f"},"type":"InitializeVariable","inputs":{"variables":[{"name":"Updated","type":"string"}]}},"Initialize_variable_9":{"runAfter":{"Initialize_variable_8":["Succeeded"]},"metadata":{"operationMetadataId":"c1775768-1e4a-4484-83d2-7ab8d470a900"},"type":"InitializeVariable","inputs":{"variables":[{"name":"AssignedTo","type":"string"}]}},"Initialize_variable_10":{"runAfter":{"Initialize_variable_9":["Succeeded"]},"metadata":{"operationMetadataId":"cf52c9d6-d588-45f5-94c3-a1e065a599cb"},"type":"InitializeVariable","inputs":{"variables":[{"name":"WorkNotes","type":"string"}]}},"Current_time":{"runAfter":{},"metadata":{"operationMetadataId":"227eacef-0992-4f7b-9071-2a18ae28c9c0"},"type":"Expression","kind":"CurrentTime","inputs":{}},"Initialize_variable_11":{"runAfter":{"Current_time":["Succeeded"]},"metadata":{"operationMetadataId":"46147637-72fe-4ce0-8d96-1385718e4524"},"type":"InitializeVariable","inputs":{"variables":[{"name":"CurrentDate","type":"string","value":"@{formatDateTime(body('Current_time'),'yyyy-MM-dd')}"}]}},"Initialize_variable_12":{"runAfter":{"Initialize_variable_10":["Succeeded"]},"metadata":{"operationMetadataId":"40cd4e93-3529-42da-890a-c473905ee71a"},"type":"InitializeVariable","inputs":{"variables":[{"name":"UpdatedISO","type":"string"}]}},"Initialize_variable_13":{"runAfter":{"Initialize_variable_12":["Succeeded"]},"metadata":{"operationMetadataId":"bd8f3ce8-da8d-4619-933c-3fc63ef3b2e3"},"type":"InitializeVariable","inputs":{"variables":[{"name":"CreatedISO","type":"string"}]}},"Initialize_variable_15":{"runAfter":{"Initialize_variable_13":["Succeeded"]},"metadata":{"operationMetadataId":"7dfdc3fd-3941-44b9-b43a-be5beaa6d0eb"},"type":"InitializeVariable","inputs":{"variables":[{"name":"UpdatedConv","type":"string"}]}},"Initialize_variable_14":{"runAfter":{"Initialize_variable_15":["Succeeded"]},"metadata":{"operationMetadataId":"5da37f34-2f06-42e2-a966-3edfa4d4a58f"},"type":"InitializeVariable","inputs":{"variables":[{"name":"CreatedConv","type":"string"}]}},"Initialize_variable_16":{"runAfter":{"Initialize_variable_14":["Succeeded"]},"metadata":{"operationMetadataId":"fac62454-d9f2-4afd-89d9-e6b899d278af"},"type":"InitializeVariable","inputs":{"variables":[{"name":"UpdatedConvINT","type":"integer"}]}},"Initialize_variable_17":{"runAfter":{"Initialize_variable_16":["Succeeded"]},"metadata":{"operationMetadataId":"1d3f29ce-c1bc-4a61-a09a-c2e07bf142fc"},"type":"InitializeVariable","inputs":{"variables":[{"name":"CreatedConvINT","type":"integer"}]}},"Initialize_variable_18":{"runAfter":{"Initialize_variable_17":["Succeeded"]},"metadata":{"operationMetadataId":"48c5f6a8-987f-46f3-9979-5a87994b23b8"},"type":"InitializeVariable","inputs":{"variables":[{"name":"WorkNotesTechnician","type":"string"}]}},"Initialize_variable_19":{"runAfter":{"Initialize_variable_18":["Succeeded"]},"metadata":{"operationMetadataId":"2ac73410-97c5-4069-bcba-dc19c819c1c3"},"type":"InitializeVariable","inputs":{"variables":[{"name":"TechnicianBotConfig","type":"array"}]}},"BOTCONFIG":{"runAfter":{"MAIN_EXCEL_SR":["Succeeded"]},"metadata":{"014GGCKUE6KCGO54AV6ZH2RJIWOGUQV53C":"/INC/Book.xlsx","operationMetadataId":"6f137b1e-1745-4b01-a8b0-31bc9aa192b0","tableId":"{FDDF45C2-ED1D-4335-860C-B5E0A77CE549}","01GZZYBNMD4ZB4J5X5KRHLA4KBREYLPAGV":"/INC_SR_Report/Book.xlsx"},"type":"OpenApiConnection","inputs":{"host":{"apiId":"/providers/Microsoft.PowerApps/apis/shared_excelonlinebusiness","connectionName":"shared_excelonlinebusiness_1","operationId":"GetItems"},"parameters":{"source":"me","drive":"b!VKMpyc6ypk24pMGTeB86PKNVwGFDxoFGn-HIO2WbEZ2Yt1X_ZBmwR4kgn_GM2-4Y","file":"01GZZYBNMD4ZB4J5X5KRHLA4KBREYLPAGV","table":"{FDDF45C2-ED1D-4335-860C-B5E0A77CE549}"},"authentication":{"value":"@json(decodeBase64(triggerOutputs().headers['X-MS-APIM-Tokens']))['$ConnectionKey']","type":"Raw"}}},"Create_technician_name_array":{"foreach":"@outputs('BOTCONFIG')?['body/value']","actions":{"Append_to_array_variable":{"runAfter":{},"metadata":{"operationMetadataId":"8e068c7d-f946-4ff8-8b40-c9ad1dc50488"},"type":"AppendToArrayVariable","inputs":{"name":"TechnicianBotConfig","value":"@items('Create_technician_name_array')?['Name']"}}},"runAfter":{"Initialize_variable_27":["Succeeded"]},"metadata":{"operationMetadataId":"90146efd-fcc1-441e-947e-d3da5730a7d8"},"type":"Foreach"},"Initialize_variable_20":{"runAfter":{"Initialize_variable_19":["Succeeded"]},"metadata":{"operationMetadataId":"39ef9fbd-0aa5-4427-9ac2-62e365ff1fe7"},"type":"InitializeVariable","inputs":{"variables":[{"name":"DateFromWorkNotes","type":"string"}]}},"Initialize_variable_21":{"runAfter":{"Initialize_variable_20":["Succeeded"]},"metadata":{"operationMetadataId":"b7309a57-44d5-4b0f-8380-44abaa46558e"},"type":"InitializeVariable","inputs":{"variables":[{"name":"WorkStart","type":"string"}]}},"Initialize_variable_22":{"runAfter":{"Initialize_variable_21":["Succeeded"]},"metadata":{"operationMetadataId":"39039b86-11f7-4807-b061-035e4f8498ee"},"type":"InitializeVariable","inputs":{"variables":[{"name":"WorkStartConv","type":"string"}]}},"Cleanup_INC_table":{"foreach":"@outputs('MAIN_EXCEL_INC')?['body/value']","actions":{"Delete_a_row":{"runAfter":{},"metadata":{"014GGCKUE6KCGO54AV6ZH2RJIWOGUQV53C":"/INC/Book.xlsx","operationMetadataId":"1091b3db-493f-4e30-93f8-6812177d88c8","tableId":"{CE96F8FC-AED7-4F85-BC44-EE50E0159F9F}","01GZZYBNMD4ZB4J5X5KRHLA4KBREYLPAGV":"/INC_SR_Report/Book.xlsx"},"type":"OpenApiConnection","inputs":{"host":{"apiId":"/providers/Microsoft.PowerApps/apis/shared_excelonlinebusiness","connectionName":"shared_excelonlinebusiness_1","operationId":"DeleteItem"},"parameters":{"source":"me","drive":"b!VKMpyc6ypk24pMGTeB86PKNVwGFDxoFGn-HIO2WbEZ2Yt1X_ZBmwR4kgn_GM2-4Y","file":"01GZZYBNMD4ZB4J5X5KRHLA4KBREYLPAGV","table":"{CE96F8FC-AED7-4F85-BC44-EE50E0159F9F}","idColumn":"Incident Number","id":"@items('Cleanup_INC_table')?['Incident Number']"},"authentication":{"value":"@json(decodeBase64(triggerOutputs().headers['X-MS-APIM-Tokens']))['$ConnectionKey']","type":"Raw"}}}},"runAfter":{"BOTCONFIG":["Succeeded"]},"metadata":{"operationMetadataId":"a4e534ff-4045-4b5f-a881-380ae3c57229"},"type":"Foreach"},"MAIN_EXCEL_SR":{"runAfter":{"MAIN_EXCEL_INC":["Succeeded"]},"metadata":{"014GGCKUE6KCGO54AV6ZH2RJIWOGUQV53C":"/INC/Book.xlsx","operationMetadataId":"20d763e6-035d-4da2-b541-1c1ff245f165","tableId":"{58F66D58-B885-4C9B-B69F-B814D7FCB008}","01GZZYBNMD4ZB4J5X5KRHLA4KBREYLPAGV":"/INC_SR_Report/Book.xlsx"},"type":"OpenApiConnection","inputs":{"host":{"apiId":"/providers/Microsoft.PowerApps/apis/shared_excelonlinebusiness","connectionName":"shared_excelonlinebusiness_1","operationId":"GetItems"},"parameters":{"source":"me","drive":"b!VKMpyc6ypk24pMGTeB86PKNVwGFDxoFGn-HIO2WbEZ2Yt1X_ZBmwR4kgn_GM2-4Y","file":"01GZZYBNMD4ZB4J5X5KRHLA4KBREYLPAGV","table":"{58F66D58-B885-4C9B-B69F-B814D7FCB008}"},"authentication":{"value":"@json(decodeBase64(triggerOutputs().headers['X-MS-APIM-Tokens']))['$ConnectionKey']","type":"Raw"}}},"Cleanup_SR_table":{"foreach":"@outputs('MAIN_EXCEL_SR')?['body/value']","actions":{"Delete_a_row_2":{"runAfter":{},"metadata":{"014GGCKUE6KCGO54AV6ZH2RJIWOGUQV53C":"/INC/Book.xlsx","operationMetadataId":"e3529d51-a053-4f70-ac12-600690a0c7df","tableId":"{58F66D58-B885-4C9B-B69F-B814D7FCB008}","01GZZYBNMD4ZB4J5X5KRHLA4KBREYLPAGV":"/INC_SR_Report/Book.xlsx"},"type":"OpenApiConnection","inputs":{"host":{"apiId":"/providers/Microsoft.PowerApps/apis/shared_excelonlinebusiness","connectionName":"shared_excelonlinebusiness_1","operationId":"DeleteItem"},"parameters":{"source":"me","drive":"b!VKMpyc6ypk24pMGTeB86PKNVwGFDxoFGn-HIO2WbEZ2Yt1X_ZBmwR4kgn_GM2-4Y","file":"01GZZYBNMD4ZB4J5X5KRHLA4KBREYLPAGV","table":"{58F66D58-B885-4C9B-B69F-B814D7FCB008}","idColumn":"Incident Number","id":"@items('Cleanup_SR_table')?['Incident Number']"},"authentication":{"value":"@json(decodeBase64(triggerOutputs().headers['X-MS-APIM-Tokens']))['$ConnectionKey']","type":"Raw"}}}},"runAfter":{"Cleanup_INC_table":["Succeeded"]},"metadata":{"operationMetadataId":"fabeb17a-879a-4f36-a554-3b3d7fa32201"},"type":"Foreach"},"Apply_to_each":{"foreach":"@outputs('SNOW_RAPORT')?['body/value']","actions":{"Ticket_number":{"runAfter":{},"metadata":{"operationMetadataId":"8bb89697-833a-4666-8610-ac55e6ef0cc2"},"type":"SetVariable","inputs":{"name":"ticketNumber","value":"@items('Apply_to_each')?['Number']"}},"Summary":{"runAfter":{"Ticket_number":["Succeeded"]},"metadata":{"operationMetadataId":"99b1ae76-ac5f-48fa-9e53-e5645b138e1c"},"type":"SetVariable","inputs":{"name":"Summary","value":"@items('Apply_to_each')?['Short description']"}},"Status":{"runAfter":{"Offering":["Succeeded"]},"metadata":{"operationMetadataId":"537e8f7e-b6d3-4064-b3dc-247e32bb0772"},"type":"SetVariable","inputs":{"name":"Status","value":"@items('Apply_to_each')?['Incident state']"}},"Created":{"runAfter":{"Status":["Succeeded"]},"metadata":{"operationMetadataId":"9fe85fba-d22d-4e1a-9279-ad5b9f08e5db"},"type":"SetVariable","inputs":{"name":"Created","value":"@items('Apply_to_each')?['Created']"}},"CreatedBy":{"runAfter":{"Created":["Succeeded"]},"metadata":{"operationMetadataId":"5f763c77-5c41-4485-a59a-aba26919dd54"},"type":"SetVariable","inputs":{"name":"CreatedBy","value":"@items('Apply_to_each')?['Created by']"}},"Updated":{"runAfter":{"CreatedBy":["Succeeded"]},"metadata":{"operationMetadataId":"b4c6d85d-adcf-4f63-b8f4-5a2dad04b172"},"type":"SetVariable","inputs":{"name":"Updated","value":"@items('Apply_to_each')?['Updated']"}},"AssignedTo":{"runAfter":{"Updated":["Succeeded"]},"metadata":{"operationMetadataId":"4c7cbae8-b3ce-46a2-b90d-66e6d326c91b"},"type":"SetVariable","inputs":{"name":"AssignedTo","value":"@items('Apply_to_each')?['Assigned to']"}},"Condition_7":{"actions":{"WorkNotes":{"runAfter":{},"metadata":{"operationMetadataId":"1785f186-b3ce-4eae-ae68-06e97bfbe0a5"},"type":"SetVariable","inputs":{"name":"WorkNotes","value":"@items('Apply_to_each')?['Work notes']"}},"WorkStart":{"runAfter":{"Apply_to_each_2":["Succeeded"]},"metadata":{"operationMetadataId":"ed1c4b33-8795-4482-a024-8830a84d8048"},"type":"SetVariable","inputs":{"name":"WorkStart","value":"@items('Apply_to_each')?['Work start']"}},"Set_UpdatedConv_var":{"runAfter":{"WorkStart":["Succeeded"]},"metadata":{"operationMetadataId":"14136bcf-c5bc-4dd3-b16d-81c4f7776051"},"type":"SetVariable","inputs":{"name":"UpdatedConv","value":"@{formatDateTime(addDays('1899-12-30', int(substring(string(variables('Updated')), 0, indexOf(string(variables('Updated')), '.')))), 'yyyy-MM-dd')}"}},"Set_CreatedConv_var":{"runAfter":{"Set_UpdatedConv_var":["Succeeded"]},"metadata":{"operationMetadataId":"5f763c77-5c41-4485-a59a-aba26919dd54"},"type":"SetVariable","inputs":{"name":"CreatedConv","value":"@{formatDateTime(addDays('1899-12-30', int(substring(string(variables('Created')), 0, indexOf(string(variables('Created')), '.')))), 'yyyy-MM-dd')}"}},"Set_variable_18":{"runAfter":{"Set_CreatedConv_var":["Succeeded"]},"metadata":{"operationMetadataId":"ed1c4b33-8795-4482-a024-8830a84d8048"},"type":"SetVariable","inputs":{"name":"WorkStartConv","value":"@{formatDateTime(addDays('1899-12-30', int(substring(string(variables('WorkStart')), 0, indexOf(string(variables('WorkStart')), '.')))), 'yyyy-MM-dd')}"}},"Compose_8":{"runAfter":{"Set_variable_18":["Succeeded"]},"metadata":{"operationMetadataId":"5d63647a-31d4-4c07-888a-add636647009"},"type":"Compose","inputs":"@trim(replace(replace(replace(replace(substring(variables('WorkNotes'), 21, sub(indexOf(variables('WorkNotes'), '(Work notes)'), 21)), ' ', ' '), '  ', ' '), '   ', ' '), '    ', ' '))"},"WorkNotesTechnician":{"runAfter":{"Compose_8":["Succeeded"]},"metadata":{"operationMetadataId":"e835ff45-faa9-4104-9d11-afd8dd08c239"},"type":"SetVariable","inputs":{"name":"WorkNotesTechnician","value":"@{outputs('Compose_8')}"}},"Condition_2":{"actions":{"Set_variable_7":{"runAfter":{},"metadata":{"operationMetadataId":"c7a7ea97-61a7-428a-a05d-c5d6ad1fb594"},"type":"SetVariable","inputs":{"name":"DateFromWorkNotes","value":"@{substring(variables('WorkNotes'), 0, 10)}"}},"Compose":{"runAfter":{"Set_variable_7":["Succeeded"]},"metadata":{"operationMetadataId":"e620179e-af87-403f-8bbf-060a35c1a28b"},"type":"Compose","inputs":"@replace(replace(variables('Summary'), '[', ','), ']', ',')"},"Is_P3_or_RBR":{"runAfter":{"Compose":["Succeeded"]},"metadata":{"operationMetadataId":"76da7206-47e5-4041-82e6-f0e2700795c8"},"type":"Compose","inputs":"@split(outputs('Compose'), ',')[1]"},"DaysSinceCreation":{"runAfter":{"Is_P3_or_RBR":["Succeeded"]},"metadata":{"operationMetadataId":"2467b680-b07e-4462-8341-9d03cf7f81a6"},"type":"Compose","inputs":"@dateDifference(variables('CreatedConv'), variables('CurrentDate'))"},"DaysSinceLastUpdate":{"runAfter":{"DaysSinceCreation":["Succeeded"]},"metadata":{"operationMetadataId":"28957307-f49c-4724-ac50-ac4bad5a4d4d"},"type":"Compose","inputs":"@dateDifference(variables('DateFromWorkNotes'),variables('CurrentDate'))"},"IF_P3_or_RBR_or_CRO_9-11":{"actions":{"Compose_4":{"runAfter":{},"metadata":{"operationMetadataId":"e086c1a8-1a03-4a70-bbf2-151cc267639c"},"type":"Compose","inputs":"@split(outputs('Compose'), ',')[9]"},"Set_variable_3":{"runAfter":{"Compose_4":["Succeeded"]},"metadata":{"operationMetadataId":"54b32535-37dd-4eee-ac36-0848e89be3e4"},"type":"SetVariable","inputs":{"name":"Customer","value":"@{outputs('Compose_4')}"}}},"runAfter":{"Condition_6":["Succeeded"]},"expression":{"or":[{"and":[{"contains":["@variables('Summary')","[CRO]"]},{"equals":["@outputs('Is_P3_or_RBR')","P3"]},{"not":{"startsWith":["@variables('Summary')","[P3][CRO][RBR]"]}},{"not":{"startsWith":["@variables('Summary')","[P3][RBR][ZTO]"]}},{"not":{"startsWith":["@variables('Summary')"," [P3][CRO][RBR]"]}}]},{"and":[{"equals":["@outputs('Is_P3_or_RBR')","P3"]},{"contains":["@variables('Summary')","[ZTO]"]},{"not":{"startsWith":["@variables('Summary')","[P3][CRO][RBR]"]}},{"not":{"startsWith":["@variables('Summary')","[P3][RBR][ZTO]"]}},{"not":{"startsWith":["@variables('Summary')"," [P3][CRO][RBR]"]}}]},{"and":[{"equals":["@outputs('Is_P3_or_RBR')","CRO"]},{"contains":["@variables('Summary')","[RBR]"]},{"not":{"startsWith":["@variables('Summary')","[P3][CRO][RBR]"]}},{"not":{"startsWith":["@variables('Summary')","[P3][RBR][ZTO]"]}},{"not":{"startsWith":["@variables('Summary')"," [P3][CRO][RBR]"]}}]},{"startsWith":["@variables('Summary')","[P3][CRO][RBR][US][STF]"]}]},"metadata":{"operationMetadataId":"e81b7e6d-6dd6-4704-b65b-00d5bc153528"},"type":"If"},"IF_[P3][EU][IT]_without_client_name_5-7":{"actions":{"Compose_6":{"runAfter":{},"metadata":{"operationMetadataId":"b63d2ec6-3f0f-4e7d-89e4-73bcd633cc3d"},"type":"Compose","inputs":"@split(outputs('Compose'), ',')[5]"},"Set_variable_5":{"runAfter":{"Compose_6":["Succeeded"]},"metadata":{"operationMetadataId":"97411dc2-d9b1-4619-939e-5eb1f49d3837"},"type":"SetVariable","inputs":{"name":"Customer","value":"@{outputs('Compose_6')}"}}},"runAfter":{"Condition_6":["Succeeded"]},"expression":{"or":[{"and":[{"startsWith":["@variables('Summary')","[P3][EU][IT]"]},{"not":{"startsWith":["@variables('Summary')","[CRO][LA][BR][HONDABR]"]}}]},{"and":[{"startsWith":["@variables('Summary')","[CRO][LA]"]},{"not":{"startsWith":["@variables('Summary')","[CRO][LA][BR][HONDABR]"]}}]}]},"metadata":{"operationMetadataId":"e81b7e6d-6dd6-4704-b65b-00d5bc153528"},"type":"If"},"Condition_7-9":{"actions":{"Compose_2":{"runAfter":{},"metadata":{"operationMetadataId":"b63d2ec6-3f0f-4e7d-89e4-73bcd633cc3d"},"type":"Compose","inputs":"@split(outputs('Compose'), ',')[7]"},"Set_variable":{"runAfter":{"Compose_2":["Succeeded"]},"metadata":{"operationMetadataId":"97411dc2-d9b1-4619-939e-5eb1f49d3837"},"type":"SetVariable","inputs":{"name":"Customer","value":"@{outputs('Compose_2')}"}}},"runAfter":{"Condition_6":["Succeeded"]},"expression":{"or":[{"and":[{"not":{"equals":["@outputs('Is_P3_or_RBR')","P3"]}},{"not":{"contains":["@variables('Summary')","[CRO]"]}},{"not":{"startsWith":["@variables('Summary')","[CV][NA][US][HONDAUS]"]}},{"not":{"startsWith":["@variables('Summary')","[VERITAS][EU]CH][ZEK]"]}},{"not":{"startsWith":["@variables('Summary')","[CV][MULTIPLE CUSTOMERS]"]}},{"not":{"startsWith":["@variables('Summary')","[GLOBAL][SEV3]"]}}]},{"and":[{"not":{"equals":["@outputs('Is_P3_or_RBR')","P3"]}},{"not":{"contains":["@variables('Summary')","[ZTO]"]}},{"not":{"contains":["@variables('Summary')","[CRO]"]}},{"not":{"startsWith":["@variables('Summary')","[CV][NA][US][HONDAUS]"]}},{"not":{"startsWith":["@variables('Summary')","[VERITAS][EU]CH][ZEK]"]}},{"not":{"startsWith":["@variables('Summary')","[CV][MULTIPLE CUSTOMERS]"]}},{"not":{"startsWith":["@variables('Summary')","[GLOBAL][SEV3]"]}}]},{"and":[{"not":{"equals":["@outputs('Is_P3_or_RBR')","CRO"]}},{"not":{"contains":["@variables('Summary')","[RBR]"]}},{"not":{"startsWith":["@variables('Summary')","[P3][EU][IT]"]}},{"not":{"startsWith":["@variables('Summary')","[P3][ZTO][EU]"]}},{"not":{"startsWith":["@variables('Summary')","[CRO][LA]"]}},{"not":{"startsWith":["@variables('Summary')","[CV][NA][US][HONDAUS]"]}},{"not":{"startsWith":["@variables('Summary')","[VERITAS][EU]CH][ZEK]"]}},{"not":{"startsWith":["@variables('Summary')","[CV][MULTIPLE CUSTOMERS]"]}},{"not":{"startsWith":["@variables('Summary')","[GLOBAL][SEV3]"]}}]},{"and":[{"equals":["@outputs('Is_P3_or_RBR')","CRO"]},{"not":{"contains":["@variables('Summary')","[RBR]"]}},{"not":{"startsWith":["@variables('Summary')","[P3][EU][IT]"]}},{"not":{"startsWith":["@variables('Summary')","[P3][ZTO][EU]"]}},{"not":{"startsWith":["@variables('Summary')","[CRO][LA]"]}},{"not":{"startsWith":["@variables('Summary')","[CV][NA][US][HONDAUS]"]}},{"not":{"startsWith":["@variables('Summary')","[VERITAS][EU]CH][ZEK]"]}},{"not":{"startsWith":["@variables('Summary')","[CV][MULTIPLE CUSTOMERS]"]}},{"not":{"startsWith":["@variables('Summary')","[GLOBAL][SEV3]"]}}]},{"or":[{"startsWith":["@variables('Summary')","[CRO][LA][BR][HONDABR]"]},{"startsWith":["@variables('Summary')","[CV][NA][US][HONDAUS]"]}]}]},"metadata":{"operationMetadataId":"e81b7e6d-6dd6-4704-b65b-00d5bc153528"},"type":"If"},"Condition_5":{"actions":{"Set_variable_24":{"runAfter":{},"metadata":{"operationMetadataId":"1cee3e2b-40b4-4c1d-8bf6-d92c1016dbe8"},"type":"SetVariable","inputs":{"name":"CreatedConvINT","value":0}}},"runAfter":{"DaysSinceLastUpdate":["Succeeded"]},"else":{"actions":{"Set_variable_22":{"runAfter":{},"metadata":{"operationMetadataId":"d3e13f74-cbfc-42cd-8e9b-f4b1745fdfa9"},"type":"SetVariable","inputs":{"name":"CreatedConvINT","value":"@int(substring(outputs('DaysSinceCreation'), 0, indexOf(outputs('DaysSinceCreation'), '.')))"}}}},"expression":{"equals":["@outputs('DaysSinceCreation')","00:00:00"]},"metadata":{"operationMetadataId":"a4a7d6b5-5e21-404e-966b-87f317fb33e6"},"type":"If"},"Condition_6":{"actions":{"Set_variable_27":{"runAfter":{},"metadata":{"operationMetadataId":"383f76f8-e2b6-43a3-bca9-134d3b1ab48e"},"type":"SetVariable","inputs":{"name":"UpdatedConvINT","value":0}}},"runAfter":{"Condition_5":["Succeeded"]},"else":{"actions":{"Set_variable_25":{"runAfter":{},"metadata":{"operationMetadataId":"310815a8-f9a3-46f5-93f0-a40557a94f5f"},"type":"SetVariable","inputs":{"name":"UpdatedConvINT","value":"@int(substring(outputs('DaysSinceLastUpdate'), 0, indexOf(outputs('DaysSinceLastUpdate'), '.')))"}}}},"expression":{"equals":["@outputs('DaysSinceLastUpdate')","00:00:00"]},"metadata":{"operationMetadataId":"a4a7d6b5-5e21-404e-966b-87f317fb33e6"},"type":"If"},"IF_[P3][CRO][RBR]_11-13":{"actions":{"Compose_16":{"runAfter":{},"metadata":{"operationMetadataId":"b63d2ec6-3f0f-4e7d-89e4-73bcd633cc3d"},"type":"Compose","inputs":"@split(outputs('Compose'), ',')[11]"},"Set_variable_8":{"runAfter":{"Compose_16":["Succeeded"]},"metadata":{"operationMetadataId":"97411dc2-d9b1-4619-939e-5eb1f49d3837"},"type":"SetVariable","inputs":{"name":"Customer","value":"@{outputs('Compose_16')}"}}},"runAfter":{"Condition_6":["Succeeded"]},"expression":{"and":[{"startsWith":["@variables('Summary')","[P3][CRO][RBR]"]},{"not":{"contains":["@variables('Summary')","[STF]"]}}]},"metadata":{"operationMetadataId":"70cdf59e-fd00-45a0-8169-42a824b14ec8"},"type":"If"},"IF_[P3][RBR][ZTO]_11-13":{"actions":{"Compose_18":{"runAfter":{},"metadata":{"operationMetadataId":"b63d2ec6-3f0f-4e7d-89e4-73bcd633cc3d"},"type":"Compose","inputs":"@split(outputs('Compose'), ',')[11]"},"Set_variable_21":{"runAfter":{"Compose_18":["Succeeded"]},"metadata":{"operationMetadataId":"97411dc2-d9b1-4619-939e-5eb1f49d3837"},"type":"SetVariable","inputs":{"name":"Customer","value":"@{outputs('Compose_18')}"}}},"runAfter":{"Condition_6":["Succeeded"]},"expression":{"and":[{"or":[{"startsWith":["@variables('Summary')","[P3][RBR][ZTO]"]},{"startsWith":["@variables('Summary')","[P3][CRO][RBR]"]}]},{"not":{"startsWith":["@variables('Summary')","[P3][CRO][RBR][US][STF]"]}}]},"metadata":{"operationMetadataId":"77e45bf8-86c2-4171-93f3-5188ddbc430c"},"type":"If"},"[CV][NA][US][HONDAUS]_7-9":{"actions":{"Compose_20":{"runAfter":{},"metadata":{"operationMetadataId":"b63d2ec6-3f0f-4e7d-89e4-73bcd633cc3d"},"type":"Compose","inputs":"@split(outputs('Compose'), ',')[7]"},"Set_variable_26":{"runAfter":{"Compose_20":["Succeeded"]},"metadata":{"operationMetadataId":"97411dc2-d9b1-4619-939e-5eb1f49d3837"},"type":"SetVariable","inputs":{"name":"Customer","value":"@{outputs('Compose_20')}"}}},"runAfter":{"Condition_6":["Succeeded"]},"expression":{"or":[{"and":[{"startsWith":["@variables('Summary')","[CV][NA][US][HONDAUS]"]},{"contains":["@variables('Summary')","[HONDAUS][HDC]"]}]},{"and":[{"startsWith":["@variables('Summary')","[CV][NA][US][HONDAUS]"]},{"contains":["@variables('Summary')","[HONDAUS][ODC]"]}]}]},"metadata":{"operationMetadataId":"8a5762dc-ac0a-47ce-881b-6ef498c43d58"},"type":"If"},"[CV][NA][US][HONDAUS]_7-11_4":{"actions":{"Compose_32":{"runAfter":{},"metadata":{"operationMetadataId":"b63d2ec6-3f0f-4e7d-89e4-73bcd633cc3d"},"type":"Compose","inputs":"@split(outputs('Compose'), ',')[7]"},"Set_variable_39":{"runAfter":{"Compose_32":["Succeeded"]},"metadata":{"operationMetadataId":"97411dc2-d9b1-4619-939e-5eb1f49d3837"},"type":"SetVariable","inputs":{"name":"Customer","value":"@{outputs('Compose_32')}"}}},"runAfter":{"Condition_6":["Succeeded"]},"expression":{"or":[{"startsWith":["@variables('Summary')","[CV][NA][US][HONDAUS][HDC]"]},{"startsWith":["@variables('Summary')","[CV][NA][US][HONDAUS][ODC]"]}]},"metadata":{"operationMetadataId":"8a5762dc-ac0a-47ce-881b-6ef498c43d58"},"type":"If"},"[VERITAS][EU]CH][ZEK]_6":{"actions":{"Compose_3":{"runAfter":{},"metadata":{"operationMetadataId":"b63d2ec6-3f0f-4e7d-89e4-73bcd633cc3d"},"type":"Compose","inputs":"@split(outputs('Compose'), ',')[6]"},"Set_variable_2":{"runAfter":{"Compose_3":["Succeeded"]},"metadata":{"operationMetadataId":"97411dc2-d9b1-4619-939e-5eb1f49d3837"},"type":"SetVariable","inputs":{"name":"Customer","value":"@{outputs('Compose_3')}"}}},"runAfter":{"Condition_6":["Succeeded"]},"expression":{"startsWith":["@variables('Summary')","[VERITAS][EU]CH][ZEK]"]},"metadata":{"operationMetadataId":"8a5762dc-ac0a-47ce-881b-6ef498c43d58"},"type":"If"},"[CV][MULTIPLE_CUSTOMERS]":{"actions":{"Compose_13":{"runAfter":{},"metadata":{"operationMetadataId":"b63d2ec6-3f0f-4e7d-89e4-73bcd633cc3d"},"type":"Compose","inputs":"@split(outputs('Compose'), ',')[3]"},"Set_variable_40":{"runAfter":{"Compose_13":["Succeeded"]},"metadata":{"operationMetadataId":"97411dc2-d9b1-4619-939e-5eb1f49d3837"},"type":"SetVariable","inputs":{"name":"Customer","value":"@{outputs('Compose_13')}"}}},"runAfter":{"Condition_6":["Succeeded"]},"expression":{"startsWith":["@variables('Summary')","[CV][MULTIPLE CUSTOMERS]"]},"metadata":{"operationMetadataId":"8a5762dc-ac0a-47ce-881b-6ef498c43d58"},"type":"If"},"[GLOBAL][SEVX]2":{"actions":{"Compose_19":{"runAfter":{},"metadata":{"operationMetadataId":"b63d2ec6-3f0f-4e7d-89e4-73bcd633cc3d"},"type":"Compose","inputs":"@split(outputs('Compose'), ',')[1]"},"Set_variable_49":{"runAfter":{"Compose_19":["Succeeded"]},"metadata":{"operationMetadataId":"97411dc2-d9b1-4619-939e-5eb1f49d3837"},"type":"SetVariable","inputs":{"name":"Customer","value":"@{outputs('Compose_19')}"}}},"runAfter":{"Condition_6":["Succeeded"]},"expression":{"or":[{"startsWith":["@variables('Summary')","[GLOBAL][SEV3]"]},{"startsWith":["@variables('Summary')","[GLOBAL][SEV2]"]},{"startsWith":["@variables('Summary')","[GLOBAL][SEV1]"]}]},"metadata":{"operationMetadataId":"8a5762dc-ac0a-47ce-881b-6ef498c43d58"},"type":"If"},"IF_INC":{"actions":{"Add_a_row_into_a_table":{"runAfter":{},"metadata":{"014GGCKUE6KCGO54AV6ZH2RJIWOGUQV53C":"/INC/Book.xlsx","operationMetadataId":"b4bbf699-2d7a-4bd4-be83-a7a36f7de37d","tableId":"{CE96F8FC-AED7-4F85-BC44-EE50E0159F9F}","01GZZYBNMD4ZB4J5X5KRHLA4KBREYLPAGV":"/INC_SR_Report/Book.xlsx"},"type":"OpenApiConnection","inputs":{"host":{"apiId":"/providers/Microsoft.PowerApps/apis/shared_excelonlinebusiness","connectionName":"shared_excelonlinebusiness_1","operationId":"AddRowV2"},"parameters":{"source":"me","drive":"b!VKMpyc6ypk24pMGTeB86PKNVwGFDxoFGn-HIO2WbEZ2Yt1X_ZBmwR4kgn_GM2-4Y","file":"01GZZYBNMD4ZB4J5X5KRHLA4KBREYLPAGV","table":"{CE96F8FC-AED7-4F85-BC44-EE50E0159F9F}","item/Incident Number":"@variables('ticketNumber')","item/Summary":"@variables('Summary')","item/Customer":"@variables('Customer')","item/Internal\nPriority":"@variables('Severity')","item/Status":"@variables('Status')","item/Created":"@variables('Created')","item/CreatedBy":"@variables('CreatedBy')","item/Days since creation":"@variables('CreatedConvINT')","item/Last Update (Date)":"@variables('Updated')","item/Days since last update":"@variables('UpdatedConvINT')","item/Last Update content":"@variables('WorkNotes')","item/TicketOwner":"@variables('AssignedTo')","item/Last update technician":"@variables('DateFromWorkNotes')","item/Assigned date":"@variables('WorkStartConv')","item/Offering":"@variables('Offering')"},"authentication":{"value":"@json(decodeBase64(triggerOutputs().headers['X-MS-APIM-Tokens']))['$ConnectionKey']","type":"Raw"}}}},"runAfter":{"[GLOBAL][SEVX]2":["Succeeded"],"[CV][MULTIPLE_CUSTOMERS]":["Succeeded"],"[VERITAS][EU]CH][ZEK]_6":["Succeeded"],"[CV][NA][US][HONDAUS]_7-11_4":["Succeeded"],"IF_[P3][RBR][ZTO]_11-13":["Succeeded"],"[CV][NA][US][HONDAUS]_7-9":["Succeeded"],"IF_[P3][CRO][RBR]_11-13":["Succeeded"],"IF_P3_or_RBR_or_CRO_9-11":["Succeeded"],"Condition_7-9":["Succeeded"],"IF_[P3][EU][IT]_without_client_name_5-7":["Succeeded"]},"expression":{"startsWith":["@variables('ticketNumber')","INC"]},"metadata":{"operationMetadataId":"b66a3df0-c387-4db6-a07b-b07e417806be"},"type":"If"},"IF_SR":{"actions":{"Add_a_row_into_a_table_2":{"runAfter":{},"metadata":{"014GGCKUE6KCGO54AV6ZH2RJIWOGUQV53C":"/INC/Book.xlsx","operationMetadataId":"b4bbf699-2d7a-4bd4-be83-a7a36f7de37d","tableId":"{58F66D58-B885-4C9B-B69F-B814D7FCB008}","01GZZYBNMD4ZB4J5X5KRHLA4KBREYLPAGV":"/INC_SR_Report/Book.xlsx"},"type":"OpenApiConnection","inputs":{"host":{"apiId":"/providers/Microsoft.PowerApps/apis/shared_excelonlinebusiness","connectionName":"shared_excelonlinebusiness_1","operationId":"AddRowV2"},"parameters":{"source":"me","drive":"b!VKMpyc6ypk24pMGTeB86PKNVwGFDxoFGn-HIO2WbEZ2Yt1X_ZBmwR4kgn_GM2-4Y","file":"01GZZYBNMD4ZB4J5X5KRHLA4KBREYLPAGV","table":"{58F66D58-B885-4C9B-B69F-B814D7FCB008}","item/Incident Number":"@variables('ticketNumber')","item/Summary":"@variables('Summary')","item/Customer":"@variables('Customer')","item/Internal\nPriority":"@variables('Severity')","item/Status":"@variables('Status')","item/Created":"@variables('Created')","item/CreatedBy":"@variables('CreatedBy')","item/Days since creation":"@variables('CreatedConvINT')","item/Last Update (Date)":"@variables('Updated')","item/Days since last update":"@variables('UpdatedConvINT')","item/Last Update content":"@variables('WorkNotes')","item/TicketOwner":"@variables('AssignedTo')","item/Last update technician":"@variables('DateFromWorkNotes')","item/Assigned date":"@variables('WorkStartConv')","item/Offering":"@variables('Offering')"},"authentication":{"value":"@json(decodeBase64(triggerOutputs().headers['X-MS-APIM-Tokens']))['$ConnectionKey']","type":"Raw"}}}},"runAfter":{"IF_INC":["Succeeded"]},"expression":{"startsWith":["@variables('ticketNumber')","SRNA"]},"metadata":{"operationMetadataId":"2e85b688-94d3-4c73-aa25-ab94976fa3a8"},"type":"If"}},"runAfter":{"Condition_11":["Succeeded"]},"else":{"actions":{"Compose_9":{"runAfter":{},"metadata":{"operationMetadataId":"e620179e-af87-403f-8bbf-060a35c1a28b"},"type":"Compose","inputs":"@replace(replace(variables('Summary'), '[', ','), ']', ',')"},"Is_P3_or_RBR_2":{"runAfter":{"Compose_9":["Succeeded"]},"metadata":{"operationMetadataId":"76da7206-47e5-4041-82e6-f0e2700795c8"},"type":"Compose","inputs":"@split(outputs('Compose_9'), ',')[1]"},"DaysSinceCreation_2":{"runAfter":{"Is_P3_or_RBR_2":["Succeeded"]},"metadata":{"operationMetadataId":"2467b680-b07e-4462-8341-9d03cf7f81a6"},"type":"Compose","inputs":"@dateDifference(variables('CreatedConv'), variables('CurrentDate'))"},"DaysSinceLastUpdate_2":{"runAfter":{"DaysSinceCreation_2":["Succeeded"]},"metadata":{"operationMetadataId":"28957307-f49c-4724-ac50-ac4bad5a4d4d"},"type":"Compose","inputs":"@dateDifference(variables('WorkStartConv'), variables('CurrentDate'))"},"IF_P3_or_RBR_or_CRO_9-11_2":{"actions":{"Compose_10":{"runAfter":{},"metadata":{"operationMetadataId":"e086c1a8-1a03-4a70-bbf2-151cc267639c"},"type":"Compose","inputs":"@split(outputs('Compose_9'), ',')[9]"},"Set_variable_12":{"runAfter":{"Compose_10":["Succeeded"]},"metadata":{"operationMetadataId":"54b32535-37dd-4eee-ac36-0848e89be3e4"},"type":"SetVariable","inputs":{"name":"Customer","value":"@{outputs('Compose_10')}"}}},"runAfter":{"Condition_8":["Succeeded"]},"expression":{"or":[{"and":[{"contains":["@variables('Summary')","[CRO]"]},{"equals":["@outputs('Is_P3_or_RBR_2')","P3"]},{"not":{"startsWith":["@variables('Summary')","[P3][CRO][RBR]"]}},{"not":{"startsWith":["@variables('Summary')","[P3][RBR][ZTO]"]}},{"not":{"startsWith":["@variables('Summary')"," [P3][CRO][RBR]"]}}]},{"and":[{"equals":["@outputs('Is_P3_or_RBR_2')","P3"]},{"contains":["@variables('Summary')","[ZTO]"]},{"not":{"startsWith":["@variables('Summary')","[P3][CRO][RBR]"]}},{"not":{"startsWith":["@variables('Summary')","[P3][RBR][ZTO]"]}},{"not":{"startsWith":["@variables('Summary')"," [P3][CRO][RBR]"]}}]},{"and":[{"equals":["@outputs('Is_P3_or_RBR_2')","CRO"]},{"contains":["@variables('Summary')","[RBR]"]},{"not":{"startsWith":["@variables('Summary')","[P3][CRO][RBR]"]}},{"not":{"startsWith":["@variables('Summary')","[P3][RBR][ZTO]"]}},{"not":{"startsWith":["@variables('Summary')"," [P3][CRO][RBR]"]}}]},{"and":[{"startsWith":["@variables('Summary')","[P3][CRO][RBR][US][STF]"]}]}]},"metadata":{"operationMetadataId":"e81b7e6d-6dd6-4704-b65b-00d5bc153528"},"type":"If"},"IF_[P3][EU][IT]_without_client_name_5-7_2":{"actions":{"Compose_12":{"runAfter":{},"metadata":{"operationMetadataId":"b63d2ec6-3f0f-4e7d-89e4-73bcd633cc3d"},"type":"Compose","inputs":"@split(outputs('Compose_9'), ',')[5]"},"Set_variable_14":{"runAfter":{"Compose_12":["Succeeded"]},"metadata":{"operationMetadataId":"97411dc2-d9b1-4619-939e-5eb1f49d3837"},"type":"SetVariable","inputs":{"name":"Customer","value":"@{outputs('Compose_12')}"}}},"runAfter":{"Condition_8":["Succeeded"]},"expression":{"or":[{"and":[{"startsWith":["@variables('Summary')","[P3][EU][IT]"]},{"not":{"startsWith":["@variables('Summary')","[CRO][LA][BR][HONDABR]"]}}]},{"and":[{"startsWith":["@variables('Summary')","[CRO][LA]"]},{"not":{"startsWith":["@variables('Summary')","[CRO][LA][BR][HONDABR]"]}}]}]},"metadata":{"operationMetadataId":"e81b7e6d-6dd6-4704-b65b-00d5bc153528"},"type":"If"},"Condition_7-9_3":{"actions":{"Compose_14":{"runAfter":{},"metadata":{"operationMetadataId":"b63d2ec6-3f0f-4e7d-89e4-73bcd633cc3d"},"type":"Compose","inputs":"@split(outputs('Compose_9'), ',')[7]"},"Set_variable_16":{"runAfter":{"Compose_14":["Succeeded"]},"metadata":{"operationMetadataId":"97411dc2-d9b1-4619-939e-5eb1f49d3837"},"type":"SetVariable","inputs":{"name":"Customer","value":"@{outputs('Compose_14')}"}}},"runAfter":{"Condition_8":["Succeeded"]},"expression":{"or":[{"and":[{"not":{"equals":["@outputs('Is_P3_or_RBR_2')","P3"]}},{"not":{"contains":["@variables('Summary')","[CRO]"]}},{"not":{"startsWith":["@variables('Summary')","[CV][NA][US][HONDAUS]"]}},{"not":{"startsWith":["@variables('Summary')","[VERITAS][EU]CH][ZEK]"]}},{"not":{"startsWith":["@variables('Summary')","[CV][MULTIPLE CUSTOMERS]"]}},{"not":{"startsWith":["@variables('Summary')","[GLOBAL][SEV3]"]}}]},{"and":[{"not":{"equals":["@outputs('Is_P3_or_RBR_2')","P3"]}},{"not":{"contains":["@variables('Summary')","[ZTO]"]}},{"not":{"contains":["@variables('Summary')","[CRO]"]}},{"not":{"startsWith":["@variables('Summary')","[CV][NA][US][HONDAUS]"]}},{"not":{"startsWith":["@variables('Summary')","[VERITAS][EU]CH][ZEK]"]}},{"not":{"startsWith":["@variables('Summary')","[CV][MULTIPLE CUSTOMERS]"]}},{"not":{"startsWith":["@variables('Summary')","[GLOBAL][SEV3]"]}}]},{"and":[{"not":{"equals":["@outputs('Is_P3_or_RBR_2')","CRO"]}},{"not":{"contains":["@variables('Summary')","[RBR]"]}},{"not":{"startsWith":["@variables('Summary')","[P3][EU][IT]"]}},{"not":{"startsWith":["@variables('Summary')","[P3][ZTO][EU]"]}},{"not":{"startsWith":["@variables('Summary')","[CRO][LA]"]}},{"not":{"startsWith":["@variables('Summary')","[CV][NA][US][HONDAUS]"]}},{"not":{"startsWith":["@variables('Summary')","[VERITAS][EU]CH][ZEK]"]}},{"not":{"startsWith":["@variables('Summary')","[CV][MULTIPLE CUSTOMERS]"]}},{"not":{"startsWith":["@variables('Summary')","[GLOBAL][SEV3]"]}}]},{"and":[{"equals":["@outputs('Is_P3_or_RBR_2')","CRO"]},{"not":{"contains":["@variables('Summary')","[RBR]"]}},{"not":{"startsWith":["@variables('Summary')","[P3][EU][IT]"]}},{"not":{"startsWith":["@variables('Summary')","[P3][ZTO][EU]"]}},{"not":{"startsWith":["@variables('Summary')","[CRO][LA]"]}},{"not":{"startsWith":["@variables('Summary')","[CV][NA][US][HONDAUS]"]}},{"not":{"startsWith":["@variables('Summary')","[VERITAS][EU]CH][ZEK]"]}},{"not":{"startsWith":["@variables('Summary')","[CV][MULTIPLE CUSTOMERS]"]}},{"not":{"startsWith":["@variables('Summary')","[GLOBAL][SEV3]"]}}]},{"and":[{"startsWith":["@variables('Summary')","[CRO][LA][BR][HONDABR]"]}]}]},"metadata":{"operationMetadataId":"e81b7e6d-6dd6-4704-b65b-00d5bc153528"},"type":"If"},"[CV][NA][US][HONDAUS]_7-9_2":{"actions":{"Compose_24":{"runAfter":{},"metadata":{"operationMetadataId":"b63d2ec6-3f0f-4e7d-89e4-73bcd633cc3d"},"type":"Compose","inputs":"@split(outputs('Compose_9'), ',')[7]"},"Set_variable_31":{"runAfter":{"Compose_24":["Succeeded"]},"metadata":{"operationMetadataId":"97411dc2-d9b1-4619-939e-5eb1f49d3837"},"type":"SetVariable","inputs":{"name":"Customer","value":"@{outputs('Compose_24')}"}}},"runAfter":{"Condition_8":["Succeeded"]},"expression":{"or":[{"and":[{"not":{"startsWith":["@variables('Summary')","[CV][NA][US][HONDAUS][ODC]"]}},{"startsWith":["@variables('Summary')","[CV][NA][US][HONDAUS]"]}]},{"and":[{"not":{"startsWith":["@variables('Summary')","[CV][NA][US][HONDAUS][HDC]"]}},{"startsWith":["@variables('Summary')","[CV][NA][US][HONDAUS]"]}]}]},"metadata":{"operationMetadataId":"8a5762dc-ac0a-47ce-881b-6ef498c43d58"},"type":"If"},"IF_[P3][CRO][RBR]_11-13_3":{"actions":{"Compose_26":{"runAfter":{},"metadata":{"operationMetadataId":"b63d2ec6-3f0f-4e7d-89e4-73bcd633cc3d"},"type":"Compose","inputs":"@split(outputs('Compose_9'), ',')[11]"},"Set_variable_33":{"runAfter":{"Compose_26":["Succeeded"]},"metadata":{"operationMetadataId":"97411dc2-d9b1-4619-939e-5eb1f49d3837"},"type":"SetVariable","inputs":{"name":"Customer","value":"@{outputs('Compose_26')}"}}},"runAfter":{"Condition_8":["Succeeded"]},"expression":{"and":[{"startsWith":["@variables('Summary')","[P3][CRO][RBR]"]},{"not":{"contains":["@variables('Summary')","[STF]"]}},{"and":[{"not":{"startsWith":["@variables('Summary')","[P3][CRO][RBR][EU][IT]"]}}]}]},"metadata":{"operationMetadataId":"70cdf59e-fd00-45a0-8169-42a824b14ec8"},"type":"If"},"IF_[P3][RBR][ZTO]_11-13_2":{"actions":{"Compose_28":{"runAfter":{},"metadata":{"operationMetadataId":"b63d2ec6-3f0f-4e7d-89e4-73bcd633cc3d"},"type":"Compose","inputs":"@split(outputs('Compose_9'), ',')[11]"},"Set_variable_35":{"runAfter":{"Compose_28":["Succeeded"]},"metadata":{"operationMetadataId":"97411dc2-d9b1-4619-939e-5eb1f49d3837"},"type":"SetVariable","inputs":{"name":"Customer","value":"@{outputs('Compose_28')}"}}},"runAfter":{"Condition_8":["Succeeded"]},"expression":{"and":[{"or":[{"startsWith":["@variables('Summary')","[P3][RBR][ZTO]"]},{"startsWith":["@variables('Summary')","[P3][CRO][RBR]"]}]},{"not":{"startsWith":["@variables('Summary')","[P3][CRO][RBR][US][STF]"]}}]},"metadata":{"operationMetadataId":"77e45bf8-86c2-4171-93f3-5188ddbc430c"},"type":"If"},"[CV][NA][US][HONDAUS]_7-11_3":{"actions":{"Compose_30":{"runAfter":{},"metadata":{"operationMetadataId":"b63d2ec6-3f0f-4e7d-89e4-73bcd633cc3d"},"type":"Compose","inputs":"@split(outputs('Compose_9'), ',')[7]"},"Set_variable_37":{"runAfter":{"Compose_30":["Succeeded"]},"metadata":{"operationMetadataId":"97411dc2-d9b1-4619-939e-5eb1f49d3837"},"type":"SetVariable","inputs":{"name":"Customer","value":"@{outputs('Compose_30')}"}}},"runAfter":{"Condition_8":["Succeeded"]},"expression":{"or":[{"startsWith":["@variables('Summary')","[CV][NA][US][HONDAUS][ODC]"]},{"startsWith":["@variables('Summary')","[CV][NA][US][HONDAUS][HDC]"]}]},"metadata":{"operationMetadataId":"8a5762dc-ac0a-47ce-881b-6ef498c43d58"},"type":"If"},"Condition":{"actions":{"Set_variable_41":{"runAfter":{},"metadata":{"operationMetadataId":"6aad40f0-9464-420c-8065-12f699dba194"},"type":"SetVariable","inputs":{"name":"UpdatedConvINT","value":0}},"Set_variable_42":{"runAfter":{"Set_variable_41":["Succeeded"]},"metadata":{"operationMetadataId":"d3e13f74-cbfc-42cd-8e9b-f4b1745fdfa9"},"type":"SetVariable","inputs":{"name":"CreatedConvINT","value":"@int(substring(outputs('DaysSinceCreation_2'), 0, indexOf(outputs('DaysSinceCreation_2'), '.')))"}}},"runAfter":{"Condition_4":["Succeeded"]},"expression":{"and":[{"equals":["@outputs('DaysSinceLastUpdate_2')","00:00:00"]},{"not":{"equals":["@outputs('DaysSinceCreation_2')","00:00:00"]}}]},"metadata":{"operationMetadataId":"5daeb1b0-f4c1-4ab8-9dd9-dbd2a6600175"},"type":"If"},"Condition_4":{"actions":{"Set_variable_19":{"runAfter":{},"metadata":{"operationMetadataId":"383f76f8-e2b6-43a3-bca9-134d3b1ab48e"},"type":"SetVariable","inputs":{"name":"UpdatedConvINT","value":0}},"Set_variable_20":{"runAfter":{"Set_variable_19":["Succeeded"]},"metadata":{"operationMetadataId":"1cee3e2b-40b4-4c1d-8bf6-d92c1016dbe8"},"type":"SetVariable","inputs":{"name":"CreatedConvINT","value":0}}},"runAfter":{"DaysSinceLastUpdate_2":["Succeeded"]},"expression":{"and":[{"equals":["@outputs('DaysSinceCreation_2')","00:00:00"]},{"equals":["@outputs('DaysSinceLastUpdate_2')","00:00:00"]}]},"metadata":{"operationMetadataId":"a4a7d6b5-5e21-404e-966b-87f317fb33e6"},"type":"If"},"Condition_3":{"actions":{"Set_variable_43":{"runAfter":{},"metadata":{"operationMetadataId":"d3e13f74-cbfc-42cd-8e9b-f4b1745fdfa9"},"type":"SetVariable","inputs":{"name":"CreatedConvINT","value":0}},"Set_variable_44":{"runAfter":{"Set_variable_43":["Succeeded"]},"metadata":{"operationMetadataId":"310815a8-f9a3-46f5-93f0-a40557a94f5f"},"type":"SetVariable","inputs":{"name":"UpdatedConvINT","value":"@int(substring(outputs('DaysSinceLastUpdate_2'), 0, indexOf(outputs('DaysSinceLastUpdate_2'), '.')))"}}},"runAfter":{"Condition":["Succeeded"]},"expression":{"and":[{"not":{"equals":["@outputs('DaysSinceLastUpdate_2')","00:00:00"]}},{"equals":["@outputs('DaysSinceCreation_2')","00:00:00"]}]},"metadata":{"operationMetadataId":"ac235db3-a549-4893-9c29-d82f58ecabbe"},"type":"If"},"Condition_8":{"actions":{"Set_variable_45":{"runAfter":{},"metadata":{"operationMetadataId":"d3e13f74-cbfc-42cd-8e9b-f4b1745fdfa9"},"type":"SetVariable","inputs":{"name":"CreatedConvINT","value":"@int(substring(outputs('DaysSinceCreation_2'), 0, indexOf(outputs('DaysSinceCreation_2'), '.')))"}},"Set_variable_46":{"runAfter":{"Set_variable_45":["Succeeded"]},"metadata":{"operationMetadataId":"d3e13f74-cbfc-42cd-8e9b-f4b1745fdfa9"},"type":"SetVariable","inputs":{"name":"UpdatedConvINT","value":"@int(substring(outputs('DaysSinceLastUpdate_2'), 0, indexOf(outputs('DaysSinceLastUpdate_2'), '.')))"}}},"runAfter":{"Condition_3":["Succeeded"]},"expression":{"and":[{"not":{"equals":["@outputs('DaysSinceLastUpdate_2')","00:00:00"]}},{"not":{"equals":["@outputs('DaysSinceCreation_2')","00:00:00"]}}]},"metadata":{"operationMetadataId":"e87dec43-0521-4d71-8562-eb40dccb20a2"},"type":"If"},"IF_P3_or_RBR_or_CRO_9-11_3":{"actions":{"Compose_22":{"runAfter":{},"metadata":{"operationMetadataId":"e086c1a8-1a03-4a70-bbf2-151cc267639c"},"type":"Compose","inputs":"@split(outputs('Compose_9'), ',')[9]"},"Set_variable_10":{"runAfter":{"Compose_22":["Succeeded"]},"metadata":{"operationMetadataId":"54b32535-37dd-4eee-ac36-0848e89be3e4"},"type":"SetVariable","inputs":{"name":"Customer","value":"@{outputs('Compose_22')}"}}},"runAfter":{"Condition_8":["Succeeded"]},"expression":{"or":[{"and":[{"startsWith":["@variables('Summary')","[P3][CRO][RBR][EU][IT]"]}]}]},"metadata":{"operationMetadataId":"e81b7e6d-6dd6-4704-b65b-00d5bc153528"},"type":"If"},"[VERITAS][EU]CH][ZEK]":{"actions":{"Compose_5":{"runAfter":{},"metadata":{"operationMetadataId":"b63d2ec6-3f0f-4e7d-89e4-73bcd633cc3d"},"type":"Compose","inputs":"@split(outputs('Compose_9'), ',')[6]"},"Set_variable_4":{"runAfter":{"Compose_5":["Succeeded"]},"metadata":{"operationMetadataId":"97411dc2-d9b1-4619-939e-5eb1f49d3837"},"type":"SetVariable","inputs":{"name":"Customer","value":"@{outputs('Compose_5')}"}}},"runAfter":{"Condition_8":["Succeeded"]},"expression":{"startsWith":["@variables('Summary')","[VERITAS][EU]CH][ZEK]"]},"metadata":{"operationMetadataId":"8a5762dc-ac0a-47ce-881b-6ef498c43d58"},"type":"If"},"[CV][MULTIPLE_CUSTOMERS]_2":{"actions":{"Compose_15":{"runAfter":{},"metadata":{"operationMetadataId":"b63d2ec6-3f0f-4e7d-89e4-73bcd633cc3d"},"type":"Compose","inputs":"@split(outputs('Compose_9'), ',')[3]"},"Set_variable_47":{"runAfter":{"Compose_15":["Succeeded"]},"metadata":{"operationMetadataId":"97411dc2-d9b1-4619-939e-5eb1f49d3837"},"type":"SetVariable","inputs":{"name":"Customer","value":"@{outputs('Compose_15')}"}}},"runAfter":{"Condition_8":["Succeeded"]},"expression":{"startsWith":["@variables('Summary')","[CV][MULTIPLE CUSTOMERS]"]},"metadata":{"operationMetadataId":"8a5762dc-ac0a-47ce-881b-6ef498c43d58"},"type":"If"},"[GLOBAL][SEVX]":{"actions":{"Compose_17":{"runAfter":{},"metadata":{"operationMetadataId":"b63d2ec6-3f0f-4e7d-89e4-73bcd633cc3d"},"type":"Compose","inputs":"@split(outputs('Compose_9'), ',')[1]"},"Set_variable_48":{"runAfter":{"Compose_17":["Succeeded"]},"metadata":{"operationMetadataId":"97411dc2-d9b1-4619-939e-5eb1f49d3837"},"type":"SetVariable","inputs":{"name":"Customer","value":"@{outputs('Compose_17')}"}}},"runAfter":{"Condition_8":["Succeeded"]},"expression":{"or":[{"startsWith":["@variables('Summary')","[GLOBAL][SEV3]"]},{"startsWith":["@variables('Summary')","[GLOBAL][SEV2]"]},{"startsWith":["@variables('Summary')","[GLOBAL][SEV1]"]}]},"metadata":{"operationMetadataId":"8a5762dc-ac0a-47ce-881b-6ef498c43d58"},"type":"If"},"IF_INC_2":{"actions":{"Add_a_row_into_a_table_3":{"runAfter":{},"metadata":{"014GGCKUE6KCGO54AV6ZH2RJIWOGUQV53C":"/INC/Book.xlsx","operationMetadataId":"b4bbf699-2d7a-4bd4-be83-a7a36f7de37d","tableId":"{CE96F8FC-AED7-4F85-BC44-EE50E0159F9F}","01GZZYBNMD4ZB4J5X5KRHLA4KBREYLPAGV":"/INC_SR_Report/Book.xlsx"},"type":"OpenApiConnection","inputs":{"host":{"apiId":"/providers/Microsoft.PowerApps/apis/shared_excelonlinebusiness","connectionName":"shared_excelonlinebusiness_1","operationId":"AddRowV2"},"parameters":{"source":"me","drive":"b!VKMpyc6ypk24pMGTeB86PKNVwGFDxoFGn-HIO2WbEZ2Yt1X_ZBmwR4kgn_GM2-4Y","file":"01GZZYBNMD4ZB4J5X5KRHLA4KBREYLPAGV","table":"{CE96F8FC-AED7-4F85-BC44-EE50E0159F9F}","item/Incident Number":"@variables('ticketNumber')","item/Summary":"@variables('Summary')","item/Customer":"@variables('Customer')","item/Internal\nPriority":"@variables('Severity')","item/Status":"@variables('Status')","item/Created":"@variables('Created')","item/CreatedBy":"@variables('CreatedBy')","item/Days since creation":"@variables('CreatedConvINT')","item/Last Update (Date)":"@variables('Updated')","item/Days since last update":"@variables('UpdatedConvINT')","item/Last Update content":"@variables('WorkNotes')","item/TicketOwner":"@variables('AssignedTo')","item/Last update technician":"@variables('WorkStartConv')","item/Assigned date":"@variables('WorkStartConv')","item/Offering":"@variables('Offering')"},"authentication":{"value":"@json(decodeBase64(triggerOutputs().headers['X-MS-APIM-Tokens']))['$ConnectionKey']","type":"Raw"}}}},"runAfter":{"[GLOBAL][SEVX]":["Succeeded"],"[VERITAS][EU]CH][ZEK]":["Succeeded"],"[CV][MULTIPLE_CUSTOMERS]_2":["Succeeded"],"IF_P3_or_RBR_or_CRO_9-11_3":["Succeeded"],"[CV][NA][US][HONDAUS]_7-11_3":["Succeeded"],"IF_[P3][RBR][ZTO]_11-13_2":["Succeeded"],"IF_[P3][CRO][RBR]_11-13_3":["Succeeded"],"[CV][NA][US][HONDAUS]_7-9_2":["Succeeded"],"IF_P3_or_RBR_or_CRO_9-11_2":["Succeeded"],"IF_[P3][EU][IT]_without_client_name_5-7_2":["Succeeded"],"Condition_7-9_3":["Succeeded"]},"expression":{"startsWith":["@variables('ticketNumber')","INC"]},"metadata":{"operationMetadataId":"b66a3df0-c387-4db6-a07b-b07e417806be"},"type":"If"},"IF_SR_2":{"actions":{"Add_a_row_into_a_table_4":{"runAfter":{},"metadata":{"014GGCKUE6KCGO54AV6ZH2RJIWOGUQV53C":"/INC/Book.xlsx","operationMetadataId":"b4bbf699-2d7a-4bd4-be83-a7a36f7de37d","tableId":"{58F66D58-B885-4C9B-B69F-B814D7FCB008}","01GZZYBNMD4ZB4J5X5KRHLA4KBREYLPAGV":"/INC_SR_Report/Book.xlsx"},"type":"OpenApiConnection","inputs":{"host":{"apiId":"/providers/Microsoft.PowerApps/apis/shared_excelonlinebusiness","connectionName":"shared_excelonlinebusiness_1","operationId":"AddRowV2"},"parameters":{"source":"me","drive":"b!VKMpyc6ypk24pMGTeB86PKNVwGFDxoFGn-HIO2WbEZ2Yt1X_ZBmwR4kgn_GM2-4Y","file":"01GZZYBNMD4ZB4J5X5KRHLA4KBREYLPAGV","table":"{58F66D58-B885-4C9B-B69F-B814D7FCB008}","item/Incident Number":"@variables('ticketNumber')","item/Summary":"@variables('Summary')","item/Customer":"@variables('Customer')","item/Internal\nPriority":"@variables('Severity')","item/Status":"@variables('Status')","item/Created":"@variables('Created')","item/CreatedBy":"@variables('CreatedBy')","item/Days since creation":"@variables('CreatedConvINT')","item/Last Update (Date)":"@variables('Updated')","item/Days since last update":"@variables('UpdatedConvINT')","item/Last Update content":"@variables('WorkNotes')","item/TicketOwner":"@variables('AssignedTo')","item/Last update technician":"@variables('WorkStartConv')","item/Assigned date":"@variables('WorkStartConv')","item/Offering":"@variables('Offering')"},"authentication":{"value":"@json(decodeBase64(triggerOutputs().headers['X-MS-APIM-Tokens']))['$ConnectionKey']","type":"Raw"}}}},"runAfter":{"IF_INC_2":["Succeeded"]},"expression":{"startsWith":["@variables('ticketNumber')","SRNA"]},"metadata":{"operationMetadataId":"2e85b688-94d3-4c73-aa25-ab94976fa3a8"},"type":"If"}}},"expression":{"contains":["@variables('TechnicianBotConfig')","@variables('WorkNotesTechnician')"]},"metadata":{"operationMetadataId":"280359e8-ab7a-40e8-a3f6-504a6ddfdb2e"},"type":"If"},"Lines":{"runAfter":{"Set_variable_32":["Succeeded"]},"metadata":{"operationMetadataId":"c5f2e43b-4f48-449e-aafe-6ddf17ec3717"},"type":"Compose","inputs":"@split(variables('WorkNotes'), variables('newLine'))"},"Apply_to_each_2":{"foreach":"@outputs('Lines')","actions":{"Set_variable_34":{"runAfter":{},"metadata":{"operationMetadataId":"2a9e9801-fcd0-4f29-9a81-f0bd43180618"},"type":"SetVariable","inputs":{"name":"CurrentItemLen","value":"@{length(item())}"}},"Condition_9":{"actions":{"Set_variable_6":{"runAfter":{"Set_variable_9":["Succeeded"]},"metadata":{"operationMetadataId":"a544cf21-ebf8-4e03-8d2c-69c9417b36cb"},"type":"SetVariable","inputs":{"name":"name","value":"@{trim(replace(replace(replace(replace(outputs('Names'), ' ', ' '), '\\n', ' '), '\\r', ' '), '\\t', ' '))}"}},"Append_to_array_variable_2":{"runAfter":{"Set_variable_6":["Succeeded"]},"metadata":{"operationMetadataId":"b8996f34-86cd-4805-95e3-3f72d701ba00"},"type":"AppendToArrayVariable","inputs":{"name":"ExtractDateName","value":"@concat(variables('date'), ' ', variables('name'))"}},"Set_variable_9":{"runAfter":{"Names":["Succeeded"]},"metadata":{"operationMetadataId":"41ee28a4-ede7-45c7-9732-984fa6250da5"},"type":"SetVariable","inputs":{"name":"date","value":"@{outputs('Date')}"}},"Date":{"runAfter":{},"metadata":{"operationMetadataId":"f0fbb11c-7a91-46a4-b612-22683dd32308"},"type":"Compose","inputs":"@substring(item(), 0, 10)"},"Names":{"runAfter":{"Date":["Succeeded"]},"metadata":{"operationMetadataId":"e43f2388-93c2-4c7f-aa36-79328c9e2d96"},"type":"Compose","inputs":"@substring(item(), 22, sub(indexOf(item(), ' (Work notes)'), 22))\r\n"}},"runAfter":{"Set_variable_36":["Succeeded"]},"expression":{"and":[{"startsWith":["@item()","@variables('typeString')"]},{"greater":["@variables('CurrentItemLenINT')",20]},{"less":["@variables('CurrentItemLenINT')",52]},{"endsWith":["@item()","(Work notes)"]}]},"metadata":{"operationMetadataId":"a68d36e9-9e94-4b2b-8348-0d047f9adf6b"},"type":"If"},"Set_variable_36":{"runAfter":{"Set_variable_34":["Succeeded"]},"metadata":{"operationMetadataId":"8c16ade9-f454-4ccc-af1c-498a33483f62"},"type":"SetVariable","inputs":{"name":"CurrentItemLenINT","value":"@int(variables('CurrentItemLen'))"}}},"runAfter":{"Lines":["Succeeded"]},"metadata":{"operationMetadataId":"1aa0a126-1246-47ef-835e-63c0f242342d"},"type":"Foreach"},"Apply_to_each_3":{"foreach":"@variables('ExtractDateName')","actions":{"Compose_7":{"runAfter":{},"metadata":{"operationMetadataId":"aa066c29-6134-4a27-8951-8b80f7d81758"},"type":"Compose","inputs":"@split(item(), ' ')"},"ComposeDate":{"runAfter":{"Compose_7":["Succeeded"]},"metadata":{"operationMetadataId":"8799dcb1-c129-40c4-9ed0-58138c678e76"},"type":"Compose","inputs":"@first(outputs('Compose_7'))"},"ComposeName":{"runAfter":{"ComposeDate":["Succeeded"]},"metadata":{"operationMetadataId":"86a46743-804b-4cea-ac43-141d69a8662b"},"type":"Compose","inputs":"@join(skip(outputs('Compose_7'), 1), ' ')"},"Condition_10":{"actions":{"Append_to_array_variable_3":{"runAfter":{},"metadata":{"operationMetadataId":"520422c5-8939-4953-a862-f2c280de3a84"},"type":"AppendToArrayVariable","inputs":{"name":"LastUpdateNew","value":"@outputs('ComposeDate')"}}},"runAfter":{"Get_a_row":["Succeeded","Failed","TimedOut","Skipped"]},"expression":{"equals":["@outputs('Get_a_row')?['statusCode']",200]},"metadata":{"operationMetadataId":"f4265d24-67a8-47b5-b2a0-db75dbfdeddb"},"type":"If"},"Get_a_row":{"runAfter":{"ComposeName":["Succeeded","Failed","Skipped","TimedOut"]},"metadata":{"01GZZYBNMD4ZB4J5X5KRHLA4KBREYLPAGV":"/INC_SR_Report/Book.xlsx","operationMetadataId":"aa9da1a3-49e4-4481-bfca-489f70de43d9","tableId":"{FDDF45C2-ED1D-4335-860C-B5E0A77CE549}"},"type":"OpenApiConnection","inputs":{"host":{"apiId":"/providers/Microsoft.PowerApps/apis/shared_excelonlinebusiness","connectionName":"shared_excelonlinebusiness_1","operationId":"GetItem"},"parameters":{"source":"me","drive":"b!VKMpyc6ypk24pMGTeB86PKNVwGFDxoFGn-HIO2WbEZ2Yt1X_ZBmwR4kgn_GM2-4Y","file":"01GZZYBNMD4ZB4J5X5KRHLA4KBREYLPAGV","table":"{FDDF45C2-ED1D-4335-860C-B5E0A77CE549}","idColumn":"Name","id":"@outputs('ComposeName')"},"authentication":{"value":"@json(decodeBase64(triggerOutputs().headers['X-MS-APIM-Tokens']))['$ConnectionKey']","type":"Raw"}}}},"runAfter":{"WorkNotesTechnician":["Succeeded"]},"metadata":{"operationMetadataId":"65cf1dc7-400e-4f0e-ab26-d35f315ac8d4"},"type":"Foreach"},"Compose_11":{"runAfter":{"Apply_to_each_3":["Succeeded"]},"metadata":{"operationMetadataId":"dfdd6577-d7da-43bc-9373-67fe114cfcd7"},"type":"Compose","inputs":"@first(variables('LastUpdateNew'))"},"Condition_11":{"actions":{"Set_variable_15":{"runAfter":{},"metadata":{"operationMetadataId":"a41028e2-1aec-494f-bc48-030eaf1c9709"},"type":"SetVariable","inputs":{"name":"UpdatedConv","value":"@{outputs('Compose_11')}"}},"Set_variable_23":{"runAfter":{"Set_variable_15":["Succeeded"]},"metadata":{"operationMetadataId":"7e797376-0c36-4098-8d0c-6227e1b1e80a"},"type":"SetVariable","inputs":{"name":"DateFromWorkNotes","value":"@{outputs('Compose_11')}"}},"Set_variable_28":{"runAfter":{"Set_variable_23":["Succeeded"]},"metadata":{"operationMetadataId":"99518aa5-e41f-45eb-bb34-035a67391bc0"},"type":"SetVariable","inputs":{"name":"WorkStartConv","value":"@{outputs('Compose_11')}"}}},"runAfter":{"Compose_11":["Succeeded"]},"expression":{"not":{"equals":["@outputs('Compose_11')","@null"]}},"metadata":{"operationMetadataId":"c82109f4-9d75-47f9-bd7e-ad07b47d310c"},"type":"If"},"Set_variable_17":{"runAfter":{"WorkNotes":["Succeeded"]},"metadata":{"operationMetadataId":"dd7b0dae-38c2-4072-a50e-71c9cdbc7de1"},"type":"SetVariable","inputs":{"name":"date","value":"@{null}"}},"Set_variable_29":{"runAfter":{"Set_variable_17":["Succeeded"]},"metadata":{"operationMetadataId":"aacf982e-baba-4cdd-a446-17256a44633d"},"type":"SetVariable","inputs":{"name":"name","value":"@{null}"}},"Set_variable_30":{"runAfter":{"Set_variable_29":["Succeeded"]},"metadata":{"operationMetadataId":"4660974b-1940-447e-8fbf-aa8710e9a2ab"},"type":"SetVariable","inputs":{"name":"ExtractDateName","value":"@null"}},"Set_variable_32":{"runAfter":{"Set_variable_30":["Succeeded"]},"metadata":{"operationMetadataId":"e68d1f31-e3db-4106-b0c4-81e1e4277aa8"},"type":"SetVariable","inputs":{"name":"LastUpdateNew","value":"@null"}}},"runAfter":{"SwitchSeverity":["Succeeded"]},"expression":{"not":{"equals":["@length(variables('AssignedTo'))",0]}},"metadata":{"operationMetadataId":"c9b9ec48-dead-4d4a-8b23-02f9033cdb0b"},"type":"If"},"Offering":{"runAfter":{"Summary":["Succeeded"]},"metadata":{"operationMetadataId":"24b804dc-ad29-4444-97d8-09bea2eb84e6"},"type":"SetVariable","inputs":{"name":"Offering","value":"@items('Apply_to_each')?['Service offering']"}},"SeverityFromSNOW":{"runAfter":{"AssignedTo":["Succeeded"]},"metadata":{"operationMetadataId":"23c2e6d4-3c10-49cc-ad68-a732ded71273"},"type":"SetVariable","inputs":{"name":"SeverityFromSNOW","value":"@items('Apply_to_each')?['Severity']"}},"SwitchSeverity":{"runAfter":{"SeverityFromSNOW":["Succeeded"]},"cases":{"SEV3":{"case":"3 - Low","actions":{"Severity_3":{"runAfter":{},"metadata":{"operationMetadataId":"96742fea-e4e7-404f-b66c-b1f6c43d26f8"},"type":"SetVariable","inputs":{"name":"Severity","value":"SEV3"}}}},"SEV2":{"case":"2 - Medium","actions":{"Severity_2":{"runAfter":{},"metadata":{"operationMetadataId":"48dc067f-7829-4711-aa75-038c6e0aa85c"},"type":"SetVariable","inputs":{"name":"Severity","value":"SEV2"}}}},"SEV1":{"case":"1 - High","actions":{"Severity_1":{"runAfter":{},"metadata":{"operationMetadataId":"18a09624-a589-4fd9-a22b-935058459662"},"type":"SetVariable","inputs":{"name":"Severity","value":"SEV1"}}}}},"default":{"actions":{}},"expression":"@variables('SeverityFromSNOW')","metadata":{"operationMetadataId":"06cd7e84-8bc2-4660-b4e0-0d65e5d90663"},"type":"Switch"}},"runAfter":{"Set_variable_38":["Succeeded"]},"metadata":{"operationMetadataId":"4050a909-6573-4a8c-8194-dd449997848f"},"type":"Foreach"},"Initialize_variable_23":{"runAfter":{"Initialize_variable_22":["Succeeded"]},"metadata":{"operationMetadataId":"264630e2-5cf2-4393-bac7-b8964d55e04b"},"type":"InitializeVariable","inputs":{"variables":[{"name":"Offering","type":"string"}]}},"Initialize_variable_24":{"runAfter":{"Initialize_variable_4":["Succeeded"]},"metadata":{"operationMetadataId":"c1ab0610-30ce-4178-9fe6-a0c312af4c40"},"type":"InitializeVariable","inputs":{"variables":[{"name":"SeverityFromSNOW","type":"string"}]}},"Initialize_variable_25":{"runAfter":{"Initialize_variable_23":["Succeeded"]},"metadata":{"operationMetadataId":"0cb10241-5ce3-4385-9a7b-c967fadc8162"},"type":"InitializeVariable","inputs":{"variables":[{"name":"ExtractDateName","type":"array"}]}},"Initialize_variable_26":{"runAfter":{"Initialize_variable_25":["Succeeded"]},"metadata":{"operationMetadataId":"dd1c1104-05ff-4c91-8dde-c158e794b8d7"},"type":"InitializeVariable","inputs":{"variables":[{"name":"date","type":"string"}]}},"Initialize_variable_27":{"runAfter":{"Initialize_variable_26":["Succeeded"]},"metadata":{"operationMetadataId":"83b03860-11a1-42ee-8e1e-deafe6044264"},"type":"InitializeVariable","inputs":{"variables":[{"name":"name","type":"string"}]}},"Initialize_variable_28":{"runAfter":{"Create_technician_name_array":["Succeeded"]},"metadata":{"operationMetadataId":"2700345e-5a2d-4820-b2a4-38b488887ed5"},"type":"InitializeVariable","inputs":{"variables":[{"name":"newLine","type":"string"}]}},"Set_variable_11":{"runAfter":{"Initialize_variable_28":["Succeeded"]},"metadata":{"operationMetadataId":"9301e925-2416-4bf9-b57c-eb821fac313e"},"type":"SetVariable","inputs":{"name":"newLine","value":"\n"}},"Initialize_variable_29":{"runAfter":{"Set_variable_11":["Succeeded"]},"metadata":{"operationMetadataId":"64502cde-2064-4355-96e5-99e107b79e74"},"type":"InitializeVariable","inputs":{"variables":[{"name":"typeString","type":"string"}]}},"Set_variable_13":{"runAfter":{"Initialize_variable_29":["Succeeded"]},"metadata":{"operationMetadataId":"3d033f73-7ad0-4c03-ac43-4bbb3ef913ae"},"type":"SetVariable","inputs":{"name":"typeString","value":"202"}},"Initialize_variable_30":{"runAfter":{"Set_variable_13":["Succeeded"]},"metadata":{"operationMetadataId":"f729de0b-842c-4d6b-ade7-6a4dade9737a"},"type":"InitializeVariable","inputs":{"variables":[{"name":"LastUpdateNew","type":"array"}]}},"Initialize_variable_31":{"runAfter":{"Initialize_variable_30":["Succeeded"]},"metadata":{"operationMetadataId":"4aa067a6-ef6b-4f37-bdc3-34e195e66482"},"type":"InitializeVariable","inputs":{"variables":[{"name":"CurrentItemLen","type":"string"}]}},"Initialize_variable_32":{"runAfter":{"Initialize_variable_31":["Succeeded"]},"metadata":{"operationMetadataId":"b119e901-d2b1-44d6-b304-00841c9af7ca"},"type":"InitializeVariable","inputs":{"variables":[{"name":"CurrentItemLenINT","type":"integer"}]}},"Initialize_variable_33":{"runAfter":{"Initialize_variable_32":["Succeeded"]},"metadata":{"operationMetadataId":"0f5a07e2-d6cb-4fdb-b31b-5c89b75b99e1"},"type":"InitializeVariable","inputs":{"variables":[{"name":"endString","type":"string"}]}},"Set_variable_38":{"runAfter":{"Initialize_variable_33":["Succeeded"]},"metadata":{"operationMetadataId":"b608b097-63f4-494a-a174-1443c0a520b9"},"type":"SetVariable","inputs":{"name":"endString","value":"(Work notes)"}}}},"connectionReferences":{"shared_excelonlinebusiness_1":{"connectionName":"shared-excelonlinebu-c4efd575-4e52-44d0-b332-b13974747731","source":"Invoker","id":"/providers/Microsoft.PowerApps/apis/shared_excelonlinebusiness","tier":"NotSpecified","apiName":"excelonlinebusiness"}},"flowFailureAlertSubscribed":false,"isManaged":false}}