{"name":"994742da-df5d-4d6f-938e-1c9bd3d0faf8","id":"/providers/Microsoft.Flow/flows/994742da-df5d-4d6f-938e-1c9bd3d0faf8","type":"Microsoft.Flow/flows","properties":{"apiId":"/providers/Microsoft.PowerApps/apis/shared_logicflows","displayName":"INC","definition":{"metadata":{"workflowEntityId":null,"processAdvisorMetadata":null,"flowChargedByPaygo":null,"flowclientsuspensionreason":"None","flowclientsuspensiontime":null,"flowclientsuspensionreasondetails":null,"creator":{"id":"e4a4d628-d3bc-4a24-b1e7-5e275bf2ccf4","type":"User","tenantId":"f260df36-bc43-424c-8f44-c85226657b01"},"provisioningMethod":"FromDefinition","failureAlertSubscription":true,"clientLastModifiedTime":"2024-10-28T12:17:27.1730253Z","connectionKeySavedTimeKey":"2024-10-28T12:17:27.1730253Z"},"$schema":"https://schema.management.azure.com/providers/Microsoft.Logic/schemas/2016-06-01/workflowdefinition.json#","contentVersion":"1.0.0.0","parameters":{"$connections":{"defaultValue":{},"type":"Object"},"$authentication":{"defaultValue":{},"type":"SecureObject"}},"triggers":{"manual":{"metadata":{"operationMetadataId":"e946826b-86f7-45c0-8526-1c91c8e328ca"},"type":"Request","kind":"Button","inputs":{"schema":{"type":"object","properties":{},"required":[]}}}},"actions":{"SNOW_RAPORT":{"runAfter":{"Initialize_variable_11":["Succeeded"]},"metadata":{"014GGCKUGZUG23S7K3DRCL7RTP6XUHDX4V":"/INC/incident.xlsx","operationMetadataId":"e1b0a1a6-1bc3-4d43-806d-8edc79db7ca5","tableId":"{EBAA41E0-FCB8-4282-BF45-C7DB31390005}"},"type":"OpenApiConnection","inputs":{"host":{"apiId":"/providers/Microsoft.PowerApps/apis/shared_excelonlinebusiness","connectionName":"shared_excelonlinebusiness","operationId":"GetItems"},"parameters":{"source":"me","drive":"b!Hkb55U55YkWghh9LP56HjNG_MeejWPVCrzl7LHzofG0hz1GLaxrZQ5lgoC0b7GjP","file":"014GGCKUGZUG23S7K3DRCL7RTP6XUHDX4V","table":"{EBAA41E0-FCB8-4282-BF45-C7DB31390005}"},"authentication":{"value":"@json(decodeBase64(triggerOutputs().headers['X-MS-APIM-Tokens']))['$ConnectionKey']","type":"Raw"}}},"MAIN_EXCEL_INC":{"runAfter":{"SNOW_RAPORT":["Succeeded"]},"metadata":{"014GGCKUE6KCGO54AV6ZH2RJIWOGUQV53C":"/INC/Book.xlsx","operationMetadataId":"fcab4a45-f004-4fc1-981b-bb11f6323907","tableId":"{CE96F8FC-AED7-4F85-BC44-EE50E0159F9F}"},"type":"OpenApiConnection","inputs":{"host":{"apiId":"/providers/Microsoft.PowerApps/apis/shared_excelonlinebusiness","connectionName":"shared_excelonlinebusiness","operationId":"GetItems"},"parameters":{"source":"me","drive":"b!Hkb55U55YkWghh9LP56HjNG_MeejWPVCrzl7LHzofG0hz1GLaxrZQ5lgoC0b7GjP","file":"014GGCKUE6KCGO54AV6ZH2RJIWOGUQV53C","table":"{CE96F8FC-AED7-4F85-BC44-EE50E0159F9F}"},"authentication":{"value":"@json(decodeBase64(triggerOutputs().headers['X-MS-APIM-Tokens']))['$ConnectionKey']","type":"Raw"}}},"Initialize_variable":{"runAfter":{"Cleanup_SR_table":["Succeeded"]},"metadata":{"operationMetadataId":"05a85f70-01fa-4feb-8ae6-254144b228cb"},"type":"InitializeVariable","inputs":{"variables":[{"name":"ticketNumber","type":"string"}]}},"Initialize_variable_2":{"runAfter":{"Initialize_variable":["Succeeded"]},"metadata":{"operationMetadataId":"f3a23f54-1300-4879-8f70-35cb6bb115c5"},"type":"InitializeVariable","inputs":{"variables":[{"name":"Summary","type":"string"}]}},"Initialize_variable_3":{"runAfter":{"Initialize_variable_2":["Succeeded"]},"metadata":{"operationMetadataId":"632b5148-ca97-48b8-ae5d-eb06049d214d"},"type":"InitializeVariable","inputs":{"variables":[{"name":"Customer","type":"string"}]}},"Initialize_variable_4":{"runAfter":{"Initialize_variable_3":["Succeeded"]},"metadata":{"operationMetadataId":"50c9b80c-1803-49bd-9ad5-5c48b013cfdc"},"type":"InitializeVariable","inputs":{"variables":[{"name":"Severity","type":"string"}]}},"Initialize_variable_5":{"runAfter":{"Initialize_variable_4":["Succeeded"]},"metadata":{"operationMetadataId":"1c75c0d1-d346-4395-a74b-59f0b9fcb63d"},"type":"InitializeVariable","inputs":{"variables":[{"name":"Status","type":"string"}]}},"Initialize_variable_6":{"runAfter":{"Initialize_variable_5":["Succeeded"]},"metadata":{"operationMetadataId":"ba688224-fbf2-4321-b469-d3c047836822"},"type":"InitializeVariable","inputs":{"variables":[{"name":"CreatedBy","type":"string"}]}},"Initialize_variable_7":{"runAfter":{"Initialize_variable_6":["Succeeded"]},"metadata":{"operationMetadataId":"28dd9954-8ad2-4949-870a-0bf1ae3231f9"},"type":"InitializeVariable","inputs":{"variables":[{"name":"Created","type":"string"}]}},"Initialize_variable_8":{"runAfter":{"Initialize_variable_7":["Succeeded"]},"metadata":{"operationMetadataId":"6df1ddf5-96fb-44b9-879d-8e3658826b5f"},"type":"InitializeVariable","inputs":{"variables":[{"name":"Updated","type":"string"}]}},"Initialize_variable_9":{"runAfter":{"Initialize_variable_8":["Succeeded"]},"metadata":{"operationMetadataId":"c1775768-1e4a-4484-83d2-7ab8d470a900"},"type":"InitializeVariable","inputs":{"variables":[{"name":"AssignedTo","type":"string"}]}},"Initialize_variable_10":{"runAfter":{"Initialize_variable_9":["Succeeded"]},"metadata":{"operationMetadataId":"cf52c9d6-d588-45f5-94c3-a1e065a599cb"},"type":"InitializeVariable","inputs":{"variables":[{"name":"WorkNotes","type":"string"}]}},"Current_time":{"runAfter":{},"metadata":{"operationMetadataId":"227eacef-0992-4f7b-9071-2a18ae28c9c0"},"type":"Expression","kind":"CurrentTime","inputs":{}},"Initialize_variable_11":{"runAfter":{"Current_time":["Succeeded"]},"metadata":{"operationMetadataId":"46147637-72fe-4ce0-8d96-1385718e4524"},"type":"InitializeVariable","inputs":{"variables":[{"name":"CurrentDate","type":"string","value":"@{formatDateTime(body('Current_time'),'yyyy-MM-dd')}"}]}},"Initialize_variable_12":{"runAfter":{"Initialize_variable_10":["Succeeded"]},"metadata":{"operationMetadataId":"40cd4e93-3529-42da-890a-c473905ee71a"},"type":"InitializeVariable","inputs":{"variables":[{"name":"UpdatedISO","type":"string"}]}},"Initialize_variable_13":{"runAfter":{"Initialize_variable_12":["Succeeded"]},"metadata":{"operationMetadataId":"bd8f3ce8-da8d-4619-933c-3fc63ef3b2e3"},"type":"InitializeVariable","inputs":{"variables":[{"name":"CreatedISO","type":"string"}]}},"Initialize_variable_15":{"runAfter":{"Initialize_variable_13":["Succeeded"]},"metadata":{"operationMetadataId":"7dfdc3fd-3941-44b9-b43a-be5beaa6d0eb"},"type":"InitializeVariable","inputs":{"variables":[{"name":"UpdatedConv","type":"string"}]}},"Initialize_variable_14":{"runAfter":{"Initialize_variable_15":["Succeeded"]},"metadata":{"operationMetadataId":"5da37f34-2f06-42e2-a966-3edfa4d4a58f"},"type":"InitializeVariable","inputs":{"variables":[{"name":"CreatedConv","type":"string"}]}},"Initialize_variable_16":{"runAfter":{"Initialize_variable_14":["Succeeded"]},"metadata":{"operationMetadataId":"fac62454-d9f2-4afd-89d9-e6b899d278af"},"type":"InitializeVariable","inputs":{"variables":[{"name":"UpdatedConvINT","type":"integer"}]}},"Initialize_variable_17":{"runAfter":{"Initialize_variable_16":["Succeeded"]},"metadata":{"operationMetadataId":"1d3f29ce-c1bc-4a61-a09a-c2e07bf142fc"},"type":"InitializeVariable","inputs":{"variables":[{"name":"CreatedConvINT","type":"integer"}]}},"Initialize_variable_18":{"runAfter":{"Initialize_variable_17":["Succeeded"]},"metadata":{"operationMetadataId":"48c5f6a8-987f-46f3-9979-5a87994b23b8"},"type":"InitializeVariable","inputs":{"variables":[{"name":"WorkNotesTechnician","type":"string"}]}},"Initialize_variable_19":{"runAfter":{"Initialize_variable_18":["Succeeded"]},"metadata":{"operationMetadataId":"2ac73410-97c5-4069-bcba-dc19c819c1c3"},"type":"InitializeVariable","inputs":{"variables":[{"name":"TechnicianBotConfig","type":"array"}]}},"BOTCONFIG":{"runAfter":{"MAIN_EXCEL_SR":["Succeeded"]},"metadata":{"014GGCKUE6KCGO54AV6ZH2RJIWOGUQV53C":"/INC/Book.xlsx","operationMetadataId":"6f137b1e-1745-4b01-a8b0-31bc9aa192b0","tableId":"{FDDF45C2-ED1D-4335-860C-B5E0A77CE549}"},"type":"OpenApiConnection","inputs":{"host":{"apiId":"/providers/Microsoft.PowerApps/apis/shared_excelonlinebusiness","connectionName":"shared_excelonlinebusiness","operationId":"GetItems"},"parameters":{"source":"me","drive":"b!Hkb55U55YkWghh9LP56HjNG_MeejWPVCrzl7LHzofG0hz1GLaxrZQ5lgoC0b7GjP","file":"014GGCKUE6KCGO54AV6ZH2RJIWOGUQV53C","table":"{FDDF45C2-ED1D-4335-860C-B5E0A77CE549}"},"authentication":{"value":"@json(decodeBase64(triggerOutputs().headers['X-MS-APIM-Tokens']))['$ConnectionKey']","type":"Raw"}}},"Create_technician_name_array":{"foreach":"@outputs('BOTCONFIG')?['body/value']","actions":{"Append_to_array_variable":{"runAfter":{},"metadata":{"operationMetadataId":"8e068c7d-f946-4ff8-8b40-c9ad1dc50488"},"type":"AppendToArrayVariable","inputs":{"name":"TechnicianBotConfig","value":"@items('Create_technician_name_array')?['Name']"}}},"runAfter":{"Initialize_variable_23":["Succeeded"]},"metadata":{"operationMetadataId":"90146efd-fcc1-441e-947e-d3da5730a7d8"},"type":"Foreach"},"Initialize_variable_20":{"runAfter":{"Initialize_variable_19":["Succeeded"]},"metadata":{"operationMetadataId":"39ef9fbd-0aa5-4427-9ac2-62e365ff1fe7"},"type":"InitializeVariable","inputs":{"variables":[{"name":"DateFromWorkNotes","type":"string"}]}},"Initialize_variable_21":{"runAfter":{"Initialize_variable_20":["Succeeded"]},"metadata":{"operationMetadataId":"b7309a57-44d5-4b0f-8380-44abaa46558e"},"type":"InitializeVariable","inputs":{"variables":[{"name":"WorkStart","type":"string"}]}},"Initialize_variable_22":{"runAfter":{"Initialize_variable_21":["Succeeded"]},"metadata":{"operationMetadataId":"39039b86-11f7-4807-b061-035e4f8498ee"},"type":"InitializeVariable","inputs":{"variables":[{"name":"WorkStartConv","type":"string"}]}},"Cleanup_INC_table":{"foreach":"@outputs('MAIN_EXCEL_INC')?['body/value']","actions":{"Delete_a_row":{"runAfter":{},"metadata":{"014GGCKUE6KCGO54AV6ZH2RJIWOGUQV53C":"/INC/Book.xlsx","operationMetadataId":"1091b3db-493f-4e30-93f8-6812177d88c8","tableId":"{CE96F8FC-AED7-4F85-BC44-EE50E0159F9F}"},"type":"OpenApiConnection","inputs":{"host":{"apiId":"/providers/Microsoft.PowerApps/apis/shared_excelonlinebusiness","connectionName":"shared_excelonlinebusiness","operationId":"DeleteItem"},"parameters":{"source":"me","drive":"b!Hkb55U55YkWghh9LP56HjNG_MeejWPVCrzl7LHzofG0hz1GLaxrZQ5lgoC0b7GjP","file":"014GGCKUE6KCGO54AV6ZH2RJIWOGUQV53C","table":"{CE96F8FC-AED7-4F85-BC44-EE50E0159F9F}","idColumn":"Incident Number","id":"@items('Cleanup_INC_table')?['Incident Number']"},"authentication":{"value":"@json(decodeBase64(triggerOutputs().headers['X-MS-APIM-Tokens']))['$ConnectionKey']","type":"Raw"}}}},"runAfter":{"BOTCONFIG":["Succeeded"]},"metadata":{"operationMetadataId":"a4e534ff-4045-4b5f-a881-380ae3c57229"},"type":"Foreach"},"MAIN_EXCEL_SR":{"runAfter":{"MAIN_EXCEL_INC":["Succeeded"]},"metadata":{"014GGCKUE6KCGO54AV6ZH2RJIWOGUQV53C":"/INC/Book.xlsx","operationMetadataId":"20d763e6-035d-4da2-b541-1c1ff245f165","tableId":"{58F66D58-B885-4C9B-B69F-B814D7FCB008}"},"type":"OpenApiConnection","inputs":{"host":{"apiId":"/providers/Microsoft.PowerApps/apis/shared_excelonlinebusiness","connectionName":"shared_excelonlinebusiness","operationId":"GetItems"},"parameters":{"source":"me","drive":"b!Hkb55U55YkWghh9LP56HjNG_MeejWPVCrzl7LHzofG0hz1GLaxrZQ5lgoC0b7GjP","file":"014GGCKUE6KCGO54AV6ZH2RJIWOGUQV53C","table":"{58F66D58-B885-4C9B-B69F-B814D7FCB008}"},"authentication":{"value":"@json(decodeBase64(triggerOutputs().headers['X-MS-APIM-Tokens']))['$ConnectionKey']","type":"Raw"}}},"Cleanup_SR_table":{"foreach":"@outputs('MAIN_EXCEL_SR')?['body/value']","actions":{"Delete_a_row_2":{"runAfter":{},"metadata":{"014GGCKUE6KCGO54AV6ZH2RJIWOGUQV53C":"/INC/Book.xlsx","operationMetadataId":"e3529d51-a053-4f70-ac12-600690a0c7df","tableId":"{58F66D58-B885-4C9B-B69F-B814D7FCB008}"},"type":"OpenApiConnection","inputs":{"host":{"apiId":"/providers/Microsoft.PowerApps/apis/shared_excelonlinebusiness","connectionName":"shared_excelonlinebusiness","operationId":"DeleteItem"},"parameters":{"source":"me","drive":"b!Hkb55U55YkWghh9LP56HjNG_MeejWPVCrzl7LHzofG0hz1GLaxrZQ5lgoC0b7GjP","file":"014GGCKUE6KCGO54AV6ZH2RJIWOGUQV53C","table":"{58F66D58-B885-4C9B-B69F-B814D7FCB008}","idColumn":"Incident Number","id":"@items('Cleanup_SR_table')?['Incident Number']"},"authentication":{"value":"@json(decodeBase64(triggerOutputs().headers['X-MS-APIM-Tokens']))['$ConnectionKey']","type":"Raw"}}}},"runAfter":{"Cleanup_INC_table":["Succeeded"]},"metadata":{"operationMetadataId":"fabeb17a-879a-4f36-a554-3b3d7fa32201"},"type":"Foreach"},"Apply_to_each":{"foreach":"@outputs('SNOW_RAPORT')?['body/value']","actions":{"Ticket_number":{"runAfter":{},"metadata":{"operationMetadataId":"8bb89697-833a-4666-8610-ac55e6ef0cc2"},"type":"SetVariable","inputs":{"name":"ticketNumber","value":"@items('Apply_to_each')?['Number']"}},"Summary":{"runAfter":{"Ticket_number":["Succeeded"]},"metadata":{"operationMetadataId":"99b1ae76-ac5f-48fa-9e53-e5645b138e1c"},"type":"SetVariable","inputs":{"name":"Summary","value":"@items('Apply_to_each')?['Short description']"}},"Status":{"runAfter":{"Offering":["Succeeded"]},"metadata":{"operationMetadataId":"537e8f7e-b6d3-4064-b3dc-247e32bb0772"},"type":"SetVariable","inputs":{"name":"Status","value":"@items('Apply_to_each')?['Incident state']"}},"Created":{"runAfter":{"Status":["Succeeded"]},"metadata":{"operationMetadataId":"9fe85fba-d22d-4e1a-9279-ad5b9f08e5db"},"type":"SetVariable","inputs":{"name":"Created","value":"@items('Apply_to_each')?['Created']"}},"CreatedBy":{"runAfter":{"Created":["Succeeded"]},"metadata":{"operationMetadataId":"5f763c77-5c41-4485-a59a-aba26919dd54"},"type":"SetVariable","inputs":{"name":"CreatedBy","value":"@items('Apply_to_each')?['Created by']"}},"Updated":{"runAfter":{"CreatedBy":["Succeeded"]},"metadata":{"operationMetadataId":"b4c6d85d-adcf-4f63-b8f4-5a2dad04b172"},"type":"SetVariable","inputs":{"name":"Updated","value":"@items('Apply_to_each')?['Updated']"}},"AssignedTo":{"runAfter":{"Updated":["Succeeded"]},"metadata":{"operationMetadataId":"4c7cbae8-b3ce-46a2-b90d-66e6d326c91b"},"type":"SetVariable","inputs":{"name":"AssignedTo","value":"@items('Apply_to_each')?['Assigned to']"}},"Condition_7":{"actions":{"WorkNotes":{"runAfter":{},"metadata":{"operationMetadataId":"1785f186-b3ce-4eae-ae68-06e97bfbe0a5"},"type":"SetVariable","inputs":{"name":"WorkNotes","value":"@items('Apply_to_each')?['Work notes']"}},"WorkStart":{"runAfter":{"WorkNotes":["Succeeded"]},"metadata":{"operationMetadataId":"ed1c4b33-8795-4482-a024-8830a84d8048"},"type":"SetVariable","inputs":{"name":"WorkStart","value":"@items('Apply_to_each')?['Work start']"}},"Set_UpdatedConv_var":{"runAfter":{"WorkStart":["Succeeded"]},"metadata":{"operationMetadataId":"14136bcf-c5bc-4dd3-b16d-81c4f7776051"},"type":"SetVariable","inputs":{"name":"UpdatedConv","value":"@{formatDateTime(addDays('1899-12-30', int(substring(string(variables('Updated')), 0, indexOf(string(variables('Updated')), '.')))), 'yyyy-MM-dd')}"}},"Set_CreatedConv_var":{"runAfter":{"Set_UpdatedConv_var":["Succeeded"]},"metadata":{"operationMetadataId":"5f763c77-5c41-4485-a59a-aba26919dd54"},"type":"SetVariable","inputs":{"name":"CreatedConv","value":"@{formatDateTime(addDays('1899-12-30', int(substring(string(variables('Created')), 0, indexOf(string(variables('Created')), '.')))), 'yyyy-MM-dd')}"}},"Set_variable_18":{"runAfter":{"Set_CreatedConv_var":["Succeeded"]},"metadata":{"operationMetadataId":"ed1c4b33-8795-4482-a024-8830a84d8048"},"type":"SetVariable","inputs":{"name":"WorkStartConv","value":"@{formatDateTime(addDays('1899-12-30', int(substring(string(variables('WorkStart')), 0, indexOf(string(variables('WorkStart')), '.')))), 'yyyy-MM-dd')}"}},"Compose_8":{"runAfter":{"Set_variable_18":["Succeeded"]},"metadata":{"operationMetadataId":"5d63647a-31d4-4c07-888a-add636647009"},"type":"Compose","inputs":"@trim(replace(replace(replace(replace(substring(variables('WorkNotes'), 21, sub(indexOf(variables('WorkNotes'), '(Work notes)'), 21)), ' ', ' '), '  ', ' '), '   ', ' '), '    ', ' '))"},"WorkNotesTechnician":{"runAfter":{"Compose_8":["Succeeded"]},"metadata":{"operationMetadataId":"e835ff45-faa9-4104-9d11-afd8dd08c239"},"type":"SetVariable","inputs":{"name":"WorkNotesTechnician","value":"@{outputs('Compose_8')}"}},"Condition_2":{"actions":{"Set_variable_7":{"runAfter":{},"metadata":{"operationMetadataId":"c7a7ea97-61a7-428a-a05d-c5d6ad1fb594"},"type":"SetVariable","inputs":{"name":"DateFromWorkNotes","value":"@{substring(variables('WorkNotes'), 0, 10)}"}},"Compose":{"runAfter":{"Set_variable_7":["Succeeded"]},"metadata":{"operationMetadataId":"e620179e-af87-403f-8bbf-060a35c1a28b"},"type":"Compose","inputs":"@replace(replace(variables('Summary'), '[', ','), ']', ',')"},"Is_P3_or_RBR":{"runAfter":{"Compose":["Succeeded"]},"metadata":{"operationMetadataId":"76da7206-47e5-4041-82e6-f0e2700795c8"},"type":"Compose","inputs":"@split(outputs('Compose'), ',')[1]"},"DaysSinceCreation":{"runAfter":{"Is_P3_or_RBR":["Succeeded"]},"metadata":{"operationMetadataId":"2467b680-b07e-4462-8341-9d03cf7f81a6"},"type":"Compose","inputs":"@dateDifference(variables('CreatedConv'), variables('CurrentDate'))"},"DaysSinceLastUpdate":{"runAfter":{"DaysSinceCreation":["Succeeded"]},"metadata":{"operationMetadataId":"28957307-f49c-4724-ac50-ac4bad5a4d4d"},"type":"Compose","inputs":"@dateDifference(variables('DateFromWorkNotes'),variables('CurrentDate'))"},"IF_P3_or_RBR_or_CRO_9-11":{"actions":{"Compose_4":{"runAfter":{},"metadata":{"operationMetadataId":"e086c1a8-1a03-4a70-bbf2-151cc267639c"},"type":"Compose","inputs":"@split(outputs('Compose'), ',')[9]"},"Set_variable_3":{"runAfter":{"Compose_4":["Succeeded"]},"metadata":{"operationMetadataId":"54b32535-37dd-4eee-ac36-0848e89be3e4"},"type":"SetVariable","inputs":{"name":"Customer","value":"@{outputs('Compose_4')}"}},"Compose_5":{"runAfter":{"Set_variable_3":["Succeeded"]},"metadata":{"operationMetadataId":"4d7d6223-c15d-4ba2-99fa-dab4d8f0e79e"},"type":"Compose","inputs":"@split(outputs('Compose'), ',')[11]"},"Set_variable_4":{"runAfter":{"Compose_5":["Succeeded"]},"metadata":{"operationMetadataId":"6fcb20be-6d25-405a-b2d5-2b21e1d8d0a3"},"type":"SetVariable","inputs":{"name":"Severity","value":"@{outputs('Compose_5')}"}}},"runAfter":{"Condition_6":["Succeeded"]},"expression":{"or":[{"and":[{"contains":["@variables('Summary')","[CRO]"]},{"equals":["@outputs('Is_P3_or_RBR')","P3"]},{"not":{"startsWith":["@variables('Summary')","[P3][CRO][RBR]"]}},{"not":{"startsWith":["@variables('Summary')","[P3][RBR][ZTO]"]}}]},{"and":[{"equals":["@outputs('Is_P3_or_RBR')","P3"]},{"contains":["@variables('Summary')","[ZTO]"]},{"not":{"startsWith":["@variables('Summary')","[P3][CRO][RBR]"]}},{"not":{"startsWith":["@variables('Summary')","[P3][RBR][ZTO]"]}}]},{"and":[{"equals":["@outputs('Is_P3_or_RBR')","CRO"]},{"contains":["@variables('Summary')","[RBR]"]},{"not":{"startsWith":["@variables('Summary')","[P3][CRO][RBR]"]}},{"not":{"startsWith":["@variables('Summary')","[P3][RBR][ZTO]"]}}]}]},"metadata":{"operationMetadataId":"e81b7e6d-6dd6-4704-b65b-00d5bc153528"},"type":"If"},"IF_[P3][EU][IT]_without_client_name_5-7":{"actions":{"Compose_6":{"runAfter":{},"metadata":{"operationMetadataId":"b63d2ec6-3f0f-4e7d-89e4-73bcd633cc3d"},"type":"Compose","inputs":"@split(outputs('Compose'), ',')[5]"},"Set_variable_5":{"runAfter":{"Compose_6":["Succeeded"]},"metadata":{"operationMetadataId":"97411dc2-d9b1-4619-939e-5eb1f49d3837"},"type":"SetVariable","inputs":{"name":"Customer","value":"@{outputs('Compose_6')}"}},"Compose_7":{"runAfter":{"Set_variable_5":["Succeeded"]},"metadata":{"operationMetadataId":"8bb7d23d-6b58-4f94-9695-3e1e92725e3a"},"type":"Compose","inputs":"@split(outputs('Compose'), ',')[7]"},"Set_variable_2":{"runAfter":{"Compose_7":["Succeeded"]},"metadata":{"operationMetadataId":"6fcb20be-6d25-405a-b2d5-2b21e1d8d0a3"},"type":"SetVariable","inputs":{"name":"Severity","value":"@{outputs('Compose_7')}"}}},"runAfter":{"Condition_6":["Succeeded"]},"expression":{"or":[{"and":[{"startsWith":["@variables('Summary')","[P3][EU][IT]"]},{"not":{"startsWith":["@variables('Summary')","[CRO][LA][BR][HONDABR]"]}}]},{"and":[{"startsWith":["@variables('Summary')","[CRO][LA]"]},{"not":{"startsWith":["@variables('Summary')","[CRO][LA][BR][HONDABR]"]}}]}]},"metadata":{"operationMetadataId":"e81b7e6d-6dd6-4704-b65b-00d5bc153528"},"type":"If"},"Condition_7-9":{"actions":{"Compose_2":{"runAfter":{},"metadata":{"operationMetadataId":"b63d2ec6-3f0f-4e7d-89e4-73bcd633cc3d"},"type":"Compose","inputs":"@split(outputs('Compose'), ',')[7]"},"Set_variable":{"runAfter":{"Compose_2":["Succeeded"]},"metadata":{"operationMetadataId":"97411dc2-d9b1-4619-939e-5eb1f49d3837"},"type":"SetVariable","inputs":{"name":"Customer","value":"@{outputs('Compose_2')}"}},"Compose_3":{"runAfter":{"Set_variable":["Succeeded"]},"metadata":{"operationMetadataId":"8bb7d23d-6b58-4f94-9695-3e1e92725e3a"},"type":"Compose","inputs":"@split(outputs('Compose'), ',')[9]"},"Set_variable_6":{"runAfter":{"Compose_3":["Succeeded"]},"metadata":{"operationMetadataId":"6fcb20be-6d25-405a-b2d5-2b21e1d8d0a3"},"type":"SetVariable","inputs":{"name":"Severity","value":"@{outputs('Compose_3')}"}}},"runAfter":{"Condition_6":["Succeeded"]},"expression":{"or":[{"and":[{"not":{"equals":["@outputs('Is_P3_or_RBR')","P3"]}},{"not":{"contains":["@variables('Summary')","[CRO]"]}},{"not":{"startsWith":["@variables('Summary')","[CV][NA][US][HONDAUS]"]}}]},{"and":[{"not":{"equals":["@outputs('Is_P3_or_RBR')","P3"]}},{"not":{"contains":["@variables('Summary')","[ZTO]"]}},{"not":{"contains":["@variables('Summary')","[CRO]"]}},{"not":{"startsWith":["@variables('Summary')","[CV][NA][US][HONDAUS]"]}}]},{"and":[{"not":{"equals":["@outputs('Is_P3_or_RBR')","CRO"]}},{"not":{"contains":["@variables('Summary')","[RBR]"]}},{"not":{"startsWith":["@variables('Summary')","[P3][EU][IT]"]}},{"not":{"startsWith":["@variables('Summary')","[P3][ZTO][EU]"]}},{"not":{"startsWith":["@variables('Summary')","[CRO][LA]"]}},{"not":{"startsWith":["@variables('Summary')","[CV][NA][US][HONDAUS]"]}}]},{"and":[{"equals":["@outputs('Is_P3_or_RBR')","CRO"]},{"not":{"contains":["@variables('Summary')","[RBR]"]}},{"not":{"startsWith":["@variables('Summary')","[P3][EU][IT]"]}},{"not":{"startsWith":["@variables('Summary')","[P3][ZTO][EU]"]}},{"not":{"startsWith":["@variables('Summary')","[CRO][LA]"]}},{"not":{"startsWith":["@variables('Summary')","[CV][NA][US][HONDAUS]"]}}]},{"and":[{"startsWith":["@variables('Summary')","[CRO][LA][BR][HONDABR]"]}]}]},"metadata":{"operationMetadataId":"e81b7e6d-6dd6-4704-b65b-00d5bc153528"},"type":"If"},"Condition_5":{"actions":{"Set_variable_24":{"runAfter":{},"metadata":{"operationMetadataId":"1cee3e2b-40b4-4c1d-8bf6-d92c1016dbe8"},"type":"SetVariable","inputs":{"name":"CreatedConvINT","value":0}}},"runAfter":{"DaysSinceLastUpdate":["Succeeded"]},"else":{"actions":{"Set_variable_22":{"runAfter":{},"metadata":{"operationMetadataId":"d3e13f74-cbfc-42cd-8e9b-f4b1745fdfa9"},"type":"SetVariable","inputs":{"name":"CreatedConvINT","value":"@int(substring(outputs('DaysSinceCreation'), 0, indexOf(outputs('DaysSinceCreation'), '.')))"}}}},"expression":{"equals":["@outputs('DaysSinceCreation')","00:00:00"]},"metadata":{"operationMetadataId":"a4a7d6b5-5e21-404e-966b-87f317fb33e6"},"type":"If"},"Condition_6":{"actions":{"Set_variable_27":{"runAfter":{},"metadata":{"operationMetadataId":"383f76f8-e2b6-43a3-bca9-134d3b1ab48e"},"type":"SetVariable","inputs":{"name":"UpdatedConvINT","value":0}}},"runAfter":{"Condition_5":["Succeeded"]},"else":{"actions":{"Set_variable_25":{"runAfter":{},"metadata":{"operationMetadataId":"310815a8-f9a3-46f5-93f0-a40557a94f5f"},"type":"SetVariable","inputs":{"name":"UpdatedConvINT","value":"@int(substring(outputs('DaysSinceLastUpdate'), 0, indexOf(outputs('DaysSinceLastUpdate'), '.')))"}}}},"expression":{"equals":["@outputs('DaysSinceLastUpdate')","00:00:00"]},"metadata":{"operationMetadataId":"a4a7d6b5-5e21-404e-966b-87f317fb33e6"},"type":"If"},"IF_[P3][CRO][RBR]_11-13":{"actions":{"Compose_16":{"runAfter":{},"metadata":{"operationMetadataId":"b63d2ec6-3f0f-4e7d-89e4-73bcd633cc3d"},"type":"Compose","inputs":"@split(outputs('Compose'), ',')[11]"},"Set_variable_8":{"runAfter":{"Compose_16":["Succeeded"]},"metadata":{"operationMetadataId":"97411dc2-d9b1-4619-939e-5eb1f49d3837"},"type":"SetVariable","inputs":{"name":"Customer","value":"@{outputs('Compose_16')}"}},"Compose_17":{"runAfter":{"Set_variable_8":["Succeeded"]},"metadata":{"operationMetadataId":"8bb7d23d-6b58-4f94-9695-3e1e92725e3a"},"type":"Compose","inputs":"@split(outputs('Compose'), ',')[13]"},"Set_variable_9":{"runAfter":{"Compose_17":["Succeeded"]},"metadata":{"operationMetadataId":"6fcb20be-6d25-405a-b2d5-2b21e1d8d0a3"},"type":"SetVariable","inputs":{"name":"Severity","value":"@{outputs('Compose_17')}"}}},"runAfter":{"Condition_6":["Succeeded"]},"expression":{"startsWith":["@variables('Summary')","[P3][CRO][RBR]"]},"metadata":{"operationMetadataId":"70cdf59e-fd00-45a0-8169-42a824b14ec8"},"type":"If"},"IF_[P3][RBR][ZTO]_11-13":{"actions":{"Compose_18":{"runAfter":{},"metadata":{"operationMetadataId":"b63d2ec6-3f0f-4e7d-89e4-73bcd633cc3d"},"type":"Compose","inputs":"@split(outputs('Compose'), ',')[11]"},"Set_variable_21":{"runAfter":{"Compose_18":["Succeeded"]},"metadata":{"operationMetadataId":"97411dc2-d9b1-4619-939e-5eb1f49d3837"},"type":"SetVariable","inputs":{"name":"Customer","value":"@{outputs('Compose_18')}"}},"Compose_19":{"runAfter":{"Set_variable_21":["Succeeded"]},"metadata":{"operationMetadataId":"8bb7d23d-6b58-4f94-9695-3e1e92725e3a"},"type":"Compose","inputs":"@split(outputs('Compose'), ',')[13]"},"Set_variable_23":{"runAfter":{"Compose_19":["Succeeded"]},"metadata":{"operationMetadataId":"6fcb20be-6d25-405a-b2d5-2b21e1d8d0a3"},"type":"SetVariable","inputs":{"name":"Severity","value":"@{outputs('Compose_19')}"}}},"runAfter":{"Condition_6":["Succeeded"]},"expression":{"startsWith":["@variables('Summary')","[P3][RBR][ZTO]"]},"metadata":{"operationMetadataId":"77e45bf8-86c2-4171-93f3-5188ddbc430c"},"type":"If"},"[CV][NA][US][HONDAUS]_7-9":{"actions":{"Compose_20":{"runAfter":{},"metadata":{"operationMetadataId":"b63d2ec6-3f0f-4e7d-89e4-73bcd633cc3d"},"type":"Compose","inputs":"@split(outputs('Compose'), ',')[7]"},"Set_variable_26":{"runAfter":{"Compose_20":["Succeeded"]},"metadata":{"operationMetadataId":"97411dc2-d9b1-4619-939e-5eb1f49d3837"},"type":"SetVariable","inputs":{"name":"Customer","value":"@{outputs('Compose_20')}"}},"Compose_21":{"runAfter":{"Set_variable_26":["Succeeded"]},"metadata":{"operationMetadataId":"8bb7d23d-6b58-4f94-9695-3e1e92725e3a"},"type":"Compose","inputs":"@split(outputs('Compose'), ',')[9]"},"Set_variable_28":{"runAfter":{"Compose_21":["Succeeded"]},"metadata":{"operationMetadataId":"6fcb20be-6d25-405a-b2d5-2b21e1d8d0a3"},"type":"SetVariable","inputs":{"name":"Severity","value":"@{outputs('Compose_21')}"}}},"runAfter":{"Condition_6":["Succeeded"]},"expression":{"or":[{"and":[{"startsWith":["@variables('Summary')","[CV][NA][US][HONDAUS]"]},{"not":{"startsWith":["@variables('Summary')","[CV][NA][US][HONDAUS][HDC]"]}}]},{"and":[{"startsWith":["@variables('Summary')","[CV][NA][US][HONDAUS]"]},{"not":{"startsWith":["@variables('Summary')","[CV][NA][US][HONDAUS][ODC]"]}}]}]},"metadata":{"operationMetadataId":"8a5762dc-ac0a-47ce-881b-6ef498c43d58"},"type":"If"},"IF_[P3][CRO][RBR]_7-9_2":{"actions":{"Compose_22":{"runAfter":{},"metadata":{"operationMetadataId":"b63d2ec6-3f0f-4e7d-89e4-73bcd633cc3d"},"type":"Compose","inputs":"@split(outputs('Compose'), ',')[7]"},"Set_variable_29":{"runAfter":{"Compose_22":["Succeeded"]},"metadata":{"operationMetadataId":"97411dc2-d9b1-4619-939e-5eb1f49d3837"},"type":"SetVariable","inputs":{"name":"Customer","value":"@{outputs('Compose_22')}"}},"Compose_23":{"runAfter":{"Set_variable_29":["Succeeded"]},"metadata":{"operationMetadataId":"8bb7d23d-6b58-4f94-9695-3e1e92725e3a"},"type":"Compose","inputs":"@split(outputs('Compose'), ',')[9]"},"Set_variable_30":{"runAfter":{"Compose_23":["Succeeded"]},"metadata":{"operationMetadataId":"6fcb20be-6d25-405a-b2d5-2b21e1d8d0a3"},"type":"SetVariable","inputs":{"name":"Severity","value":"@{outputs('Compose_23')}"}}},"runAfter":{"Condition_6":["Succeeded"]},"expression":{"equals":[1,0]},"metadata":{"operationMetadataId":"d1ee37b4-fb9c-4e60-87f6-4045f622194b"},"type":"If"},"IF_INC":{"actions":{"Add_a_row_into_a_table":{"runAfter":{},"metadata":{"014GGCKUE6KCGO54AV6ZH2RJIWOGUQV53C":"/INC/Book.xlsx","operationMetadataId":"b4bbf699-2d7a-4bd4-be83-a7a36f7de37d","tableId":"{CE96F8FC-AED7-4F85-BC44-EE50E0159F9F}"},"type":"OpenApiConnection","inputs":{"host":{"apiId":"/providers/Microsoft.PowerApps/apis/shared_excelonlinebusiness","connectionName":"shared_excelonlinebusiness","operationId":"AddRowV2"},"parameters":{"source":"me","drive":"b!Hkb55U55YkWghh9LP56HjNG_MeejWPVCrzl7LHzofG0hz1GLaxrZQ5lgoC0b7GjP","file":"014GGCKUE6KCGO54AV6ZH2RJIWOGUQV53C","table":"{CE96F8FC-AED7-4F85-BC44-EE50E0159F9F}","item/Incident Number":"@variables('ticketNumber')","item/Summary":"@variables('Summary')","item/Customer":"@variables('Customer')","item/Internal\nPriority":"@variables('Severity')","item/Status":"@variables('Status')","item/Created":"@variables('Created')","item/CreatedBy":"@variables('CreatedBy')","item/Days since creation":"@variables('CreatedConvINT')","item/Last Update (Date)":"@variables('Updated')","item/Days since last update":"@variables('UpdatedConvINT')","item/Last Update content":"@variables('WorkNotes')","item/TicketOwner":"@variables('AssignedTo')","item/Last update technician":"@variables('DateFromWorkNotes')","item/Assigned date":"@variables('WorkStartConv')","item/Offering":"@variables('Offering')"},"authentication":{"value":"@json(decodeBase64(triggerOutputs().headers['X-MS-APIM-Tokens']))['$ConnectionKey']","type":"Raw"}}}},"runAfter":{"IF_[P3][CRO][RBR]_7-9_2":["Succeeded"],"IF_[P3][RBR][ZTO]_11-13":["Succeeded"],"[CV][NA][US][HONDAUS]_7-9":["Succeeded"],"IF_[P3][CRO][RBR]_11-13":["Succeeded"],"IF_P3_or_RBR_or_CRO_9-11":["Succeeded"],"Condition_7-9":["Succeeded"],"IF_[P3][EU][IT]_without_client_name_5-7":["Succeeded"]},"expression":{"startsWith":["@variables('ticketNumber')","INC"]},"metadata":{"operationMetadataId":"b66a3df0-c387-4db6-a07b-b07e417806be"},"type":"If"},"IF_SR":{"actions":{"Add_a_row_into_a_table_2":{"runAfter":{},"metadata":{"014GGCKUE6KCGO54AV6ZH2RJIWOGUQV53C":"/INC/Book.xlsx","operationMetadataId":"b4bbf699-2d7a-4bd4-be83-a7a36f7de37d","tableId":"{58F66D58-B885-4C9B-B69F-B814D7FCB008}"},"type":"OpenApiConnection","inputs":{"host":{"apiId":"/providers/Microsoft.PowerApps/apis/shared_excelonlinebusiness","connectionName":"shared_excelonlinebusiness","operationId":"AddRowV2"},"parameters":{"source":"me","drive":"b!Hkb55U55YkWghh9LP56HjNG_MeejWPVCrzl7LHzofG0hz1GLaxrZQ5lgoC0b7GjP","file":"014GGCKUE6KCGO54AV6ZH2RJIWOGUQV53C","table":"{58F66D58-B885-4C9B-B69F-B814D7FCB008}","item/Incident Number":"@variables('ticketNumber')","item/Summary":"@variables('Summary')","item/Customer":"@variables('Customer')","item/Internal\nPriority":"@variables('Severity')","item/Status":"@variables('Status')","item/Created":"@variables('Created')","item/CreatedBy":"@variables('CreatedBy')","item/Days since creation":"@variables('CreatedConvINT')","item/Last Update (Date)":"@variables('Updated')","item/Days since last update":"@variables('UpdatedConvINT')","item/Last Update content":"@variables('WorkNotes')","item/TicketOwner":"@variables('AssignedTo')","item/Last update technician":"@variables('DateFromWorkNotes')","item/Assigned date":"@variables('WorkStartConv')","item/Offering":"@variables('Offering')"},"authentication":{"value":"@json(decodeBase64(triggerOutputs().headers['X-MS-APIM-Tokens']))['$ConnectionKey']","type":"Raw"}}}},"runAfter":{"IF_INC":["Succeeded"]},"expression":{"startsWith":["@variables('ticketNumber')","SRNA"]},"metadata":{"operationMetadataId":"2e85b688-94d3-4c73-aa25-ab94976fa3a8"},"type":"If"},"[CV][NA][US][HONDAUS]_7-11_4":{"actions":{"Compose_32":{"runAfter":{},"metadata":{"operationMetadataId":"b63d2ec6-3f0f-4e7d-89e4-73bcd633cc3d"},"type":"Compose","inputs":"@split(outputs('Compose'), ',')[7]"},"Set_variable_39":{"runAfter":{"Compose_32":["Succeeded"]},"metadata":{"operationMetadataId":"97411dc2-d9b1-4619-939e-5eb1f49d3837"},"type":"SetVariable","inputs":{"name":"Customer","value":"@{outputs('Compose_32')}"}},"Compose_33":{"runAfter":{"Set_variable_39":["Succeeded"]},"metadata":{"operationMetadataId":"8bb7d23d-6b58-4f94-9695-3e1e92725e3a"},"type":"Compose","inputs":"@split(outputs('Compose'), ',')[11]"},"Set_variable_40":{"runAfter":{"Compose_33":["Succeeded"]},"metadata":{"operationMetadataId":"6fcb20be-6d25-405a-b2d5-2b21e1d8d0a3"},"type":"SetVariable","inputs":{"name":"Severity","value":"@{outputs('Compose_33')}"}}},"runAfter":{"Condition_6":["Succeeded"]},"expression":{"or":[{"startsWith":["@variables('Summary')","[CV][NA][US][HONDAUS][HDC]"]},{"startsWith":["@variables('Summary')","[CV][NA][US][HONDAUS][ODC]"]}]},"metadata":{"operationMetadataId":"8a5762dc-ac0a-47ce-881b-6ef498c43d58"},"type":"If"}},"runAfter":{"WorkNotesTechnician":["Succeeded"]},"else":{"actions":{"Compose_9":{"runAfter":{},"metadata":{"operationMetadataId":"e620179e-af87-403f-8bbf-060a35c1a28b"},"type":"Compose","inputs":"@replace(replace(variables('Summary'), '[', ','), ']', ',')"},"Is_P3_or_RBR_2":{"runAfter":{"Compose_9":["Succeeded"]},"metadata":{"operationMetadataId":"76da7206-47e5-4041-82e6-f0e2700795c8"},"type":"Compose","inputs":"@split(outputs('Compose_9'), ',')[1]"},"DaysSinceCreation_2":{"runAfter":{"Is_P3_or_RBR_2":["Succeeded"]},"metadata":{"operationMetadataId":"2467b680-b07e-4462-8341-9d03cf7f81a6"},"type":"Compose","inputs":"@dateDifference(variables('CreatedConv'), variables('CurrentDate'))"},"DaysSinceLastUpdate_2":{"runAfter":{"DaysSinceCreation_2":["Succeeded"]},"metadata":{"operationMetadataId":"28957307-f49c-4724-ac50-ac4bad5a4d4d"},"type":"Compose","inputs":"@dateDifference(variables('WorkStartConv'), variables('CurrentDate'))"},"IF_P3_or_RBR_or_CRO_9-11_2":{"actions":{"Compose_10":{"runAfter":{},"metadata":{"operationMetadataId":"e086c1a8-1a03-4a70-bbf2-151cc267639c"},"type":"Compose","inputs":"@split(outputs('Compose_9'), ',')[9]"},"Set_variable_12":{"runAfter":{"Compose_10":["Succeeded"]},"metadata":{"operationMetadataId":"54b32535-37dd-4eee-ac36-0848e89be3e4"},"type":"SetVariable","inputs":{"name":"Customer","value":"@{outputs('Compose_10')}"}},"Compose_11":{"runAfter":{"Set_variable_12":["Succeeded"]},"metadata":{"operationMetadataId":"4d7d6223-c15d-4ba2-99fa-dab4d8f0e79e"},"type":"Compose","inputs":"@split(outputs('Compose_9'), ',')[11]"},"Set_variable_13":{"runAfter":{"Compose_11":["Succeeded"]},"metadata":{"operationMetadataId":"6fcb20be-6d25-405a-b2d5-2b21e1d8d0a3"},"type":"SetVariable","inputs":{"name":"Severity","value":"@{outputs('Compose_11')}"}}},"runAfter":{"Condition_4":["Succeeded"]},"expression":{"or":[{"and":[{"contains":["@variables('Summary')","[CRO]"]},{"equals":["@outputs('Is_P3_or_RBR_2')","P3"]},{"not":{"startsWith":["@variables('Summary')","[P3][CRO][RBR]"]}},{"not":{"startsWith":["@variables('Summary')","[P3][RBR][ZTO]"]}}]},{"and":[{"equals":["@outputs('Is_P3_or_RBR_2')","P3"]},{"contains":["@variables('Summary')","[ZTO]"]},{"not":{"startsWith":["@variables('Summary')","[P3][CRO][RBR]"]}},{"not":{"startsWith":["@variables('Summary')","[P3][RBR][ZTO]"]}}]},{"and":[{"equals":["@outputs('Is_P3_or_RBR_2')","CRO"]},{"contains":["@variables('Summary')","[RBR]"]},{"not":{"startsWith":["@variables('Summary')","[P3][CRO][RBR]"]}},{"not":{"startsWith":["@variables('Summary')","[P3][RBR][ZTO]"]}}]}]},"metadata":{"operationMetadataId":"e81b7e6d-6dd6-4704-b65b-00d5bc153528"},"type":"If"},"IF_[P3][EU][IT]_without_client_name_5-7_2":{"actions":{"Compose_12":{"runAfter":{},"metadata":{"operationMetadataId":"b63d2ec6-3f0f-4e7d-89e4-73bcd633cc3d"},"type":"Compose","inputs":"@split(outputs('Compose_9'), ',')[5]"},"Set_variable_14":{"runAfter":{"Compose_12":["Succeeded"]},"metadata":{"operationMetadataId":"97411dc2-d9b1-4619-939e-5eb1f49d3837"},"type":"SetVariable","inputs":{"name":"Customer","value":"@{outputs('Compose_12')}"}},"Compose_13":{"runAfter":{"Set_variable_14":["Succeeded"]},"metadata":{"operationMetadataId":"8bb7d23d-6b58-4f94-9695-3e1e92725e3a"},"type":"Compose","inputs":"@split(outputs('Compose_9'), ',')[7]"},"Set_variable_15":{"runAfter":{"Compose_13":["Succeeded"]},"metadata":{"operationMetadataId":"6fcb20be-6d25-405a-b2d5-2b21e1d8d0a3"},"type":"SetVariable","inputs":{"name":"Severity","value":"@{outputs('Compose_13')}"}}},"runAfter":{"Condition_4":["Succeeded"]},"expression":{"or":[{"and":[{"startsWith":["@variables('Summary')","[P3][EU][IT]"]},{"not":{"startsWith":["@variables('Summary')","[CRO][LA][BR][HONDABR]"]}}]},{"and":[{"startsWith":["@variables('Summary')","[CRO][LA]"]},{"not":{"startsWith":["@variables('Summary')","[CRO][LA][BR][HONDABR]"]}}]}]},"metadata":{"operationMetadataId":"e81b7e6d-6dd6-4704-b65b-00d5bc153528"},"type":"If"},"Condition_7-9_3":{"actions":{"Compose_14":{"runAfter":{},"metadata":{"operationMetadataId":"b63d2ec6-3f0f-4e7d-89e4-73bcd633cc3d"},"type":"Compose","inputs":"@split(outputs('Compose_9'), ',')[7]"},"Set_variable_16":{"runAfter":{"Compose_14":["Succeeded"]},"metadata":{"operationMetadataId":"97411dc2-d9b1-4619-939e-5eb1f49d3837"},"type":"SetVariable","inputs":{"name":"Customer","value":"@{outputs('Compose_14')}"}},"Compose_15":{"runAfter":{"Set_variable_16":["Succeeded"]},"metadata":{"operationMetadataId":"8bb7d23d-6b58-4f94-9695-3e1e92725e3a"},"type":"Compose","inputs":"@split(outputs('Compose_9'), ',')[9]"},"Set_variable_17":{"runAfter":{"Compose_15":["Succeeded"]},"metadata":{"operationMetadataId":"6fcb20be-6d25-405a-b2d5-2b21e1d8d0a3"},"type":"SetVariable","inputs":{"name":"Severity","value":"@{outputs('Compose_15')}"}}},"runAfter":{"Condition_4":["Succeeded"]},"expression":{"or":[{"and":[{"not":{"equals":["@outputs('Is_P3_or_RBR_2')","P3"]}},{"not":{"contains":["@variables('Summary')","[CRO]"]}},{"not":{"startsWith":["@variables('Summary')","[CV][NA][US][HONDAUS]"]}}]},{"and":[{"not":{"equals":["@outputs('Is_P3_or_RBR_2')","P3"]}},{"not":{"contains":["@variables('Summary')","[ZTO]"]}},{"not":{"contains":["@variables('Summary')","[CRO]"]}},{"not":{"startsWith":["@variables('Summary')","[CV][NA][US][HONDAUS]"]}}]},{"and":[{"not":{"equals":["@outputs('Is_P3_or_RBR_2')","CRO"]}},{"not":{"contains":["@variables('Summary')","[RBR]"]}},{"not":{"startsWith":["@variables('Summary')","[P3][EU][IT]"]}},{"not":{"startsWith":["@variables('Summary')","[P3][ZTO][EU]"]}},{"not":{"startsWith":["@variables('Summary')","[CRO][LA]"]}},{"not":{"startsWith":["@variables('Summary')","[CV][NA][US][HONDAUS]"]}}]},{"and":[{"equals":["@outputs('Is_P3_or_RBR_2')","CRO"]},{"not":{"contains":["@variables('Summary')","[RBR]"]}},{"not":{"startsWith":["@variables('Summary')","[P3][EU][IT]"]}},{"not":{"startsWith":["@variables('Summary')","[P3][ZTO][EU]"]}},{"not":{"startsWith":["@variables('Summary')","[CRO][LA]"]}},{"not":{"startsWith":["@variables('Summary')","[CV][NA][US][HONDAUS]"]}}]},{"and":[{"startsWith":["@variables('Summary')","[CRO][LA][BR][HONDABR]"]}]}]},"metadata":{"operationMetadataId":"e81b7e6d-6dd6-4704-b65b-00d5bc153528"},"type":"If"},"Condition_4":{"actions":{"Set_variable_19":{"runAfter":{},"metadata":{"operationMetadataId":"383f76f8-e2b6-43a3-bca9-134d3b1ab48e"},"type":"SetVariable","inputs":{"name":"UpdatedConvINT","value":0}},"Set_variable_20":{"runAfter":{"Set_variable_19":["Succeeded"]},"metadata":{"operationMetadataId":"1cee3e2b-40b4-4c1d-8bf6-d92c1016dbe8"},"type":"SetVariable","inputs":{"name":"CreatedConvINT","value":0}}},"runAfter":{"DaysSinceLastUpdate_2":["Succeeded"]},"else":{"actions":{"Set_variable_10":{"runAfter":{},"metadata":{"operationMetadataId":"310815a8-f9a3-46f5-93f0-a40557a94f5f"},"type":"SetVariable","inputs":{"name":"UpdatedConvINT","value":"@int(substring(outputs('DaysSinceLastUpdate_2'), 0, indexOf(outputs('DaysSinceLastUpdate_2'), '.')))"}},"Set_variable_11":{"runAfter":{"Set_variable_10":["Succeeded"]},"metadata":{"operationMetadataId":"d3e13f74-cbfc-42cd-8e9b-f4b1745fdfa9"},"type":"SetVariable","inputs":{"name":"CreatedConvINT","value":"@int(substring(outputs('DaysSinceCreation_2'), 0, indexOf(outputs('DaysSinceCreation_2'), '.')))"}}}},"expression":{"and":[{"equals":["@outputs('DaysSinceCreation_2')","00:00:00"]},{"equals":["@outputs('DaysSinceLastUpdate_2')","00:00:00"]}]},"metadata":{"operationMetadataId":"a4a7d6b5-5e21-404e-966b-87f317fb33e6"},"type":"If"},"[CV][NA][US][HONDAUS]_7-9_2":{"actions":{"Compose_24":{"runAfter":{},"metadata":{"operationMetadataId":"b63d2ec6-3f0f-4e7d-89e4-73bcd633cc3d"},"type":"Compose","inputs":"@split(outputs('Compose_9'), ',')[7]"},"Set_variable_31":{"runAfter":{"Compose_24":["Succeeded"]},"metadata":{"operationMetadataId":"97411dc2-d9b1-4619-939e-5eb1f49d3837"},"type":"SetVariable","inputs":{"name":"Customer","value":"@{outputs('Compose_24')}"}},"Compose_25":{"runAfter":{"Set_variable_31":["Succeeded"]},"metadata":{"operationMetadataId":"8bb7d23d-6b58-4f94-9695-3e1e92725e3a"},"type":"Compose","inputs":"@split(outputs('Compose_9'), ',')[9]"},"Set_variable_32":{"runAfter":{"Compose_25":["Succeeded"]},"metadata":{"operationMetadataId":"6fcb20be-6d25-405a-b2d5-2b21e1d8d0a3"},"type":"SetVariable","inputs":{"name":"Severity","value":"@{outputs('Compose_25')}"}}},"runAfter":{"Condition_4":["Succeeded"]},"expression":{"or":[{"and":[{"startsWith":["@variables('Summary')","[CV][NA][US][HONDAUS]"]},{"not":{"startsWith":["@variables('Summary')","[CV][NA][US][HONDAUS][ODC]"]}}]},{"and":[{"startsWith":["@variables('Summary')","[CV][NA][US][HONDAUS]"]},{"not":{"startsWith":["@variables('Summary')","[CV][NA][US][HONDAUS][HDC]"]}}]}]},"metadata":{"operationMetadataId":"8a5762dc-ac0a-47ce-881b-6ef498c43d58"},"type":"If"},"IF_[P3][CRO][RBR]_11-13_3":{"actions":{"Compose_26":{"runAfter":{},"metadata":{"operationMetadataId":"b63d2ec6-3f0f-4e7d-89e4-73bcd633cc3d"},"type":"Compose","inputs":"@split(outputs('Compose_9'), ',')[11]"},"Set_variable_33":{"runAfter":{"Compose_26":["Succeeded"]},"metadata":{"operationMetadataId":"97411dc2-d9b1-4619-939e-5eb1f49d3837"},"type":"SetVariable","inputs":{"name":"Customer","value":"@{outputs('Compose_26')}"}},"Compose_27":{"runAfter":{"Set_variable_33":["Succeeded"]},"metadata":{"operationMetadataId":"8bb7d23d-6b58-4f94-9695-3e1e92725e3a"},"type":"Compose","inputs":"@split(outputs('Compose_9'), ',')[13]"},"Set_variable_34":{"runAfter":{"Compose_27":["Succeeded"]},"metadata":{"operationMetadataId":"6fcb20be-6d25-405a-b2d5-2b21e1d8d0a3"},"type":"SetVariable","inputs":{"name":"Severity","value":"@{outputs('Compose_27')}"}}},"runAfter":{"Condition_4":["Succeeded"]},"expression":{"startsWith":["@variables('Summary')","[P3][CRO][RBR]"]},"metadata":{"operationMetadataId":"70cdf59e-fd00-45a0-8169-42a824b14ec8"},"type":"If"},"IF_[P3][RBR][ZTO]_11-13_2":{"actions":{"Compose_28":{"runAfter":{},"metadata":{"operationMetadataId":"b63d2ec6-3f0f-4e7d-89e4-73bcd633cc3d"},"type":"Compose","inputs":"@split(outputs('Compose_9'), ',')[11]"},"Set_variable_35":{"runAfter":{"Compose_28":["Succeeded"]},"metadata":{"operationMetadataId":"97411dc2-d9b1-4619-939e-5eb1f49d3837"},"type":"SetVariable","inputs":{"name":"Customer","value":"@{outputs('Compose_28')}"}},"Compose_29":{"runAfter":{"Set_variable_35":["Succeeded"]},"metadata":{"operationMetadataId":"8bb7d23d-6b58-4f94-9695-3e1e92725e3a"},"type":"Compose","inputs":"@split(outputs('Compose_9'), ',')[13]"},"Set_variable_36":{"runAfter":{"Compose_29":["Succeeded"]},"metadata":{"operationMetadataId":"6fcb20be-6d25-405a-b2d5-2b21e1d8d0a3"},"type":"SetVariable","inputs":{"name":"Severity","value":"@{outputs('Compose_29')}"}}},"runAfter":{"Condition_4":["Succeeded"]},"expression":{"startsWith":["@variables('Summary')","[P3][RBR][ZTO]"]},"metadata":{"operationMetadataId":"77e45bf8-86c2-4171-93f3-5188ddbc430c"},"type":"If"},"[CV][NA][US][HONDAUS]_7-11_3":{"actions":{"Compose_30":{"runAfter":{},"metadata":{"operationMetadataId":"b63d2ec6-3f0f-4e7d-89e4-73bcd633cc3d"},"type":"Compose","inputs":"@split(outputs('Compose_9'), ',')[7]"},"Set_variable_37":{"runAfter":{"Compose_30":["Succeeded"]},"metadata":{"operationMetadataId":"97411dc2-d9b1-4619-939e-5eb1f49d3837"},"type":"SetVariable","inputs":{"name":"Customer","value":"@{outputs('Compose_30')}"}},"Compose_31":{"runAfter":{"Set_variable_37":["Succeeded"]},"metadata":{"operationMetadataId":"8bb7d23d-6b58-4f94-9695-3e1e92725e3a"},"type":"Compose","inputs":"@split(outputs('Compose_9'), ',')[11]"},"Set_variable_38":{"runAfter":{"Compose_31":["Succeeded"]},"metadata":{"operationMetadataId":"6fcb20be-6d25-405a-b2d5-2b21e1d8d0a3"},"type":"SetVariable","inputs":{"name":"Severity","value":"@{outputs('Compose_31')}"}}},"runAfter":{"Condition_4":["Succeeded"]},"expression":{"or":[{"startsWith":["@variables('Summary')","[CV][NA][US][HONDAUS][ODC]"]},{"startsWith":["@variables('Summary')","[CV][NA][US][HONDAUS][HDC]"]}]},"metadata":{"operationMetadataId":"8a5762dc-ac0a-47ce-881b-6ef498c43d58"},"type":"If"},"IF_INC_2":{"actions":{"Add_a_row_into_a_table_3":{"runAfter":{},"metadata":{"014GGCKUE6KCGO54AV6ZH2RJIWOGUQV53C":"/INC/Book.xlsx","operationMetadataId":"b4bbf699-2d7a-4bd4-be83-a7a36f7de37d","tableId":"{CE96F8FC-AED7-4F85-BC44-EE50E0159F9F}"},"type":"OpenApiConnection","inputs":{"host":{"apiId":"/providers/Microsoft.PowerApps/apis/shared_excelonlinebusiness","connectionName":"shared_excelonlinebusiness","operationId":"AddRowV2"},"parameters":{"source":"me","drive":"b!Hkb55U55YkWghh9LP56HjNG_MeejWPVCrzl7LHzofG0hz1GLaxrZQ5lgoC0b7GjP","file":"014GGCKUE6KCGO54AV6ZH2RJIWOGUQV53C","table":"{CE96F8FC-AED7-4F85-BC44-EE50E0159F9F}","item/Incident Number":"@variables('ticketNumber')","item/Summary":"@variables('Summary')","item/Customer":"@variables('Customer')","item/Internal\nPriority":"@variables('Severity')","item/Status":"@variables('Status')","item/Created":"@variables('Created')","item/CreatedBy":"@variables('CreatedBy')","item/Days since creation":"@variables('CreatedConvINT')","item/Last Update (Date)":"@variables('Updated')","item/Days since last update":"@variables('UpdatedConvINT')","item/Last Update content":"@variables('WorkNotes')","item/TicketOwner":"@variables('AssignedTo')","item/Last update technician":"@variables('WorkStartConv')","item/Assigned date":"@variables('WorkStartConv')","item/Offering":"@variables('Offering')"},"authentication":{"value":"@json(decodeBase64(triggerOutputs().headers['X-MS-APIM-Tokens']))['$ConnectionKey']","type":"Raw"}}}},"runAfter":{"[CV][NA][US][HONDAUS]_7-11_3":["Succeeded"],"IF_[P3][RBR][ZTO]_11-13_2":["Succeeded"],"IF_[P3][CRO][RBR]_11-13_3":["Succeeded"],"[CV][NA][US][HONDAUS]_7-9_2":["Succeeded"],"IF_P3_or_RBR_or_CRO_9-11_2":["Succeeded"],"IF_[P3][EU][IT]_without_client_name_5-7_2":["Succeeded"],"Condition_7-9_3":["Succeeded"]},"expression":{"startsWith":["@variables('ticketNumber')","INC"]},"metadata":{"operationMetadataId":"b66a3df0-c387-4db6-a07b-b07e417806be"},"type":"If"},"IF_SR_2":{"actions":{"Add_a_row_into_a_table_4":{"runAfter":{},"metadata":{"014GGCKUE6KCGO54AV6ZH2RJIWOGUQV53C":"/INC/Book.xlsx","operationMetadataId":"b4bbf699-2d7a-4bd4-be83-a7a36f7de37d","tableId":"{58F66D58-B885-4C9B-B69F-B814D7FCB008}"},"type":"OpenApiConnection","inputs":{"host":{"apiId":"/providers/Microsoft.PowerApps/apis/shared_excelonlinebusiness","connectionName":"shared_excelonlinebusiness","operationId":"AddRowV2"},"parameters":{"source":"me","drive":"b!Hkb55U55YkWghh9LP56HjNG_MeejWPVCrzl7LHzofG0hz1GLaxrZQ5lgoC0b7GjP","file":"014GGCKUE6KCGO54AV6ZH2RJIWOGUQV53C","table":"{58F66D58-B885-4C9B-B69F-B814D7FCB008}","item/Incident Number":"@variables('ticketNumber')","item/Summary":"@variables('Summary')","item/Customer":"@variables('Customer')","item/Internal\nPriority":"@variables('Severity')","item/Status":"@variables('Status')","item/Created":"@variables('Created')","item/CreatedBy":"@variables('CreatedBy')","item/Days since creation":"@variables('CreatedConvINT')","item/Last Update (Date)":"@variables('Updated')","item/Days since last update":"@variables('UpdatedConvINT')","item/Last Update content":"@variables('WorkNotes')","item/TicketOwner":"@variables('AssignedTo')","item/Last update technician":"@variables('WorkStartConv')","item/Assigned date":"@variables('WorkStartConv')","item/Offering":"@variables('Offering')"},"authentication":{"value":"@json(decodeBase64(triggerOutputs().headers['X-MS-APIM-Tokens']))['$ConnectionKey']","type":"Raw"}}}},"runAfter":{"IF_INC_2":["Succeeded"]},"expression":{"startsWith":["@variables('ticketNumber')","SRNA"]},"metadata":{"operationMetadataId":"2e85b688-94d3-4c73-aa25-ab94976fa3a8"},"type":"If"}}},"expression":{"contains":["@variables('TechnicianBotConfig')","@variables('WorkNotesTechnician')"]},"metadata":{"operationMetadataId":"280359e8-ab7a-40e8-a3f6-504a6ddfdb2e"},"type":"If"}},"runAfter":{"AssignedTo":["Succeeded"]},"expression":{"not":{"equals":["@length(variables('AssignedTo'))",0]}},"metadata":{"operationMetadataId":"c9b9ec48-dead-4d4a-8b23-02f9033cdb0b"},"type":"If"},"Offering":{"runAfter":{"Summary":["Succeeded"]},"metadata":{"operationMetadataId":"24b804dc-ad29-4444-97d8-09bea2eb84e6"},"type":"SetVariable","inputs":{"name":"Offering","value":"@items('Apply_to_each')?['Service offering']"}}},"runAfter":{"Create_technician_name_array":["Succeeded"]},"metadata":{"operationMetadataId":"4050a909-6573-4a8c-8194-dd449997848f"},"type":"Foreach"},"Initialize_variable_23":{"runAfter":{"Initialize_variable_22":["Succeeded"]},"metadata":{"operationMetadataId":"264630e2-5cf2-4393-bac7-b8964d55e04b"},"type":"InitializeVariable","inputs":{"variables":[{"name":"Offering","type":"string"}]}}}},"connectionReferences":{"shared_excelonlinebusiness":{"connectionName":"shared-excelonlinebu-25fbd3ba-414e-4a72-b79b-cd4ad3d41994","source":"Invoker","id":"/providers/Microsoft.PowerApps/apis/shared_excelonlinebusiness","tier":"NotSpecified"}},"flowFailureAlertSubscribed":false,"isManaged":false}}