{"name":"4184b2b2-0cb0-4194-9462-f5ce82650587","id":"/providers/Microsoft.Flow/flows/4184b2b2-0cb0-4194-9462-f5ce82650587","type":"Microsoft.Flow/flows","properties":{"apiId":"/providers/Microsoft.PowerApps/apis/shared_logicflows","displayName":"Access bot 2.0 - learning env","definition":{"metadata":{"workflowEntityId":null,"processAdvisorMetadata":null,"flowChargedByPaygo":null,"flowclientsuspensionreason":"None","flowclientsuspensiontime":null,"flowclientsuspensionreasondetails":null,"creator":{"id":"e4a4d628-d3bc-4a24-b1e7-5e275bf2ccf4","type":"User","tenantId":"f260df36-bc43-424c-8f44-c85226657b01"},"provisioningMethod":"FromDefinition","failureAlertSubscription":true,"clientLastModifiedTime":"2024-09-04T07:18:39.1385283Z","connectionKeySavedTimeKey":"2024-09-04T07:18:39.1385283Z"},"$schema":"https://schema.management.azure.com/providers/Microsoft.Logic/schemas/2016-06-01/workflowdefinition.json#","contentVersion":"1.0.0.0","parameters":{"$connections":{"defaultValue":{},"type":"Object"},"$authentication":{"defaultValue":{},"type":"SecureObject"}},"triggers":{"Recurrence":{"recurrence":{"frequency":"Day","interval":1,"startTime":"2024-07-22T22:15:00.000Z"},"metadata":{"operationMetadataId":"43620d8d-f6bf-4aad-a605-15ed52df8983"},"type":"Recurrence"}},"actions":{"List_Access_Generals_table":{"runAfter":{"Initialize_variable":["Succeeded"]},"metadata":{"operationMetadataId":"1fcf61ae-df06-4de5-ae78-106a11778303"},"type":"OpenApiConnection","inputs":{"host":{"apiId":"/providers/Microsoft.PowerApps/apis/shared_commondataserviceforapps","connectionName":"shared_commondataserviceforapps","operationId":"ListRecords"},"parameters":{"entityName":"cr536_access_generals"},"authentication":"@parameters('$authentication')"}},"Initialize_GeneralID_variable":{"runAfter":{"Set_variable_29":["Succeeded"]},"metadata":{"operationMetadataId":"271b4fb2-b46b-4fe7-8493-f02b3e580217"},"type":"InitializeVariable","inputs":{"variables":[{"name":"GeneralID","type":"string"}]}},"Apply_to_each":{"foreach":"@outputs('List_Access_Generals_table')?['body/value']","actions":{"Set_GeneralID_variable":{"runAfter":{},"metadata":{"operationMetadataId":"9d1cc29d-6101-4718-99b5-1ff8f6e40b2e"},"type":"SetVariable","inputs":{"name":"GeneralID","value":"@items('Apply_to_each')?['cr536_generalid']"}},"Update_a_days_left_row":{"runAfter":{"Set_variable_5":["Succeeded"]},"metadata":{"operationMetadataId":"4c19de50-08b0-4a86-b201-5fff3f33072b"},"type":"OpenApiConnection","inputs":{"host":{"apiId":"/providers/Microsoft.PowerApps/apis/shared_commondataserviceforapps","connectionName":"shared_commondataserviceforapps","operationId":"UpdateRecord"},"parameters":{"entityName":"cr536_access_generals","recordId":"@items('Apply_to_each')?['cr536_access_generalid']","item/cr536_days_left":"@sub(variables('days_left'),1)","item/cr536_generalid":"@variables('GeneralID')"},"authentication":"@parameters('$authentication')"}},"Set_days_left_variable":{"runAfter":{"Set_GeneralID_variable":["Succeeded"]},"metadata":{"operationMetadataId":"573a609a-b3e1-4e46-b130-9e3228da10db"},"type":"SetVariable","inputs":{"name":"days_left","value":"@items('Apply_to_each')?['cr536_days_left']"}},"If_days_left_le_7":{"actions":{"List_rows":{"runAfter":{},"metadata":{"operationMetadataId":"1c10076b-57d7-4b5d-aefa-96f30b765246"},"type":"OpenApiConnection","inputs":{"host":{"apiId":"/providers/Microsoft.PowerApps/apis/shared_commondataserviceforapps","connectionName":"shared_commondataserviceforapps","operationId":"ListRecords"},"parameters":{"entityName":"cr536_access_technicianses","$select":"cr536_technicianid, cr536_email, cr536_email_notification, cr536_teams_notification","$filter":"cr536_technicianid eq '@{variables('TechnicianID')}'"},"authentication":"@parameters('$authentication')"}},"Set_variable":{"runAfter":{"Set_days_left_variable_2":["Succeeded"]},"metadata":{"operationMetadataId":"2e20d80f-6dc6-46de-9119-2e4ffde7b6a0"},"type":"SetVariable","inputs":{"name":"technicians_array","value":"@outputs('List_rows')?['body/value']"}},"Set_variable_2":{"runAfter":{"Set_variable_8":["Succeeded"]},"metadata":{"operationMetadataId":"90a73c77-9749-46b9-abef-a035c5d7cc22"},"type":"SetVariable","inputs":{"name":"teams_notification","value":"@first(variables('technicians_array'))['cr536_teams_notification']"}},"Set_variable_4":{"runAfter":{"Set_variable_2":["Succeeded"]},"metadata":{"operationMetadataId":"5ce5e5a3-75ab-44d5-9416-d1aa1c912872"},"type":"SetVariable","inputs":{"name":"technician_email","value":"@{first(variables('technicians_array'))['cr536_email']}"}},"Set_variable_3":{"runAfter":{"Set_variable_4":["Succeeded"]},"metadata":{"operationMetadataId":"92ae35d7-6d9f-4ffe-a899-f9b99c80a354"},"type":"SetVariable","inputs":{"name":"email_notification","value":"@first(variables('technicians_array'))['cr536_email_notification']"}},"Teams_notification":{"actions":{"Post_message_in_a_chat_or_channel":{"runAfter":{},"metadata":{"operationMetadataId":"915ab7c9-c1e9-4014-b12c-eabf493e03d6"},"type":"OpenApiConnection","inputs":{"host":{"apiId":"/providers/Microsoft.PowerApps/apis/shared_teams","connectionName":"shared_teams","operationId":"PostMessageToConversation"},"parameters":{"poster":"Flow bot","location":"Chat with Flow bot","body/recipient":"@variables('technician_email')","body/messageBody":"<p>📢 Important Password Expiration Notification<br>\n<br>\nDear Technician,<br>\n<br>\nWe would like to inform you that the password for <b>[@{variables('OfferingName')}][@{variables('CustomerName')}] </b> is approaching expiration.<br>\n<br>\n📆 Time Remaining: <b>@{variables('days_left')}</b> days<br>\n<br>\n💼 Customer: <b>@{variables('CustomerName')}</b><br>\n<br>\n🛠️ Offering:<b> @{variables('OfferingName')}</b><br>\n<br>\nPlease take the necessary steps to update the password as soon as possible to ensure continuous service for the client.<br>\n<br>\nThank you for your dedication!</p>"},"authentication":"@parameters('$authentication')"}}},"runAfter":{"Set_variable_10":["Succeeded"]},"expression":{"equals":["@variables('teams_notification')",true]},"metadata":{"operationMetadataId":"9dff29d0-1d99-4e02-9561-9cbc70126d55"},"type":"If"},"Email_notification":{"actions":{"Send_an_email_(V2)":{"runAfter":{},"metadata":{"operationMetadataId":"97a425ad-3539-4244-9a86-e93a78be9106"},"type":"OpenApiConnection","inputs":{"host":{"apiId":"/providers/Microsoft.PowerApps/apis/shared_office365","connectionName":"shared_office365","operationId":"SendEmailV2"},"parameters":{"emailMessage/To":"@variables('technician_email')","emailMessage/Subject":"[Automatic reply] Password for [@{variables('OfferingName')}][@{variables('CustomerName')}] will expire soon!","emailMessage/Body":"<p>📢 Important Password Expiration Notification<br>\n<br>\nDear Technician,<br>\n<br>\nWe would like to inform you that the password for <b>[@{variables('OfferingName')}][@{variables('CustomerName')}] </b> is approaching expiration.<br>\n<br>\n📆 Time Remaining: <b>@{variables('days_left')}</b> days<br>\n<br>\n💼 Customer: <b>@{variables('CustomerName')}</b><br>\n<br>\n🛠️ Offering:<b> @{variables('OfferingName')}</b><br>\n<br>\nPlease take the necessary steps to update the password as soon as possible to ensure continuous service for the client.<br>\n<br>\nThank you for your dedication!</p>","emailMessage/Importance":"Normal"},"authentication":"@parameters('$authentication')"}}},"runAfter":{"Set_variable_10":["Succeeded"]},"expression":{"equals":["@variables('email_notification')",true]},"metadata":{"operationMetadataId":"b092a9df-7f2d-4214-a31b-3c664ae8f427"},"type":"If"},"List_rows_2":{"runAfter":{"List_rows":["Succeeded"]},"metadata":{"operationMetadataId":"4335030c-ac23-486f-9cce-0a8f26a7b85c"},"type":"OpenApiConnection","inputs":{"host":{"apiId":"/providers/Microsoft.PowerApps/apis/shared_commondataserviceforapps","connectionName":"shared_commondataserviceforapps","operationId":"ListRecords"},"parameters":{"entityName":"cr536_access_customers","$select":"cr536_customerid, cr536_name, cr536_offeringid","$filter":"cr536_customerid eq '@{variables('CustomerID')}'"},"authentication":"@parameters('$authentication')"}},"Set_variable_6":{"runAfter":{"Set_variable":["Succeeded"]},"metadata":{"operationMetadataId":"63f7b43a-8a2d-4a69-b610-41288f2d3a90"},"type":"SetVariable","inputs":{"name":"customers_array","value":"@outputs('List_rows_2')?['body/value']"}},"Set_variable_7":{"runAfter":{"Set_variable_6":["Succeeded"]},"metadata":{"operationMetadataId":"db6a5547-f2c1-4325-b6a7-6c718f13ba67"},"type":"SetVariable","inputs":{"name":"CustomerName","value":"@{first(variables('customers_array'))['cr536_name']}"}},"Set_variable_8":{"runAfter":{"Set_variable_7":["Succeeded"]},"metadata":{"operationMetadataId":"4bb62e78-1498-465a-af8d-5faed053ff18"},"type":"SetVariable","inputs":{"name":"OfferingID","value":"@first(variables('customers_array'))['cr536_offeringid']"}},"List_rows_3":{"runAfter":{"Set_variable_3":["Succeeded"]},"metadata":{"operationMetadataId":"a120da60-ae94-4a8c-afa9-1f989109a7ba"},"type":"OpenApiConnection","inputs":{"host":{"apiId":"/providers/Microsoft.PowerApps/apis/shared_commondataserviceforapps","connectionName":"shared_commondataserviceforapps","operationId":"ListRecords"},"parameters":{"entityName":"cr536_access_offeringses","$select":"cr536_offeringid, cr536_name","$filter":"cr536_offeringid eq '@{variables('OfferingID')}'"},"authentication":"@parameters('$authentication')"}},"Set_variable_9":{"runAfter":{"List_rows_3":["Succeeded"]},"metadata":{"operationMetadataId":"b976a746-0940-4360-9ec0-a047b6c6656f"},"type":"SetVariable","inputs":{"name":"offerings_array","value":"@outputs('List_rows_3')?['body/value']"}},"Set_variable_10":{"runAfter":{"Set_variable_9":["Succeeded"]},"metadata":{"operationMetadataId":"07fa5cb6-1add-47b6-9c86-beed4c9ba81f"},"type":"SetVariable","inputs":{"name":"OfferingName","value":"@{first(variables('offerings_array'))['cr536_name']}"}},"Set_days_left_variable_2":{"runAfter":{"List_rows_2":["Succeeded"]},"metadata":{"operationMetadataId":"d3533f6c-1029-4313-bc57-d4c7f3715f13"},"type":"SetVariable","inputs":{"name":"days_left","value":"@outputs('Update_a_days_left_row')?['body/cr536_days_left']"}}},"runAfter":{"Set_days_left_variable_5":["Succeeded"]},"expression":{"and":[{"lessOrEquals":["@variables('days_left')",7]},{"greaterOrEquals":["@variables('days_left')",1]}]},"metadata":{"operationMetadataId":"9e52a3f5-f735-4180-943e-2579867fe03f"},"type":"If"},"Set_TechnicianID_variable":{"runAfter":{"Set_days_left_variable":["Succeeded"]},"metadata":{"operationMetadataId":"bd0b2c63-46cd-4c5f-b757-d707fd138d59"},"type":"SetVariable","inputs":{"name":"TechnicianID","value":"@items('Apply_to_each')?['cr536_technicianid']"}},"Set_variable_5":{"runAfter":{"Set_TechnicianID_variable":["Succeeded"]},"metadata":{"operationMetadataId":"741f8c1b-62d8-4261-a2f6-ae186bf5e7ea"},"type":"SetVariable","inputs":{"name":"CustomerID","value":"@items('Apply_to_each')?['cr536_customerid']"}},"If_days_left_eq_today":{"actions":{"List_rows_4":{"runAfter":{},"metadata":{"operationMetadataId":"1c10076b-57d7-4b5d-aefa-96f30b765246"},"type":"OpenApiConnection","inputs":{"host":{"apiId":"/providers/Microsoft.PowerApps/apis/shared_commondataserviceforapps","connectionName":"shared_commondataserviceforapps","operationId":"ListRecords"},"parameters":{"entityName":"cr536_access_technicianses","$select":"cr536_technicianid, cr536_email, cr536_email_notification, cr536_teams_notification","$filter":"cr536_technicianid eq '@{variables('TechnicianID')}'"},"authentication":"@parameters('$authentication')"}},"Set_variable_11":{"runAfter":{"Set_days_left_variable_3":["Succeeded"]},"metadata":{"operationMetadataId":"2e20d80f-6dc6-46de-9119-2e4ffde7b6a0"},"type":"SetVariable","inputs":{"name":"technicians_array","value":"@outputs('List_rows_4')?['body/value']"}},"Set_variable_12":{"runAfter":{"Set_variable_17":["Succeeded"]},"metadata":{"operationMetadataId":"90a73c77-9749-46b9-abef-a035c5d7cc22"},"type":"SetVariable","inputs":{"name":"teams_notification","value":"@first(variables('technicians_array'))['cr536_teams_notification']"}},"Set_variable_13":{"runAfter":{"Set_variable_12":["Succeeded"]},"metadata":{"operationMetadataId":"5ce5e5a3-75ab-44d5-9416-d1aa1c912872"},"type":"SetVariable","inputs":{"name":"technician_email","value":"@{first(variables('technicians_array'))['cr536_email']}"}},"Set_variable_14":{"runAfter":{"Set_variable_13":["Succeeded"]},"metadata":{"operationMetadataId":"92ae35d7-6d9f-4ffe-a899-f9b99c80a354"},"type":"SetVariable","inputs":{"name":"email_notification","value":"@first(variables('technicians_array'))['cr536_email_notification']"}},"Teams_notification_2":{"actions":{"Post_message_in_a_chat_or_channel_2":{"runAfter":{},"metadata":{"operationMetadataId":"915ab7c9-c1e9-4014-b12c-eabf493e03d6"},"type":"OpenApiConnection","inputs":{"host":{"apiId":"/providers/Microsoft.PowerApps/apis/shared_teams","connectionName":"shared_teams","operationId":"PostMessageToConversation"},"parameters":{"poster":"Flow bot","location":"Chat with Flow bot","body/recipient":"@variables('technician_email')","body/messageBody":"<p>📢 Important Password Expiration Notification<br>\n<br>\nDear Technician,<br>\n<br>\nWe would like to inform you that the password for <b>[@{variables('OfferingName')}][@{variables('CustomerName')}] </b> will expire <b>TODAY!</b><br>\n<br>\n📆 Time Remaining: <b>TODAY!</b><br>\n<br>\n💼 Customer: <b>@{variables('CustomerName')}</b><br>\n<br>\n🛠️ Offering:<b> @{variables('OfferingName')}</b><br>\n<br>\nPlease take the necessary steps to update the password as soon as possible to ensure continuous service for the client.<br>\n<br>\nThank you for your dedication!</p>"},"authentication":"@parameters('$authentication')"}}},"runAfter":{"Set_variable_19":["Succeeded"]},"expression":{"equals":["@variables('teams_notification')",true]},"metadata":{"operationMetadataId":"9dff29d0-1d99-4e02-9561-9cbc70126d55"},"type":"If"},"Email_notification_2":{"actions":{"Send_an_email_(V2)_2":{"runAfter":{},"metadata":{"operationMetadataId":"97a425ad-3539-4244-9a86-e93a78be9106"},"type":"OpenApiConnection","inputs":{"host":{"apiId":"/providers/Microsoft.PowerApps/apis/shared_office365","connectionName":"shared_office365","operationId":"SendEmailV2"},"parameters":{"emailMessage/To":"@variables('technician_email')","emailMessage/Subject":"[Automatic reply] Password for [@{variables('OfferingName')}][@{variables('CustomerName')}] will expire soon!","emailMessage/Body":"<p>📢 Important Password Expiration Notification<br>\n<br>\nDear Technician,<br>\n<br>\nWe would like to inform you that the password for <b>[@{variables('OfferingName')}][@{variables('CustomerName')}] </b> will expire <b>TODAY!</b><br>\n<br>\n📆 Time Remaining: <b>TODAY!</b><br>\n<br>\n💼 Customer: <b>@{variables('CustomerName')}</b><br>\n<br>\n🛠️ Offering:<b> @{variables('OfferingName')}</b><br>\n<br>\nPlease take the necessary steps to update the password as soon as possible to ensure continuous service for the client.<br>\n<br>\nThank you for your dedication!</p>","emailMessage/Importance":"Normal"},"authentication":"@parameters('$authentication')"}}},"runAfter":{"Set_variable_19":["Succeeded"]},"expression":{"equals":["@variables('email_notification')",true]},"metadata":{"operationMetadataId":"b092a9df-7f2d-4214-a31b-3c664ae8f427"},"type":"If"},"List_rows_5":{"runAfter":{"List_rows_4":["Succeeded"]},"metadata":{"operationMetadataId":"051442a8-35f8-4ee5-bfee-f1a8e98cee9d"},"type":"OpenApiConnection","inputs":{"host":{"apiId":"/providers/Microsoft.PowerApps/apis/shared_commondataserviceforapps","connectionName":"shared_commondataserviceforapps","operationId":"ListRecords"},"parameters":{"entityName":"cr536_access_customers","$select":"cr536_customerid, cr536_name, cr536_offeringid","$filter":"cr536_customerid eq '@{variables('CustomerID')}'"},"authentication":"@parameters('$authentication')"}},"Set_variable_15":{"runAfter":{"Set_variable_11":["Succeeded"]},"metadata":{"operationMetadataId":"bc9dba19-470e-4a62-9279-fd0adf76859a"},"type":"SetVariable","inputs":{"name":"customers_array","value":"@outputs('List_rows_5')?['body/value']"}},"Set_variable_16":{"runAfter":{"Set_variable_15":["Succeeded"]},"metadata":{"operationMetadataId":"0f39fe6a-432b-4548-9913-478f63af3bf6"},"type":"SetVariable","inputs":{"name":"CustomerName","value":"@{first(variables('customers_array'))['cr536_name']}"}},"Set_variable_17":{"runAfter":{"Set_variable_16":["Succeeded"]},"metadata":{"operationMetadataId":"c9f11417-c0ce-477f-8406-3fe68c65073b"},"type":"SetVariable","inputs":{"name":"OfferingID","value":"@first(variables('customers_array'))['cr536_offeringid']"}},"List_rows_6":{"runAfter":{"Set_variable_14":["Succeeded"]},"metadata":{"operationMetadataId":"8a395fe2-9a11-42ad-9dc6-50a52a7cbe12"},"type":"OpenApiConnection","inputs":{"host":{"apiId":"/providers/Microsoft.PowerApps/apis/shared_commondataserviceforapps","connectionName":"shared_commondataserviceforapps","operationId":"ListRecords"},"parameters":{"entityName":"cr536_access_offeringses","$select":"cr536_offeringid, cr536_name","$filter":"cr536_offeringid eq '@{variables('OfferingID')}'"},"authentication":"@parameters('$authentication')"}},"Set_variable_18":{"runAfter":{"List_rows_6":["Succeeded"]},"metadata":{"operationMetadataId":"97052046-d03b-419e-a6cc-eac7ff214deb"},"type":"SetVariable","inputs":{"name":"offerings_array","value":"@outputs('List_rows_6')?['body/value']"}},"Set_variable_19":{"runAfter":{"Set_variable_18":["Succeeded"]},"metadata":{"operationMetadataId":"b1a1d536-c6b8-43ef-b1ca-740d949f4318"},"type":"SetVariable","inputs":{"name":"OfferingName","value":"@{first(variables('offerings_array'))['cr536_name']}"}},"Set_days_left_variable_3":{"runAfter":{"List_rows_5":["Succeeded"]},"metadata":{"operationMetadataId":"d3533f6c-1029-4313-bc57-d4c7f3715f13"},"type":"SetVariable","inputs":{"name":"days_left","value":"@outputs('Update_a_days_left_row')?['body/cr536_days_left']"}}},"runAfter":{"Set_days_left_variable_5":["Succeeded"]},"expression":{"equals":["@variables('days_left')",0]},"metadata":{"operationMetadataId":"9e52a3f5-f735-4180-943e-2579867fe03f"},"type":"If"},"If_days_left_lt_-1":{"actions":{"List_rows_7":{"runAfter":{},"metadata":{"operationMetadataId":"1c10076b-57d7-4b5d-aefa-96f30b765246"},"type":"OpenApiConnection","inputs":{"host":{"apiId":"/providers/Microsoft.PowerApps/apis/shared_commondataserviceforapps","connectionName":"shared_commondataserviceforapps","operationId":"ListRecords"},"parameters":{"entityName":"cr536_access_technicianses","$select":"cr536_technicianid, cr536_email, cr536_email_notification, cr536_teams_notification","$filter":"cr536_technicianid eq '@{variables('TechnicianID')}'"},"authentication":"@parameters('$authentication')"}},"Set_variable_20":{"runAfter":{"Set_days_left_variable_4":["Succeeded"]},"metadata":{"operationMetadataId":"2e20d80f-6dc6-46de-9119-2e4ffde7b6a0"},"type":"SetVariable","inputs":{"name":"technicians_array","value":"@outputs('List_rows_7')?['body/value']"}},"Set_variable_21":{"runAfter":{"Set_variable_26":["Succeeded"]},"metadata":{"operationMetadataId":"90a73c77-9749-46b9-abef-a035c5d7cc22"},"type":"SetVariable","inputs":{"name":"teams_notification","value":"@first(variables('technicians_array'))['cr536_teams_notification']"}},"Set_variable_22":{"runAfter":{"Set_variable_21":["Succeeded"]},"metadata":{"operationMetadataId":"5ce5e5a3-75ab-44d5-9416-d1aa1c912872"},"type":"SetVariable","inputs":{"name":"technician_email","value":"@{first(variables('technicians_array'))['cr536_email']}"}},"Set_variable_23":{"runAfter":{"Set_variable_22":["Succeeded"]},"metadata":{"operationMetadataId":"92ae35d7-6d9f-4ffe-a899-f9b99c80a354"},"type":"SetVariable","inputs":{"name":"email_notification","value":"@first(variables('technicians_array'))['cr536_email_notification']"}},"Teams_notification_3":{"actions":{"Post_message_in_a_chat_or_channel_3":{"runAfter":{},"metadata":{"operationMetadataId":"915ab7c9-c1e9-4014-b12c-eabf493e03d6"},"type":"OpenApiConnection","inputs":{"host":{"apiId":"/providers/Microsoft.PowerApps/apis/shared_teams","connectionName":"shared_teams","operationId":"PostMessageToConversation"},"parameters":{"poster":"Flow bot","location":"Chat with Flow bot","body/recipient":"@variables('technician_email')","body/messageBody":"<p>📢 Important Password Expiration Notification<br>\n<br>\nDear Technician,<br>\n<br>\nWe would like to inform you that the password for <b>[@{variables('OfferingName')}][@{variables('CustomerName')}]  <font color=\"red\"> has expired!  </font></b><br>\n<br>\n📆 Time Remaining: <b>@{variables('days_left')}</b> days<br>\n<br>\n💼 Customer: <b>@{variables('CustomerName')}</b><br>\n<br>\n🛠️ Offering:<b> @{variables('OfferingName')}</b><br>\n<br>\nPlease take the necessary steps to reset the password as soon as possible to ensure continuous service for the client.<br>\n<br>\nThank you for your dedication!</p>"},"authentication":"@parameters('$authentication')"}}},"runAfter":{"Set_variable_28":["Succeeded"]},"expression":{"equals":["@variables('teams_notification')",true]},"metadata":{"operationMetadataId":"9dff29d0-1d99-4e02-9561-9cbc70126d55"},"type":"If"},"Email_notification_3":{"actions":{"Send_an_email_(V2)_3":{"runAfter":{},"metadata":{"operationMetadataId":"97a425ad-3539-4244-9a86-e93a78be9106"},"type":"OpenApiConnection","inputs":{"host":{"apiId":"/providers/Microsoft.PowerApps/apis/shared_office365","connectionName":"shared_office365","operationId":"SendEmailV2"},"parameters":{"emailMessage/To":"@variables('technician_email')","emailMessage/Subject":"[Automatic reply] Password for [@{variables('OfferingName')}][@{variables('CustomerName')}] has expired!","emailMessage/Body":"<p>📢 Important Password Expiration Notification<br>\n<br>\nDear Technician,<br>\n<br>\nWe would like to inform you that the password for <b>[@{variables('OfferingName')}][@{variables('CustomerName')}] <font color=\"red\"> has expired!  </font></b> <br>\n<br>\n📆 Time Remaining: <b>@{variables('days_left')}</b> days<br>\n<br>\n💼 Customer: <b>@{variables('CustomerName')}</b><br>\n<br>\n🛠️ Offering:<b> @{variables('OfferingName')}</b><br>\n<br>\nPlease take the necessary steps to reset the password as soon as possible to ensure continuous service for the client.<br>\n<br>\nThank you for your dedication!</p>","emailMessage/Importance":"Normal"},"authentication":"@parameters('$authentication')"}}},"runAfter":{"Set_variable_28":["Succeeded"]},"expression":{"equals":["@variables('email_notification')",true]},"metadata":{"operationMetadataId":"b092a9df-7f2d-4214-a31b-3c664ae8f427"},"type":"If"},"List_rows_8":{"runAfter":{"List_rows_7":["Succeeded"]},"metadata":{"operationMetadataId":"78d31ae7-3e8d-4445-bd70-8ee353f7a6bc"},"type":"OpenApiConnection","inputs":{"host":{"apiId":"/providers/Microsoft.PowerApps/apis/shared_commondataserviceforapps","connectionName":"shared_commondataserviceforapps","operationId":"ListRecords"},"parameters":{"entityName":"cr536_access_customers","$select":"cr536_customerid, cr536_name, cr536_offeringid","$filter":"cr536_customerid eq '@{variables('CustomerID')}'"},"authentication":"@parameters('$authentication')"}},"Set_variable_24":{"runAfter":{"Set_variable_20":["Succeeded"]},"metadata":{"operationMetadataId":"4e58d143-7b57-44c1-9bfb-6a42045ff179"},"type":"SetVariable","inputs":{"name":"customers_array","value":"@outputs('List_rows_8')?['body/value']"}},"Set_variable_25":{"runAfter":{"Set_variable_24":["Succeeded"]},"metadata":{"operationMetadataId":"1a272967-72c2-40a2-bdb6-da0a8c26cb97"},"type":"SetVariable","inputs":{"name":"CustomerName","value":"@{first(variables('customers_array'))['cr536_name']}"}},"Set_variable_26":{"runAfter":{"Set_variable_25":["Succeeded"]},"metadata":{"operationMetadataId":"f659f080-1e18-4c41-91ca-12118aca20f6"},"type":"SetVariable","inputs":{"name":"OfferingID","value":"@first(variables('customers_array'))['cr536_offeringid']"}},"List_rows_9":{"runAfter":{"Set_variable_23":["Succeeded"]},"metadata":{"operationMetadataId":"277c4b27-4a1f-45a2-9a9e-f26be2f9c78f"},"type":"OpenApiConnection","inputs":{"host":{"apiId":"/providers/Microsoft.PowerApps/apis/shared_commondataserviceforapps","connectionName":"shared_commondataserviceforapps","operationId":"ListRecords"},"parameters":{"entityName":"cr536_access_offeringses","$select":"cr536_offeringid, cr536_name","$filter":"cr536_offeringid eq '@{variables('OfferingID')}'"},"authentication":"@parameters('$authentication')"}},"Set_variable_27":{"runAfter":{"List_rows_9":["Succeeded"]},"metadata":{"operationMetadataId":"5e31045e-c863-46d7-8bb6-67a381c916f3"},"type":"SetVariable","inputs":{"name":"offerings_array","value":"@outputs('List_rows_9')?['body/value']"}},"Set_variable_28":{"runAfter":{"Set_variable_27":["Succeeded"]},"metadata":{"operationMetadataId":"66bf939e-9fd9-4dcc-ac93-c333f3963c48"},"type":"SetVariable","inputs":{"name":"OfferingName","value":"@{first(variables('offerings_array'))['cr536_name']}"}},"Set_days_left_variable_4":{"runAfter":{"List_rows_8":["Succeeded"]},"metadata":{"operationMetadataId":"d3533f6c-1029-4313-bc57-d4c7f3715f13"},"type":"SetVariable","inputs":{"name":"days_left","value":"@outputs('Update_a_days_left_row')?['body/cr536_days_left']"}}},"runAfter":{"Set_days_left_variable_5":["Succeeded"]},"expression":{"and":[{"lessOrEquals":["@variables('days_left')",-1]},{"greater":["@variables('days_left')",-4]}]},"metadata":{"operationMetadataId":"9e52a3f5-f735-4180-943e-2579867fe03f"},"type":"If"},"Set_days_left_variable_5":{"runAfter":{"Update_a_days_left_row":["Succeeded"]},"metadata":{"operationMetadataId":"d3533f6c-1029-4313-bc57-d4c7f3715f13"},"type":"SetVariable","inputs":{"name":"days_left","value":"@outputs('Update_a_days_left_row')?['body/cr536_days_left']"}}},"runAfter":{"List_Access_Generals_table":["Succeeded"]},"metadata":{"operationMetadataId":"b6f044e3-202a-4154-8af6-e19e70069e04"},"type":"Foreach"},"Initialize_days_left_variable":{"runAfter":{"Initialize_TechnicianID_variable":["Succeeded"]},"metadata":{"operationMetadataId":"0a10b9a5-b113-4109-8cc9-11811af4793c"},"type":"InitializeVariable","inputs":{"variables":[{"name":"days_left","type":"integer"}]}},"Initialize_TechnicianID_variable":{"runAfter":{"Initialize_GeneralID_variable":["Succeeded"]},"metadata":{"operationMetadataId":"7010949c-51ce-4fa4-ba91-e9729cd3e215"},"type":"InitializeVariable","inputs":{"variables":[{"name":"TechnicianID","type":"integer"}]}},"Initialize_email_notification_variable":{"runAfter":{"Initialize_days_left_variable":["Succeeded"]},"metadata":{"operationMetadataId":"4c4cddd1-d71f-41d5-a734-ef0df712ea12"},"type":"InitializeVariable","inputs":{"variables":[{"name":"email_notification","type":"boolean"}]}},"Initialize_teams_notification_variable":{"runAfter":{"Initialize_email_notification_variable":["Succeeded"]},"metadata":{"operationMetadataId":"3aa7400e-fa43-4aeb-83d4-ceb8d6ab0766"},"type":"InitializeVariable","inputs":{"variables":[{"name":"teams_notification","type":"boolean"}]}},"Initialize_technicians_array":{"runAfter":{"Initialize_teams_notification_variable":["Succeeded"]},"metadata":{"operationMetadataId":"a5e571e5-2773-4b4e-a8d2-8c15753375eb"},"type":"InitializeVariable","inputs":{"variables":[{"name":"technicians_array","type":"array"}]}},"Initialize_technician_email_variable":{"runAfter":{"Initialize_technicians_array":["Succeeded"]},"metadata":{"operationMetadataId":"f1664506-f4bd-40fd-8676-dd3ffc12e5f7"},"type":"InitializeVariable","inputs":{"variables":[{"name":"technician_email","type":"string"}]}},"Initialize_CustomerID_variable":{"runAfter":{"Initialize_technician_email_variable":["Succeeded"]},"metadata":{"operationMetadataId":"c728e3ab-3051-403b-967c-90b0e2cb0863"},"type":"InitializeVariable","inputs":{"variables":[{"name":"CustomerID","type":"integer"}]}},"Initialize_CustomerName_variable":{"runAfter":{"Initialize_CustomerID_variable":["Succeeded"]},"metadata":{"operationMetadataId":"3b1131ef-b92b-4d46-b510-a011dab8ab99"},"type":"InitializeVariable","inputs":{"variables":[{"name":"CustomerName","type":"string"}]}},"Initialize_customers_array_variable":{"runAfter":{"Initialize_CustomerName_variable":["Succeeded"]},"metadata":{"operationMetadataId":"807a835b-af4a-4331-99b5-9d139c43657e"},"type":"InitializeVariable","inputs":{"variables":[{"name":"customers_array","type":"array"}]}},"Initialize_OfferingID_variable":{"runAfter":{"Initialize_customers_array_variable":["Succeeded"]},"metadata":{"operationMetadataId":"dba3adee-27ad-461d-960c-f2cf8c861a9e"},"type":"InitializeVariable","inputs":{"variables":[{"name":"OfferingID","type":"integer"}]}},"Initialize__offerings_array_variable":{"runAfter":{"Initialize_OfferingID_variable":["Succeeded"]},"metadata":{"operationMetadataId":"a890ec06-45f6-4085-a92f-617353fcb60b"},"type":"InitializeVariable","inputs":{"variables":[{"name":"offerings_array","type":"array"}]}},"Initialize_OfferingName_variable":{"runAfter":{"Initialize__offerings_array_variable":["Succeeded"]},"metadata":{"operationMetadataId":"528b52e3-f20a-4efe-b33d-85dd1d951ed1"},"type":"InitializeVariable","inputs":{"variables":[{"name":"OfferingName","type":"string"}]}},"Create_access_report":{"actions":{"List_rows_present_in_a_table":{"runAfter":{},"metadata":{"014GGCKUDLMKNCOMKY6BAZ627ANSI5OTCU":"/PolandCenter_DRaaS-Access.xlsx","operationMetadataId":"53e2259c-3549-420b-8b24-057156a4f2e9","tableId":"{4A64CF13-DABE-4783-942D-20649E55B2F0}"},"type":"OpenApiConnection","inputs":{"host":{"apiId":"/providers/Microsoft.PowerApps/apis/shared_excelonlinebusiness","connectionName":"shared_excelonlinebusiness","operationId":"GetItems"},"parameters":{"source":"me","drive":"b!Hkb55U55YkWghh9LP56HjNG_MeejWPVCrzl7LHzofG0hz1GLaxrZQ5lgoC0b7GjP","file":"014GGCKUDLMKNCOMKY6BAZ627ANSI5OTCU","table":"{4A64CF13-DABE-4783-942D-20649E55B2F0}"},"authentication":"@parameters('$authentication')"}},"Cleanup_Excel_table":{"foreach":"@outputs('List_rows_present_in_a_table')?['body/value']","actions":{"Delete_a_row":{"runAfter":{},"metadata":{"014GGCKUDLMKNCOMKY6BAZ627ANSI5OTCU":"/PolandCenter_DRaaS-Access.xlsx","operationMetadataId":"20c9ccd4-59f0-4242-9cce-f3af8904b718","tableId":"{4A64CF13-DABE-4783-942D-20649E55B2F0}"},"type":"OpenApiConnection","inputs":{"host":{"apiId":"/providers/Microsoft.PowerApps/apis/shared_excelonlinebusiness","connectionName":"shared_excelonlinebusiness","operationId":"DeleteItem"},"parameters":{"source":"me","drive":"b!Hkb55U55YkWghh9LP56HjNG_MeejWPVCrzl7LHzofG0hz1GLaxrZQ5lgoC0b7GjP","file":"014GGCKUDLMKNCOMKY6BAZ627ANSI5OTCU","table":"{4A64CF13-DABE-4783-942D-20649E55B2F0}","idColumn":"Name","id":"@items('Cleanup_Excel_table')?['Name']"},"authentication":"@parameters('$authentication')"}}},"runAfter":{"List_rows_present_in_a_table":["Succeeded"]},"metadata":{"operationMetadataId":"f169eb51-61d6-4518-bda1-6b06436fbe92"},"type":"Foreach"},"List_AccessGeneral_rows_":{"runAfter":{"Cleanup_Excel_table":["Succeeded"]},"metadata":{"operationMetadataId":"8e5ded83-4f54-4ef5-9aac-1c1320dbd741"},"type":"OpenApiConnection","inputs":{"host":{"apiId":"/providers/Microsoft.PowerApps/apis/shared_commondataserviceforapps","connectionName":"shared_commondataserviceforapps","operationId":"ListRecords"},"parameters":{"entityName":"cr536_access_generals"},"authentication":"@parameters('$authentication')"}},"Create_Excel_report":{"foreach":"@outputs('List_AccessGeneral_rows_')?['body/value']","actions":{"Set_variable_30":{"runAfter":{},"metadata":{"operationMetadataId":"dcb42008-2aef-4b24-b6b1-e21b11a64269"},"type":"SetVariable","inputs":{"name":"days_left","value":"@items('Create_Excel_report')?['cr536_days_left']"}},"Condition":{"actions":{"Add_a_row_into_a_table":{"runAfter":{},"metadata":{"014GGCKUDLMKNCOMKY6BAZ627ANSI5OTCU":"/PolandCenter_DRaaS-Access.xlsx","operationMetadataId":"9a9c3cb2-8509-4ca1-bcb6-d7a571664b92","tableId":"{4A64CF13-DABE-4783-942D-20649E55B2F0}"},"type":"OpenApiConnection","inputs":{"host":{"apiId":"/providers/Microsoft.PowerApps/apis/shared_excelonlinebusiness","connectionName":"shared_excelonlinebusiness","operationId":"AddRowV2"},"parameters":{"source":"me","drive":"b!Hkb55U55YkWghh9LP56HjNG_MeejWPVCrzl7LHzofG0hz1GLaxrZQ5lgoC0b7GjP","file":"014GGCKUDLMKNCOMKY6BAZ627ANSI5OTCU","table":"{4A64CF13-DABE-4783-942D-20649E55B2F0}","item/Name":"@variables('TechnicianName')","item/Customer":"@variables('CustomerName')","item/Offering":"@variables('OfferingName')","item/Days left":"@variables('days_left')","item/Bench":"@variables('Bench')"},"authentication":"@parameters('$authentication')"}}},"runAfter":{"Set_variable_36":["Succeeded"]},"expression":{"and":[{"less":["@variables('days_left')",5]},{"greater":["@variables('days_left')",-550]}]},"metadata":{"operationMetadataId":"4ea0c7ce-4f0b-4c56-a71e-2d0c65644762"},"type":"If"},"Set_variable_31":{"runAfter":{"List_AccessCustomers_rows_":["Succeeded"]},"metadata":{"operationMetadataId":"24f91da0-a6db-40f3-9fe3-61249853d0d9"},"type":"SetVariable","inputs":{"name":"customers_array","value":"@outputs('List_AccessCustomers_rows_')?['body/value']"}},"Set_variable_32":{"runAfter":{"Set_variable_31":["Succeeded"]},"metadata":{"operationMetadataId":"b4ba862a-fd94-4cc1-ad05-4e2f5963bb1e"},"type":"SetVariable","inputs":{"name":"technicians_array","value":"@outputs('List_rows_10')?['body/value']"}},"Set_variable_33":{"runAfter":{"Set_variable_38":["Succeeded"]},"metadata":{"operationMetadataId":"28be6ad8-06ac-4c10-b28c-b2b9f3c865d9"},"type":"SetVariable","inputs":{"name":"CustomerName","value":"@{first(variables('customers_array'))['cr536_name']}"}},"Set_variable_34":{"runAfter":{"Set_variable_33":["Succeeded"]},"metadata":{"operationMetadataId":"8f706c22-8db7-4f5a-a83d-95b146dc14ed"},"type":"SetVariable","inputs":{"name":"OfferingID","value":"@first(variables('customers_array'))['cr536_offeringid']"}},"Set_variable_35":{"runAfter":{"List_AccessOfferings_rows":["Succeeded"]},"metadata":{"operationMetadataId":"2afd84e7-f8f9-462d-9579-48be16c1261f"},"type":"SetVariable","inputs":{"name":"offerings_array","value":"@outputs('List_AccessOfferings_rows')?['body/value']"}},"Set_variable_36":{"runAfter":{"Set_variable_35":["Succeeded"]},"metadata":{"operationMetadataId":"0f4a0498-b670-411b-b891-76cdfb85116f"},"type":"SetVariable","inputs":{"name":"OfferingName","value":"@{first(variables('offerings_array'))['cr536_name']}"}},"Set_variable_37":{"runAfter":{"Set_variable_32":["Succeeded"]},"metadata":{"operationMetadataId":"a4923ef9-7c0a-45e1-a95a-8b5377cc814c"},"type":"SetVariable","inputs":{"name":"TechnicianName","value":"@{first(variables('technicians_array'))['cr536_name']}"}},"Set_variable_38":{"runAfter":{"Set_variable_37":["Succeeded"]},"metadata":{"operationMetadataId":"610f4d1b-a80c-4d6d-bf24-bba7b23cbf6a"},"type":"SetVariable","inputs":{"name":"Bench","value":"@{first(variables('technicians_array'))['cr536_bench']}"}},"List_rows_10":{"runAfter":{"Set_variable_39":["Succeeded"]},"metadata":{"operationMetadataId":"99550427-9ad9-4dfc-800b-2eb8e8fdcd75"},"type":"OpenApiConnection","inputs":{"host":{"apiId":"/providers/Microsoft.PowerApps/apis/shared_commondataserviceforapps","connectionName":"shared_commondataserviceforapps","operationId":"ListRecords"},"parameters":{"entityName":"cr536_access_technicianses","$select":"cr536_technicianid, cr536_bench, cr536_name","$filter":"cr536_technicianid eq '@{variables('TechnicianID')}'"},"authentication":"@parameters('$authentication')"}},"Set_TechnicianID_variable_2":{"runAfter":{"Set_variable_30":["Succeeded"]},"metadata":{"operationMetadataId":"bd0b2c63-46cd-4c5f-b757-d707fd138d59"},"type":"SetVariable","inputs":{"name":"TechnicianID","value":"@items('Create_Excel_report')?['cr536_technicianid']"}},"List_AccessCustomers_rows_":{"runAfter":{"List_rows_10":["Succeeded"]},"metadata":{"operationMetadataId":"25bef7f9-5af8-4a37-b4da-8ea526d310be"},"type":"OpenApiConnection","inputs":{"host":{"apiId":"/providers/Microsoft.PowerApps/apis/shared_commondataserviceforapps","connectionName":"shared_commondataserviceforapps","operationId":"ListRecords"},"parameters":{"entityName":"cr536_access_customers","$select":"cr536_customerid, cr536_name, cr536_offeringid","$filter":"cr536_customerid eq '@{variables('CustomerID')}'"},"authentication":"@parameters('$authentication')"}},"Set_variable_39":{"runAfter":{"Set_TechnicianID_variable_2":["Succeeded"]},"metadata":{"operationMetadataId":"63c8395a-be6b-40eb-81d8-dc59c7adf930"},"type":"SetVariable","inputs":{"name":"CustomerID","value":"@items('Create_Excel_report')?['cr536_customerid']"}},"List_AccessOfferings_rows":{"runAfter":{"Set_variable_34":["Succeeded"]},"metadata":{"operationMetadataId":"d4d24646-093f-483e-97f8-754da9401c03"},"type":"OpenApiConnection","inputs":{"host":{"apiId":"/providers/Microsoft.PowerApps/apis/shared_commondataserviceforapps","connectionName":"shared_commondataserviceforapps","operationId":"ListRecords"},"parameters":{"entityName":"cr536_access_offeringses","$select":"cr536_offeringid, cr536_name","$filter":"cr536_offeringid eq '@{variables('OfferingID')}'"},"authentication":"@parameters('$authentication')"}}},"runAfter":{"List_AccessGeneral_rows_":["Succeeded"]},"metadata":{"operationMetadataId":"5924c0ee-6c96-436a-9e78-9706532cd874"},"type":"Foreach"}},"runAfter":{"Apply_to_each":["Succeeded"]},"expression":{"or":[{"equals":["@variables('currentDay')","Monday"]},{"equals":["@variables('currentDay')","Tuesday"]},{"equals":["@variables('currentDay')","Wednesday"]},{"equals":["@variables('currentDay')","Thursday"]},{"equals":["@variables('currentDay')","Friday"]}]},"metadata":{"operationMetadataId":"5a194d6c-d4bf-4e1d-a02f-624dc78c7363"},"type":"If"},"Initialize_variable_2":{"runAfter":{"Current_time":["Succeeded"]},"metadata":{"operationMetadataId":"0b7963f9-0c22-42be-a8eb-45a18578e7f8"},"type":"InitializeVariable","inputs":{"variables":[{"name":"currentDay","type":"string"}]}},"Set_variable_29":{"runAfter":{"Set_variable_40":["Succeeded"]},"metadata":{"operationMetadataId":"8dbf721e-7ce7-48fd-a512-774a2cb5333b"},"type":"SetVariable","inputs":{"name":"currentDay","value":"@{formatDateTime(variables('CurrentDay2h'),'dddd')}"}},"Current_time":{"runAfter":{},"metadata":{"operationMetadataId":"5df1c724-596b-4275-9e6d-99b7b5a99f48"},"type":"Expression","kind":"CurrentTime","inputs":{}},"Initialize_TechnicianName_variable_":{"runAfter":{"Initialize_OfferingName_variable":["Succeeded"]},"metadata":{"operationMetadataId":"f4b63863-8edd-4772-9529-b5f669e92e2f"},"type":"InitializeVariable","inputs":{"variables":[{"name":"TechnicianName","type":"string"}]}},"Initialize_variable":{"runAfter":{"Initialize_TechnicianName_variable_":["Succeeded"]},"metadata":{"operationMetadataId":"528b52e3-f20a-4efe-b33d-85dd1d951ed1"},"type":"InitializeVariable","inputs":{"variables":[{"name":"Bench","type":"string"}]}},"Initialize_variable_3":{"runAfter":{"Initialize_variable_2":["Succeeded"]},"metadata":{"operationMetadataId":"8989a409-ef04-4ea0-9445-05956d009f47"},"type":"InitializeVariable","inputs":{"variables":[{"name":"CurrentDay2h","type":"string"}]}},"Set_variable_40":{"runAfter":{"Initialize_variable_3":["Succeeded"]},"metadata":{"operationMetadataId":"69be8c25-fa5d-4bd1-be3f-598a87aa3f47"},"type":"SetVariable","inputs":{"name":"CurrentDay2h","value":"@addHours(body('Current_time'),2)"}}}},"connectionReferences":{"shared_commondataserviceforapps":{"connectionName":"shared-commondataser-4d00410f-77dc-46be-bbf9-00966793116b","source":"Embedded","id":"/providers/Microsoft.PowerApps/apis/shared_commondataserviceforapps","tier":"NotSpecified"},"shared_teams":{"connectionName":"shared-teams-00cf8fc6-bb22-413a-978b-97c8c0c84cea","source":"Embedded","id":"/providers/Microsoft.PowerApps/apis/shared_teams","tier":"NotSpecified"},"shared_office365":{"connectionName":"shared-office365-59654437-01a7-40ec-a68a-41db98429fda","source":"Embedded","id":"/providers/Microsoft.PowerApps/apis/shared_office365","tier":"NotSpecified"},"shared_excelonlinebusiness":{"connectionName":"1128f7e7a9a04beba12e570a8922b2bb","source":"Embedded","id":"/providers/Microsoft.PowerApps/apis/shared_excelonlinebusiness","tier":"NotSpecified"}},"flowFailureAlertSubscribed":false,"isManaged":false}}